event_id,landslide_trigger,landslide_size,fatality_count,admin_division_name,longitude,latitude,event_date,elevation,slope,aspect,ndvi,ndwi,population,soil_type,rainfall_3d,rainfall_7d,rainfall_14d,rainfall_30d,label,point_id,road_distance_m
35.0,rain,medium,2.0,Kashmir,74.91120324,34.09349739,2007-3-12,1964,17.38948134,267.0371473,0.501254499,-0.5101647973,28.87492561,7.0,51.64063072,51.64063072,68.38983154,117.4752132,1,,
37.0,rain,medium,2.0,Kashmir,74.33329928,33.87780176,2007-3-19,2709,29.24790096,303.3154887,0.3556796908,-0.3639537692,0.2586887181,7.0,36.48324966,115.530426,189.7191181,260.8350611,1,,
43.0,downpour,medium,10.0,Kashmir,74.33129715,33.96590022,2007-3-23,3677,34.40571613,94.066242,-0.01003978774,0.002596222097,4.849047184,7.0,40.36266851,115.11622,252.0530791,300.3047345,1,,
73.0,rain,medium,0.0,Kashmir,75.23100105,33.24200083,2007-05-08,691,15.5389891,150.8397375,0.3602558374,-0.3641346097,8.500190735,7.0,0.0,10.64019215,16.6526953,27.91233599,1,,
111.0,downpour,medium,0.0,Kashmir,75.22742039,33.24431511,2007-07-02,836,38.40528794,244.6072866,0.2671207488,-0.2996205688,4.247404099,7.0,2.829915047,22.96715093,22.96715093,35.63453007,1,,
146.0,downpour,medium,0.0,Uttarakhand,78.4390032,30.73299844,2007-7-30,1430,46.24334928,172.7483503,0.6977897882,-0.6812915206,3.239362001,7.0,13.86089802,66.32531643,85.62707615,214.7464564,1,,
149.0,downpour,medium,0.0,Uttarakhand,79.55999891,30.55699773,2007-7-30,1851,15.45995564,297.9201297,0.2906882465,-0.3658302128,3.645549297,7.0,19.37277603,42.84219551,42.84219551,138.9717035,1,,
150.0,downpour,medium,2.0,Uttarakhand,79.34899871,30.4000017,2007-7-30,1342,42.28108622,36.76598701,0.5558273196,-0.5561246276,1.970486283,7.0,5.552551746,62.19361305,62.19361305,189.4041209,1,,
157.0,rain,medium,0.0,Kashmir,75.22569918,33.24509991,2007-08-06,771,37.21035235,215.89363,0.2619942427,-0.2642342746,2.765582323,7.0,5.106586456,15.31975937,15.31975937,100.0557632,1,,
173.0,rain,medium,0.0,Uttarakhand,78.3026974,30.07020212,2007-8-11,468,4.278963277,270.0,0.7357951403,-0.667983532,6.508765697,7.0,30.91347599,53.48510075,155.7184448,324.7158413,1,,
177.0,rain,large,2.0,Himachal Pradesh,77.59139944,32.73340023,2007-8-12,5761,15.48722457,283.5142496,-0.05427479744,0.07759251446,0.001432946301,,1.993797719,1.993797719,1.993797719,1.993797719,1,,
178.0,rain,medium,11.0,Himachal Pradesh,76.26650241,32.09850004,2007-8-12,774,6.604858232,261.9635538,0.2495967448,-0.2734382749,9.025399208,4.0,22.41358757,62.83369446,96.72623634,172.1153717,1,,
234.0,rain,medium,0.0,Kashmir,75.30979782,33.16620058,2007-09-05,946,28.84262459,357.9876943,0.2351304442,-0.2834295034,3.310926437,7.0,5.207120895,11.99086475,45.97051239,119.4482698,1,,
237.0,rain,large,0.0,Uttarakhand,80.21669964,29.5832995,2007-09-06,1579,10.88920522,255.3779454,0.389834851,-0.4269765317,47.18540573,4.0,122.0335236,140.816246,189.1653261,299.037333,1,,
395.0,rain,medium,13.0,Kashmir,76.83271015,34.93977235,2007-12-16,4782,48.88679464,271.6191724,0.00834149681,-0.02784186788,0.008055598475,9.0,2.120476007,4.255450755,7.407230824,11.78144976,1,,
410.0,rain,medium,1.0,Kashmir,75.54640218,33.15169958,2008-01-06,1200,37.04404653,92.45846509,0.3364379704,-0.3857414424,13.68445492,7.0,2.596991062,2.596991062,2.596991062,16.97579241,1,,
416.0,rain,medium,0.0,Kashmir,75.19230051,33.43409891,2008-01-07,1703,35.28768849,61.29253374,0.6032790542,-0.5854474902,4.919126511,7.0,6.05556345,8.759898663,8.759898663,45.11641741,1,,
419.0,rain,medium,0.0,Kashmir,75.24528355,33.23738121,2008-01-09,875,32.85292085,219.0045166,0.1671039462,-0.2202363312,7.944568634,7.0,22.34680796,22.34680796,22.34680796,47.62740898,1,,
428.0,snowfall_snowmelt,medium,0.0,Kashmir,75.2005989,33.25370152,2008-1-16,670,15.28023151,219.6203408,0.268257767,-0.3222849965,,4.0,5.371487141,23.50770283,57.50246906,65.6661129,1,,
443.0,downpour,medium,0.0,Kashmir,75.21320478,33.33280597,2008-02-03,1488,40.78724992,208.1371663,0.2631290257,-0.3296877742,2.500746965,7.0,0.0,3.142256021,3.142256021,100.2395704,1,,
452.0,rain,medium,0.0,Kashmir,75.24199719,33.24180017,2008-2-13,827,36.98310401,257.5873576,0.5795305967,-0.5506577492,8.179836273,7.0,0.0,6.010285378,6.010285378,48.53116274,1,,
481.0,snowfall_snowmelt,medium,25.0,Himachal Pradesh,77.1613013,32.28620144,2008-3-17,2388,41.61113805,165.0067118,0.6511496305,-0.6454626322,0.9140514135,7.0,0.0,5.135344148,5.135344148,12.41198075,1,,
488.0,rain,medium,2.0,Kashmir,77.26650042,34.21900325,2008-3-30,3379,2.166701657,211.1602426,0.05233136192,-0.1507654786,0.391712606,9.0,3.047153711,4.570730567,6.73754108,6.73754108,1,,
492.0,rain,medium,0.0,Kashmir,74.99849906,33.93370105,2008-04-05,1590,0.9274099369,0.0,0.3695057929,-0.3900036812,6.991352081,7.0,9.751368284,16.58445525,22.67378706,29.16781777,1,,
516.0,unknown,medium,12.0,Kashmir,75.74539849,33.14629961,2008-05-01,1278,33.05855199,340.9281215,0.5625329018,-0.5609793067,2.345854759,7.0,1.02122438,1.02122438,1.02122438,21.60353535,1,,
523.0,downpour,medium,0.0,Kashmir,74.98449748,33.95130112,2008-05-05,1596,2.419500107,292.5265818,0.1454045027,-0.1823872328,7.011182785,7.0,4.76798439,10.08704805,13.83456802,59.72661829,1,,
568.0,rain,medium,0.0,Himachal Pradesh,77.19300105,31.20770097,2008-06-03,863,28.00075771,214.7162521,0.7530508041,-0.6975744963,3.027746201,7.0,0.0,0.0,14.74694157,20.26976824,1,,
588.0,rain,medium,0.0,Kashmir,75.09439649,32.56589855,2008-6-15,346,10.8066246,115.0892786,0.5288136601,-0.5209366679,10.48916817,7.0,6.253404617,10.75988388,15.6116147,23.46040547,1,,
592.0,rain,medium,0.0,Himachal Pradesh,77.24659945,32.37120083,2008-6-18,3971,7.51810232,119.382353,-0.007048627827,-0.009127235971,0.08035057783,7.0,4.556630611,6.834945917,10.4067471,15.52103591,1,,
653.0,rain,medium,14.0,Uttarakhand,80.10000051,29.33000027,2008-7-18,1622,12.5004036,48.91766156,0.5293320417,-0.5604258776,5.987045288,4.0,35.49407387,63.62571335,117.0990658,199.9647913,1,,
697.0,rain,medium,0.0,Himachal Pradesh,77.08999582,31.13000113,2008-08-08,1684,27.17915324,203.8991554,0.4905585349,-0.545134306,1.162033677,7.0,15.66091514,21.11376452,47.6853435,102.4543684,1,,
715.0,monsoon,medium,0.0,Himachal Pradesh,77.12000111,31.0000005,2008-8-14,1440,28.02313098,54.69789115,0.5160865188,-0.5601782203,1.206344247,7.0,20.32681847,42.64458179,72.87363386,106.6475425,1,,
717.0,downpour,medium,0.0,Kashmir,74.92769745,33.00000096,2008-8-15,968,24.69231765,189.6668447,0.7623720765,-0.695753336,4.684641361,4.0,0.0,33.18674088,102.8524952,329.2927952,1,,
725.0,rain,medium,0.0,Himachal Pradesh,77.16000371,31.1000003,2008-8-17,1962,14.66807271,171.6944872,0.4812481403,-0.5440385342,175.2233429,4.0,12.4178009,44.6878047,80.3504622,109.0580351,1,,
796.0,downpour,medium,0.0,Himachal Pradesh,77.30000164,30.5599987,2008-9-19,897,6.552460502,9.419649756,0.08641295135,-0.1378223598,13.20971107,4.0,14.12536144,14.12536144,23.17146873,40.915766,1,,
797.0,downpour,large,38.0,Himachal Pradesh,77.16449848,31.1000003,2008-9-19,1883,15.31098475,229.4276441,0.3457968831,-0.374890238,165.8868408,4.0,0.0,0.0,8.12681675,21.40093637,1,,
798.0,downpour,medium,6.0,Himachal Pradesh,78.31500452,31.58700102,2008-9-19,2792,25.42429645,271.9515329,0.6667419672,-0.5648804903,1.124491572,9.0,0.0,0.0,14.60398197,27.63256884,1,,
804.0,rain,medium,0.0,Haryana,77.08000297,30.7000011,2008-9-22,939,31.50843533,79.34754323,0.7077285051,-0.6761023402,1.100900173,7.0,25.57441235,34.09921646,34.09921646,43.75060177,1,,
858.0,downpour,medium,2.0,Kashmir,74.63259861,33.65490021,2008-10-22,3010,44.83693775,186.7391963,0.5252385139,-0.5499731898,1.134512305,7.0,0.0,39.11452866,65.19087982,138.2460451,1,,
940.0,rain,medium,0.0,Kashmir,75.2470003,33.24499735,2008-12-20,1211,10.99181332,274.7807153,0.4374826849,-0.4786918461,2.83843255,7.0,31.20114946,54.6857028,110.6439052,110.6439052,1,,
942.0,unknown,medium,1.0,Himachal Pradesh,77.08899698,30.89500204,2008-12-21,1655,33.45827122,11.52664432,0.56800735,-0.5716911554,12.16016006,7.0,18.62998009,21.73497677,21.73497677,28.89008904,1,,
1072.0,downpour,large,15.0,Uttarakhand,80.20980141,29.58849881,2009-08-08,1640,4.258462806,90.0,0.1159780696,-0.1707836539,19.86385918,4.0,38.90457249,60.72250462,155.3443098,314.8811626,1,,
1097.0,continuous_rain,medium,0.0,Uttarakhand,80.1326991,29.40850274,2009-8-17,1646,20.40510258,87.50594412,0.6778227687,-0.6421214342,1.637311697,7.0,58.94232464,95.85460377,173.5616722,341.9181137,1,,
1130.0,downpour,medium,3.0,Uttarakhand,78.5658022,29.70360159,2009-09-01,432,30.39457556,335.6041124,0.6681839228,-0.5800254941,1.06324017,7.0,0.0,56.58259964,56.58259964,315.0776358,1,,
1134.0,rain,medium,0.0,Himachal Pradesh,77.22339429,32.3510011,2009-09-03,3272,11.93173647,174.7972153,0.2569794953,-0.3721671104,0.4953711331,7.0,27.6710434,47.69182014,47.69182014,112.8987751,1,,
1149.0,downpour,medium,0.0,Himachal Pradesh,76.90010054,31.54940188,2009-09-09,861,1.854334169,0.0,0.5718998313,-0.5425184965,14.07085609,4.0,0.0,28.35188293,220.2834396,323.9469452,1,,
1153.0,downpour,medium,0.0,Himachal Pradesh,78.61669838,31.88329937,2009-9-10,3296,29.40437876,329.5086705,0.09433431923,-0.176762253,0.4603001475,9.0,28.94133067,42.43570209,42.43570209,42.43570209,1,,
1154.0,downpour,medium,0.0,Himachal Pradesh,77.5795962,32.40349809,2009-9-10,4373,4.627367506,0.0,-0.05050310493,0.05299560353,0.002441520104,9.0,5.505983353,11.47355652,41.58548069,48.19197607,1,,
1157.0,downpour,small,0.0,Himachal Pradesh,77.16249634,31.10320193,2009-9-12,2032,30.66779271,144.9795921,0.6926863194,-0.6534693241,186.5897217,7.0,0.0,0.0,258.9176941,378.8428879,1,,
1384.0,downpour,medium,0.0,Kashmir,74.94890048,33.02890039,2010-01-03,1759,41.06800136,330.8249235,0.1665779799,-0.1673519313,4.429538727,4.0,0.0,0.0,8.18110466,29.14419198,1,,
1475.0,downpour,medium,0.0,Kashmir,75.80110158,33.15949855,2010-02-06,1134,35.31251983,295.7339005,0.4143538475,-0.4699385464,1.726761699,7.0,4.874398232,4.874398232,19.89952707,23.52687311,1,,
1487.0,downpour,medium,1.0,Kashmir,74.02249994,34.08760246,2010-02-08,1391,7.844665282,96.74740103,0.6263076067,-0.6303425431,5.314298153,7.0,67.98355007,67.98355007,86.41662765,102.7560549,1,,
1498.0,rain,medium,0.0,Kashmir,74.12130024,34.15100196,2010-2-10,1444,11.20817047,191.3867451,0.3195876181,-0.3312825263,3.060091496,7.0,49.37096024,87.32422543,102.8687086,115.5268714,1,,
1521.0,downpour,medium,2.0,Uttarakhand,78.50939903,30.38299914,2010-2-23,725,7.063613384,229.216866,-0.4088027775,0.7110117674,1.546506643,4.0,0.0,0.0,5.012580395,52.60159338,1,,
1526.0,downpour,medium,2.0,Kashmir,74.94020077,33.00969951,2010-2-26,1386,30.78374342,218.0000553,0.6729179025,-0.6353572011,4.367264271,4.0,4.140175223,4.140175223,4.140175223,79.60019362,1,,
1768.0,downpour,medium,0.0,Kashmir,76.34158922,34.38662978,2010-4-20,3268,22.89124234,232.1634724,0.05893417075,-0.1362586617,0.5433402061,9.0,5.598295629,5.598295629,10.71009678,33.56761688,1,,
1769.0,downpour,medium,0.0,Kashmir,76.34149112,34.38667437,2010-4-20,3260,25.59656578,227.4810804,0.05256199837,-0.1178903803,0.5433402061,9.0,5.598295629,5.598295629,10.71009678,33.56761688,1,,
1871.0,downpour,medium,0.0,Kashmir,75.62329938,34.39509761,2010-5-17,3873,27.97783901,347.1981769,-0.007905383594,0.003964469302,0.2812661231,7.0,15.48680067,49.9033308,87.8384757,132.0182707,1,,
1901.0,downpour,medium,0.0,Kashmir,74.02559456,34.09000146,2010-5-25,1314,16.32661026,27.84663036,0.4909233153,-0.4782005847,11.07407379,7.0,9.77986145,9.77986145,49.26773834,138.4040961,1,,
1908.0,rain,medium,0.0,Kashmir,77.60009914,34.56279994,2010-5-27,3117,0.0,0.0,0.009015653282,-0.03241564706,0.01900626346,9.0,0.0,4.962259769,18.23122597,24.37190104,1,,
1946.0,downpour,medium,0.0,Kashmir,74.02559456,34.09009956,2010-06-05,1314,16.32661026,27.84663036,0.4909233153,-0.4782005847,11.07407379,7.0,133.9133797,133.9133797,160.5367317,255.0224848,1,,
1962.0,downpour,medium,0.0,Himachal Pradesh,77.17235987,31.0990728,2010-06-09,2071,18.68215548,231.5113643,0.4174957573,-0.4690861702,192.4033356,7.0,99.9968605,126.325634,126.325634,126.325634,1,,
2040.0,downpour,medium,0.0,Uttarakhand,78.32969726,30.63800176,2010-07-06,905,41.52803343,273.1434912,0.7361952662,-0.6668501496,5.531934738,4.0,129.7547913,129.7547913,234.0347061,234.0347061,1,,
2041.0,downpour,medium,0.0,Uttarakhand,78.88469481,30.24849928,2010-07-06,929,26.67449429,42.17521758,0.6966044903,-0.6618102193,1.367909908,7.0,64.119133,64.119133,80.59339809,126.0054672,1,,
2046.0,downpour,medium,0.0,Himachal Pradesh,77.24980108,32.3732966,2010-07-07,3948,7.790474485,325.918294,-0.01734160632,0.01384021249,0.08052168041,7.0,0.0,0.0,0.0,42.09329319,1,,
2047.0,downpour,medium,0.0,Himachal Pradesh,78.07199689,32.21900279,2010-07-07,3597,3.413141369,105.7487605,0.1383663118,-0.2440266162,0.3334175944,9.0,9.648777962,9.648777962,9.648777962,44.96586227,1,,
2048.0,downpour,medium,0.0,Himachal Pradesh,76.8529946,32.65980276,2010-07-07,3669,26.18268971,188.9994026,0.2409567237,-0.2719784081,0.05917047709,9.0,0.0,0.0,0.0,0.0,1,,
2049.0,downpour,medium,0.0,Himachal Pradesh,77.95210058,31.50410187,2010-07-07,3587,35.67414292,208.427978,0.2205604166,-0.3695403636,0.06399606913,9.0,81.99653244,81.99653244,129.8859215,177.7753105,1,,
2050.0,downpour,medium,0.0,Himachal Pradesh,78.43540025,31.64500055,2010-07-07,2874,26.04448665,76.59270059,0.1061726436,-0.173951894,0.1329344809,9.0,48.80460262,48.80460262,62.05448246,136.7220483,1,,
2051.0,downpour,medium,0.0,Himachal Pradesh,77.17929824,31.1011017,2010-07-07,2270,22.23075682,283.7471042,0.6114932299,-0.591766119,13.91370201,4.0,199.4525795,199.4525795,227.951932,384.9971759,1,,
2056.0,downpour,medium,0.0,Himachal Pradesh,77.21060113,32.30400217,2010-7-11,3100,17.85532021,197.2938362,0.7626421452,-0.7309815288,0.2567324042,7.0,0.0,0.0,0.0,21.29440594,1,,
2091.0,downpour,medium,0.0,Himachal Pradesh,77.54350423,30.63579896,2010-7-17,1646,30.54266259,322.7124173,0.675943315,-0.6443399787,1.004412651,7.0,13.31385136,100.1839609,340.0127945,451.0935974,1,,
2103.0,downpour,medium,0.0,Uttarakhand,78.61150353,29.98620158,2010-7-20,1025,35.78134233,164.970696,0.619197309,-0.6477811933,0.6931651831,6.0,62.05520248,62.05520248,182.394928,375.1857834,1,,
2104.0,downpour,medium,0.0,Uttarakhand,80.12600153,29.3600011,2010-7-20,1380,22.97868216,74.50059436,0.776843369,-0.676184535,0.6051058173,7.0,37.17757225,63.53882122,146.696681,234.1414452,1,,
2105.0,downpour,medium,1.0,Uttarakhand,79.55190118,29.35759764,2010-7-20,1338,4.248813237,270.0,0.2417061329,-0.3222682178,8.648342133,4.0,56.41221619,72.52999115,170.1840591,285.228817,1,,
2118.0,downpour,medium,1.0,Uttarakhand,75.20300235,33.38930278,2010-7-22,1556,4.434450612,270.0,0.425411731,-0.4825031757,4.850820065,7.0,33.57326794,47.00257492,93.72508717,133.6249461,1,,
2120.0,downpour,medium,0.0,Kashmir,79.66280349,29.60950118,2010-7-22,1489,23.41786317,261.4018728,0.5572407246,-0.5634099245,12.02193928,4.0,26.17913628,69.81102848,127.6648397,268.8060179,1,,
2135.0,downpour,medium,0.0,Himachal Pradesh,76.36409876,32.20670013,2010-7-25,1311,9.162713798,225.3704132,0.681233108,-0.6307144761,4.784786224,7.0,130.9026947,224.6452084,424.3415451,645.7875214,1,,
2136.0,downpour,medium,0.0,Himachal Pradesh,77.09690297,30.90400051,2010-7-25,1445,20.20227443,235.1177418,0.5523190498,-0.5682430863,16.43463516,7.0,120.908041,136.1322489,298.8226318,513.9704247,1,,
2137.0,downpour,medium,0.0,Himachal Pradesh,77.28890294,30.55890176,2010-7-25,883,11.03895424,240.1411004,0.11998564,-0.1533529758,13.84407902,4.0,73.18729401,95.65033913,237.0990496,451.3516874,1,,
2138.0,downpour,medium,0.0,Himachal Pradesh,77.16750391,31.09309761,2010-7-25,1920,26.00028668,195.7419466,0.3452976346,-0.4160844982,10.92442608,4.0,55.29340744,72.73439598,225.7105293,440.7260141,1,,
2139.0,downpour,medium,2.0,Himachal Pradesh,77.17269877,31.10540027,2010-7-25,2199,20.89802234,43.88509068,0.2380951345,-0.3169685304,211.3073883,4.0,55.29340744,72.73439598,225.7105293,440.7260141,1,,
2161.0,downpour,medium,0.0,Uttarakhand,78.45169826,30.74670126,2010-7-29,1174,20.14859954,77.25596783,0.5878775716,-0.5682473183,3.788622618,7.0,81.01282501,188.3612061,304.8350334,564.6824188,1,,
2162.0,downpour,medium,0.0,Uttarakhand,79.3425999,30.40539721,2010-7-29,1052,39.57189005,340.0828408,0.1851444244,-0.1669293493,5.749558449,7.0,34.70096111,91.89253902,165.2205458,292.1910791,1,,
2183.0,downpour,medium,0.0,Himachal Pradesh,77.13249997,31.06550023,2010-7-31,1861,34.96618903,283.3839815,0.6875200868,-0.6465870142,4.531736374,4.0,23.22540283,228.5419922,297.8972168,602.6133499,1,,
2198.0,downpour,medium,0.0,Himachal Pradesh,77.41380236,32.75710035,2010-08-04,4884,9.357350627,207.8559182,-0.01624913886,0.00897213351,0.004040925298,9.0,4.817196369,4.817196369,49.78919649,78.51579142,1,,
2202.0,downpour,medium,5.0,Uttarakhand,79.33509969,30.40679737,2010-08-05,1002,36.81164853,185.7573586,0.5262595415,-0.551515162,5.443369389,7.0,42.44707489,146.5499601,238.4424992,384.2132263,1,,
2206.0,downpour,large,182.0,Kashmir,77.4870966,34.14160218,2010-08-06,3189,8.578389292,164.9707173,0.04218300432,-0.1080051959,2.015679121,9.0,22.50573468,22.50573468,57.96774793,57.96774793,1,,
2207.0,downpour,very_large,234.0,Kashmir,77.6538001,34.14810355,2010-08-06,3758,5.547544895,180.0,0.2696130276,-0.3867883086,0.3138296008,9.0,21.22812819,21.22812819,59.30592132,59.30592132,1,,
2208.0,downpour,large,0.0,Kashmir,77.35040286,34.21160114,2010-08-06,3317,42.60008862,128.0348364,0.07021341473,-0.1675361395,0.1700970978,9.0,27.26562238,27.26562238,92.00396466,92.00396466,1,,
2209.0,downpour,large,0.0,Kashmir,77.51010111,34.20799819,2010-08-06,3784,9.310805061,107.2300002,0.1503277421,-0.2568368316,0.3146003783,9.0,40.31436396,40.31436396,129.5529428,129.5529428,1,,
2210.0,downpour,very_large,0.0,Kashmir,77.55280146,34.1619,2010-08-06,3643,24.20390049,205.7996206,0.05199786276,-0.1431755871,2.726959229,9.0,22.50573468,22.50573468,57.96774793,57.96774793,1,,
2211.0,downpour,large,0.0,Kashmir,77.32650208,34.30609841,2010-08-06,4043,17.25686204,297.9693992,0.07380926609,-0.161248669,0.07077653706,9.0,10.34895313,10.34895313,39.60864246,39.60864246,1,,
2212.0,downpour,large,0.0,Kashmir,77.59709817,34.14820165,2010-08-06,3563,23.36896698,193.0817501,0.04847231135,-0.1275252104,1.67845428,9.0,20.8995862,20.8995862,55.5741353,55.5741353,1,,
2213.0,downpour,large,11.0,Kashmir,77.58740408,34.11140068,2010-08-06,3231,2.780288516,0.0,0.08459471166,-0.1589183807,1.908077121,9.0,10.51183605,10.51183605,29.26150608,29.26150608,1,,
2215.0,downpour,medium,0.0,Himachal Pradesh,77.24680457,32.37100017,2010-08-06,3969,6.812700984,285.7236908,-0.01257071551,0.001471623546,0.08035057783,7.0,38.18976593,53.19855499,116.5109482,167.3694363,1,,
2226.0,downpour,medium,0.0,Uttarakhand,75.76270426,33.33400101,2010-08-09,1612,4.315405751,210.8987702,0.4709663093,-0.5208632946,1.338478923,7.0,18.39157104,47.34637833,87.28025055,175.7567358,1,,
2227.0,downpour,medium,0.0,Uttarakhand,79.53060006,30.64630014,2010-08-09,2051,26.59832339,52.10304352,0.6626967192,-0.6276561618,0.7240485549,7.0,0.0,139.6525059,300.4802055,440.0561943,1,,
2228.0,downpour,medium,0.0,Uttarakhand,78.34750245,30.67849931,2010-08-09,949,37.34443544,150.4387379,0.4083626568,-0.4512135684,2.725782633,7.0,74.19651794,221.3048,405.5191212,713.4983711,1,,
2229.0,downpour,medium,1.0,Kashmir,78.36840225,30.51510001,2010-08-09,826,22.60496643,54.32499906,0.4354598224,-0.44935444,1.703456163,7.0,32.76087952,145.5307913,268.5336199,519.6614141,1,,
2234.0,downpour,medium,0.0,Himachal Pradesh,77.11039621,31.95799823,2010-8-11,1232,1.433324484,130.3124664,0.2284738719,-0.3532932103,8.523755074,7.0,26.92288589,69.50293255,121.281167,364.5905724,1,,
2241.0,rain,medium,0.0,Himachal Pradesh,78.6178622,30.80199857,2010-8-13,1629,33.61723338,166.8925451,0.3268329501,-0.4644767046,1.426962495,7.0,23.53434181,97.49941635,317.0687981,553.6003666,1,,
2242.0,downpour,medium,0.0,Uttarakhand,76.99099932,30.85219913,2010-8-13,1244,13.88824263,97.52384013,0.6463620663,-0.631608367,3.438817501,4.0,101.5877609,152.2045784,271.2577782,584.0680857,1,,
2246.0,downpour,medium,2.0,Himachal Pradesh,77.09580157,30.90120019,2010-8-14,1403,13.24987864,74.03854441,0.8245883584,-0.7480949759,15.70255756,7.0,54.05412674,144.6357307,237.3000164,581.8699007,1,,
2257.0,downpour,medium,0.0,Uttarakhand,79.49709883,30.72840111,2010-8-16,3062,22.18331606,236.2342019,0.5969733596,-0.5772448182,0.2732054591,7.0,41.93262863,41.93262863,195.6033344,419.4196949,1,,
2268.0,downpour,large,18.0,Uttarakhand,79.92610003,30.01339763,2010-8-18,1702,22.29271057,50.82088859,0.5884793401,-0.5991675258,0.8711296916,4.0,49.53808212,49.53808212,166.1098232,421.8959656,1,,
2290.0,downpour,medium,0.0,Uttarakhand,79.02639612,30.65090193,2010-8-20,1985,33.3999714,267.1856377,0.690739572,-0.605661869,0.8234710693,7.0,25.97656441,77.92969322,158.7446423,608.7176676,1,,
2291.0,downpour,medium,0.0,Uttarakhand,78.41509796,30.96599985,2010-8-20,2428,53.53674291,257.5656555,0.5380165577,-0.5846148133,0.4435012341,7.0,68.05470276,99.08674812,238.8609085,659.4188156,1,,
2292.0,downpour,medium,0.0,Uttarakhand,78.61859796,30.81830105,2010-8-20,1609,21.4291082,54.73037792,0.3731324971,-0.4432783127,3.815018892,7.0,54.96814156,73.29085541,138.8658094,495.5630159,1,,
2293.0,downpour,medium,0.0,Uttarakhand,78.64369824,30.7221004,2010-8-20,3286,41.53589445,224.5465511,0.8076699376,-0.784834981,0.09605431557,7.0,72.9920578,87.59046936,184.823245,628.528161,1,,
2294.0,downpour,medium,0.0,Uttarakhand,78.83709837,30.38459996,2010-8-20,2172,6.464860749,0.0,0.2282839864,-0.2983339727,1.600059032,7.0,49.80385208,49.80385208,125.4349241,472.6083431,1,,
2305.0,downpour,medium,0.0,Himachal Pradesh,77.77549788,31.53039719,2010-8-21,1239,22.75803145,295.1171912,0.6832485795,-0.666990459,3.368414402,9.0,34.86203003,57.94271851,141.4433098,425.3040123,1,,
2309.0,downpour,medium,1.0,Haryana,79.67239947,30.42379992,2010-8-22,5056,48.94135458,94.04297313,-0.01838274859,0.02107491158,0.05215783045,7.0,0.0,34.89582443,62.27996826,356.7740126,1,,
2310.0,downpour,medium,0.0,Uttarakhand,77.06659892,30.40839818,2010-8-22,301,0.9274099369,180.0,0.3352390826,-0.3991336226,2.234534979,7.0,54.74129105,144.9550056,308.618763,527.3525467,1,,
2339.0,downpour,medium,0.0,Himachal Pradesh,78.06410428,30.36499775,2010-8-26,776,3.715081822,299.9081624,0.2705649734,-0.2951335609,40.63285065,7.0,151.5863342,288.670208,456.7250366,908.7821026,1,,
2340.0,downpour,medium,0.0,Uttarakhand,75.95680447,32.70289998,2010-8-26,1995,41.19582198,98.50819676,0.5749408603,-0.582418263,0.9323754311,4.0,53.69686508,190.2952671,242.7068033,489.8734941,1,,
2378.0,downpour,medium,0.0,Uttarakhand,78.38960082,30.13500178,2010-09-03,373,5.653069406,49.14527804,0.1852749884,-0.2351841629,2.148894072,7.0,114.9809418,181.2312622,317.5858154,529.2033834,1,,
2379.0,downpour,medium,0.0,Uttarakhand,78.98290205,30.28509958,2010-09-03,651,9.255536064,6.605659996,0.3181288242,-0.3489864469,11.22694588,7.0,28.03042412,87.89925575,137.8489437,234.0775928,1,,
2380.0,downpour,medium,0.0,Uttarakhand,79.02780074,30.40079987,2010-09-03,1023,25.25389797,84.09088379,0.5519143939,-0.5620706677,6.161543369,7.0,59.39830971,97.56360435,97.56360435,239.7300205,1,,
2389.0,downpour,medium,0.0,Uttarakhand,79.38880064,30.50039836,2010-09-04,2139,35.8992531,317.5599382,0.8103574514,-0.7399909496,0.1093022674,7.0,63.93435669,142.7378616,142.7378616,276.2588253,1,,
2390.0,downpour,medium,0.0,Uttarakhand,78.62299909,30.79600108,2010-09-04,1876,15.70278673,290.2107617,0.8106402755,-0.756100297,0.6362124085,7.0,63.57370377,63.57370377,165.2002945,413.2636833,1,,
2391.0,downpour,medium,0.0,Uttarakhand,78.33989522,30.89869864,2010-09-04,1904,47.53350399,353.0579624,0.6056842208,-0.519048214,0.6193025112,7.0,48.57941818,171.3261986,287.2663002,526.2212315,1,,
2397.0,downpour,medium,0.0,Himachal Pradesh,77.14949806,32.0987007,2010-09-06,1591,6.35235079,316.6391424,0.7059754729,-0.6737300754,6.538250446,7.0,29.2250061,78.70459938,90.27171135,250.1519613,1,,
2414.0,downpour,medium,0.0,Haryana,76.98439985,30.70590049,2010-9-11,767,10.81530079,99.75715848,0.7003381252,-0.6677684188,1.015586615,4.0,41.5909462,122.0871086,218.5127163,392.7038517,1,,
2416.0,downpour,medium,0.0,Uttarakhand,78.4403008,30.7332972,2010-9-12,1466,40.43180914,188.9008229,0.7215046287,-0.7081902623,3.412759781,7.0,97.34723663,220.8124084,473.481781,690.9680786,1,,
2427.0,downpour,medium,0.0,Himachal Pradesh,77.21949703,32.3109004,2010-9-13,3388,30.77665927,324.6281399,0.2329277992,-0.124714382,0.3251068294,7.0,0.0,0.0,40.31135559,105.6395054,1,,
2432.0,downpour,medium,0.0,Himachal Pradesh,77.89499733,31.41350186,2010-9-15,3838,54.05620551,3.942947457,0.08070467412,-0.05270779133,0.5605778098,7.0,0.0,53.83430862,96.07678604,139.6307068,1,,
2440.0,downpour,very_large,0.0,Uttarakhand,79.49970295,30.75402311,2010-9-17,3145,15.05209603,302.8029453,0.2009920925,-0.3027369976,0.3945244253,7.0,0.0,0.0,0.0,130.2344398,1,,
2443.0,downpour,medium,4.0,Uttarakhand,79.53430111,29.60419931,2010-9-18,1788,2.977266995,20.97583263,0.3448160887,-0.3976206481,0.78481251,7.0,20.71163559,82.84654236,145.5092468,326.3261375,1,,
2444.0,downpour,medium,0.0,Uttarakhand,79.53710143,29.24839872,2010-9-18,490,2.318273359,113.5694255,0.2684737742,-0.2904735804,31.32933044,4.0,0.0,107.319252,201.7800426,495.9968004,1,,
2445.0,downpour,large,24.0,Uttarakhand,78.60069912,30.1454004,2010-9-18,487,23.04392255,197.9414965,0.1162502617,-0.196162641,5.165060043,4.0,0.0,83.72859192,193.0165291,476.408287,1,,
2452.0,downpour,medium,0.0,Himachal Pradesh,77.91369434,30.1977012,2010-9-19,520,13.78394463,142.3554823,0.4736284018,-0.4949663281,1.356271982,7.0,0.0,63.6578331,280.7013206,682.2265387,1,,
2453.0,downpour,medium,0.0,Himachal Pradesh,79.49400422,29.61309967,2010-9-19,1715,25.08656575,61.04673111,0.6546405554,-0.6343286037,1.246611357,4.0,106.547905,200.7879505,260.3693218,471.3409481,1,,
2454.0,downpour,medium,0.0,Himachal Pradesh,79.53220533,30.9012983,2010-9-19,5775,56.63517381,78.93788481,-0.01032712124,0.00447165966,0.009726488031,9.0,205.1586304,205.1586304,205.1586304,225.2926064,1,,
2455.0,downpour,medium,0.0,Himachal Pradesh,78.42649988,30.10349823,2010-9-19,700,38.51200581,159.3472226,0.7361784577,-0.697729528,0.6400857568,7.0,0.0,69.0749588,248.9986229,662.4018898,1,,
2456.0,downpour,medium,0.0,Himachal Pradesh,79.43559891,30.79910016,2010-9-19,4148,28.99648388,242.1392808,0.07675480843,-0.1180295572,0.04658617452,7.0,132.125946,172.1079445,172.1079445,263.8390007,1,,
2457.0,downpour,medium,0.0,Himachal Pradesh,77.97959986,31.56299768,2010-9-19,1558,50.36384988,11.80493649,0.513256371,-0.510989964,2.952478647,9.0,0.0,0.0,79.35762024,149.8586273,1,,
2458.0,downpour,medium,0.0,Himachal Pradesh,78.77559844,30.90149895,2010-9-19,5200,45.33488013,237.0444803,0.00434732344,-0.02839704603,0.03064219654,,30.76639366,30.76639366,147.9039974,327.8283749,1,,
2459.0,downpour,medium,0.0,Himachal Pradesh,79.32109811,29.5477025,2010-9-19,855,27.03853352,10.50353957,0.6970508099,-0.6444275975,1.546770334,7.0,93.40499115,184.5499573,276.2050896,598.3774815,1,,
2460.0,downpour,medium,0.0,Himachal Pradesh,77.18890314,31.98430246,2010-9-19,2288,39.13570116,206.4637038,0.3647501767,-0.5094447732,1.088352799,7.0,0.0,0.0,0.0,72.34842587,1,,
2461.0,downpour,medium,1.0,Himachal Pradesh,78.21140177,31.45819988,2010-9-19,3044,23.57982655,270.0,0.7461182475,-0.6271293759,0.1858427078,7.0,0.0,0.0,47.2699852,94.60771561,1,,
2462.0,downpour,medium,0.0,Himachal Pradesh,77.11029811,30.90859784,2010-9-19,1572,20.54193677,30.23187562,0.2284118235,-0.2870797515,21.39668655,7.0,0.0,0.0,184.7977753,373.8773346,1,,
2463.0,downpour,medium,0.0,Uttarakhand,77.50920037,31.11909863,2010-9-19,1561,31.23109563,171.0298313,0.3471467495,-0.4857852161,12.04228973,7.0,0.0,0.0,159.6561241,288.6104889,1,,
2464.0,downpour,medium,0.0,Uttarakhand,77.50630195,30.95439727,2010-9-19,2582,14.62360416,60.24263263,0.7640387416,-0.7053191662,0.09287475049,7.0,0.0,0.0,117.2547989,339.921669,1,,
2465.0,downpour,medium,0.0,Uttarakhand,77.41530062,31.41610151,2010-9-19,1905,21.5682277,19.62765597,0.6081221104,-0.6078552604,1.593971491,7.0,0.0,0.0,97.30905914,251.2618752,1,,
2466.0,downpour,medium,0.0,Uttarakhand,76.95760511,30.87409778,2010-9-19,1279,32.78090217,301.8619825,0.6760706306,-0.6456352472,3.555619955,7.0,0.0,0.0,231.1728516,438.1253929,1,,
2467.0,downpour,medium,0.0,Uttarakhand,77.16950159,30.71979951,2010-9-19,1130,14.26413437,162.7664126,0.5632189512,-0.5919377804,2.185264587,4.0,0.0,0.0,189.0493793,305.2257595,1,,
2468.0,downpour,medium,0.0,Uttarakhand,77.09649719,30.90350109,2010-9-19,1417,25.60669917,222.0055793,0.3529107571,-0.4517424107,15.31701374,7.0,0.0,0.0,184.7977753,373.8773346,1,,
2469.0,downpour,medium,0.0,Uttarakhand,77.46679878,30.90090144,2010-9-19,2470,30.79169209,333.6911982,0.7702658176,-0.7146072984,0.1364288628,9.0,0.0,0.0,179.9736023,407.3363228,1,,
2470.0,downpour,medium,2.0,Uttarakhand,78.07669678,30.43260218,2010-9-19,1419,23.7174283,280.6163347,0.775908649,-0.6858395338,4.422263622,4.0,0.0,31.51133156,337.1960773,1042.533846,1,,
2471.0,downpour,medium,0.0,Uttarakhand,80.05800023,29.79109807,2010-9-19,1447,20.83556961,303.570014,0.6539787054,-0.6211277843,1.498232961,7.0,125.9339294,180.581955,243.1776352,460.5048885,1,,
2475.0,downpour,medium,0.0,Himachal Pradesh,77.71550068,31.15809792,2010-9-20,1758,28.25178309,129.2435251,0.3681628704,-0.490455538,2.688562632,7.0,0.0,0.0,118.3195648,194.1976128,1,,
2476.0,downpour,medium,0.0,Himachal Pradesh,79.48410055,29.39870164,2010-9-20,2280,25.9851585,97.63412455,0.6374804378,-0.6358461976,1.871601582,4.0,150.028183,236.361084,387.9194107,758.979187,1,,
2478.0,downpour,medium,0.0,Himachal Pradesh,78.44010014,30.7331991,2010-9-20,1441,40.92137892,166.1741737,0.6841931343,-0.6736787558,3.412759781,7.0,0.0,0.0,220.8124084,592.6343307,1,,
2479.0,downpour,medium,0.0,Uttarakhand,78.28440171,31.56990037,2010-9-20,2306,37.39049741,304.8800395,0.4864910245,-0.4538727701,0.2737004757,9.0,0.0,0.0,33.52494431,80.63847351,1,,
2480.0,downpour,medium,0.0,Uttarakhand,77.11789641,31.94400111,2010-9-20,1347,24.19836748,257.517993,0.6202546358,-0.6266616583,7.895431042,7.0,0.0,0.0,0.0,98.80586529,1,,
2488.0,downpour,medium,0.0,Himachal Pradesh,77.10379674,31.02149782,2010-9-22,1692,35.40542762,79.50261228,0.4193332493,-0.4451057315,1.205998778,7.0,41.99423599,41.99423599,237.5809135,433.9937344,1,,
2492.0,downpour,medium,0.0,Kashmir,75.17707268,33.27139969,2010-9-23,1146,48.42106878,274.943262,0.4080142081,-0.3762352169,1.690073729,7.0,35.87011337,35.87011337,63.82519531,169.234437,1,,
2502.0,downpour,medium,0.0,Kashmir,75.23819804,33.241002,2010-9-25,732,13.16746415,194.3705668,0.07947633415,-0.1520219445,7.494973183,7.0,41.65919876,41.65919876,68.95125961,133.1071472,1,,
2538.0,continuous_rain,medium,0.0,Himachal Pradesh,76.81799957,30.91410037,2010-10-03,428,3.858420848,196.2458869,0.2557286322,-0.3679535091,6.164227962,4.0,0.0,0.0,145.5928116,392.3217239,1,,
2546.0,downpour,medium,0.0,Himachal Pradesh,77.17920014,30.95459793,2010-10-04,1864,37.99735984,335.746962,0.7848115563,-0.7054610252,0.8180151582,4.0,0.0,0.0,153.0225563,363.6668129,1,,
2594.0,downpour,medium,0.0,Kashmir,75.80619833,33.18470139,2010-10-12,982,20.46378495,260.0075208,0.1953109205,-0.2667244971,2.024087906,7.0,0.0,0.0,0.0,64.37195587,1,,
2596.0,rain,medium,0.0,Himachal Pradesh,78.26190108,31.51580255,2010-10-14,1899,44.2982923,344.1908325,0.1760299653,-0.1657132953,1.991736054,7.0,0.0,0.0,0.0,107.8801193,1,,
2645.0,downpour,medium,3.0,Kashmir,74.02269614,34.0886994,2010-10-21,1394,21.00040183,104.656186,0.5540015697,-0.5834013224,5.447740078,7.0,0.0,0.0,0.0,36.93595314,1,,
2648.0,downpour,medium,1.0,Kashmir,74.9396969,33.01069834,2010-10-22,1428,36.33100897,231.9509379,0.4359036684,-0.3814508915,4.009647846,4.0,8.496903419,8.496903419,8.496903419,54.48717594,1,,
3097.0,downpour,medium,0.0,Kashmir,75.17240846,33.35406696,2011-02-07,1297,33.88209581,231.1884038,0.2734926343,-0.3085698187,6.742837906,7.0,38.00735474,41.82832909,52.48942947,97.50302076,1,,
3113.0,rain,medium,0.0,Kashmir,74.1872013,33.57699972,2011-2-13,1382,13.59905198,242.0682496,0.4079357386,-0.517320931,2.389714479,7.0,24.62093258,42.11546421,53.42428517,80.79491544,1,,
3114.0,snowfall_snowmelt,medium,0.0,Kashmir,75.81009558,33.18040281,2011-2-13,1161,28.2818086,256.0724562,0.3622827232,-0.4378650486,2.085791588,7.0,16.1846137,40.05245304,46.02542019,65.82267809,1,,
3115.0,snowfall_snowmelt,medium,0.0,Kashmir,75.18270007,33.30370142,2011-2-13,1124,12.61528019,322.714083,0.09991171956,-0.1288724989,3.644085169,7.0,17.68161964,65.46159554,80.74549294,136.4201846,1,,
3116.0,downpour,medium,0.0,Kashmir,75.19210431,33.33875887,2011-2-13,1226,30.93305007,255.9297262,0.1308038384,-0.1807055473,3.265741348,9.0,16.17850113,59.32392502,73.55359554,129.2484045,1,,
3117.0,downpour,medium,0.0,Kashmir,74.94370117,33.01649963,2011-2-13,1857,24.89412193,131.5119165,0.4474021196,-0.5316861272,2.824498653,4.0,17.62021065,37.67281818,45.91501331,63.3970499,1,,
3127.0,downpour,medium,0.0,Kashmir,75.1773982,33.33079937,2011-2-16,1826,33.67652894,341.3463949,0.6383569837,-0.5389217734,2.34163928,7.0,29.46936607,47.15098572,110.214859,120.8759594,1,,
3128.0,downpour,medium,0.0,Kashmir,75.24400379,33.2608985,2011-2-16,1486,37.06801347,160.5397229,0.4653445184,-0.5026519299,2.219468355,7.0,19.67120361,31.47392559,68.55622005,80.00279522,1,,
3141.0,downpour,medium,0.0,Uttarakhand,79.22930306,30.47490122,2011-2-23,2901,46.34326511,149.879965,0.6036303639,-0.6390901804,0.6495862007,7.0,12.45854664,62.29273319,99.3260603,115.0282996,1,,
3143.0,downpour,medium,0.0,Kashmir,75.17720199,33.33070127,2011-2-24,1818,35.3648323,335.8281836,0.6609356999,-0.5480628014,2.34163928,7.0,10.27474093,21.37823725,72.2303884,145.9553621,1,,
3146.0,continuous_rain,medium,0.0,Himachal Pradesh,77.1783975,32.23379809,2011-2-25,2144,27.63808829,171.5939514,0.747759223,-0.6878085136,1.335586905,7.0,12.22186208,23.75917363,55.39996266,100.7300825,1,,
3159.0,downpour,medium,0.0,Kashmir,75.19190365,33.24769957,2011-03-01,907,23.12569606,85.65228358,0.6159223914,-0.5988457799,1.848232388,7.0,7.230464458,27.1909523,48.63094521,148.2249393,1,,
3171.0,downpour,medium,1.0,Kashmir,75.66950013,33.22569836,2011-03-03,2061,51.16718301,94.48415777,0.1954644471,-0.2608699501,1.153481483,9.0,17.8101697,21.40667844,46.06009674,112.7412382,1,,
3174.0,downpour,medium,0.0,Himachal Pradesh,77.15859909,32.09960144,2011-03-05,1704,24.63697341,270.0,0.5487815738,-0.5381862521,4.010556698,7.0,21.85381126,40.7147522,73.18768501,153.5376098,1,,
3250.0,downpour,medium,0.0,Kashmir,75.17730009,33.33079937,2011-3-19,1826,33.67652894,341.3463949,0.6383569837,-0.5389217734,2.34163928,7.0,7.042335987,7.042335987,7.042335987,77.52180147,1,,
3251.0,downpour,medium,0.0,Kashmir,75.19168961,33.33903087,2011-3-19,1206,33.70160934,229.0561836,0.122388266,-0.1570150703,3.284401655,7.0,0.0,0.0,0.0,75.15981698,1,,
3252.0,downpour,medium,0.0,Kashmir,75.16110018,33.24660263,2011-3-19,1282,33.98136112,257.5172394,0.6737033725,-0.6118978262,1.113158822,7.0,0.0,0.0,0.0,68.54385591,1,,
3342.0,downpour,medium,0.0,Kashmir,74.34449609,34.21009843,2011-04-06,1582,5.137631836,25.81248716,0.3154126406,-0.3067502677,28.19516563,7.0,16.16827297,18.86298513,40.39658117,61.5539465,1,,
3373.0,downpour,medium,0.0,Kashmir,75.19989882,33.3644968,2011-4-17,1862,31.30457286,252.9735218,0.595557034,-0.5751124024,2.860817909,7.0,14.53451204,32.61303949,63.96314907,113.1866465,1,,
3374.0,downpour,medium,5.0,Kashmir,74.27179936,34.18020015,2011-4-17,1588,4.475440296,270.0,0.2801243961,-0.2765185833,5.611274242,7.0,33.11439323,54.60515881,80.49219728,124.4460931,1,,
3375.0,downpour,medium,1.0,Kashmir,75.88860252,33.25989967,2011-4-17,2951,16.59701496,139.4955786,0.3739067018,-0.4873530865,0.4150267243,7.0,9.887409925,17.38199377,30.03976679,51.31467044,1,,
3376.0,downpour,medium,0.0,Kashmir,75.55259588,33.14880116,2011-4-17,1039,31.95231134,196.1999321,0.5958896279,-0.5919750929,12.48243237,7.0,20.68896627,34.98967123,53.6880796,82.16570973,1,,
3380.0,downpour,medium,0.0,Kashmir,74.90350237,33.58079887,2011-4-19,2222,16.54949829,11.31293491,0.3793507218,-0.4358544946,1.270153165,7.0,47.03796387,76.64426041,115.4231987,180.1524358,1,,
3558.0,rain,medium,0.0,Uttarakhand,78.32759702,30.92060174,2011-5-31,2446,33.6445421,134.8603926,0.3138478994,-0.4511843622,0.5179786682,7.0,0.0,100.651123,274.2578888,337.94944,1,,
3559.0,rain,medium,1.0,Uttarakhand,78.27410119,30.47829905,2011-5-31,2258,22.85378009,147.6698997,0.8156708479,-0.7466722131,0.9056364298,4.0,39.9475708,48.30232048,75.30394554,82.6150136,1,,
3577.0,downpour,medium,0.0,Uttarakhand,79.35410438,30.5319019,2011-06-07,2663,44.80749803,67.98625583,0.622795105,-0.6153728366,0.06479022652,7.0,0.0,0.0,99.82294464,195.7348261,1,,
3578.0,downpour,medium,0.0,Uttarakhand,78.90799807,30.24140039,2011-06-07,766,34.3723316,6.290919032,0.7244662642,-0.6567722559,7.351329803,7.0,0.0,0.0,32.49501038,82.2128849,1,,
3579.0,downpour,medium,4.0,Kashmir,75.43250337,33.12890019,2011-06-08,825,32.58926896,344.2082638,-0.198129639,0.2465938926,,7.0,0.0,0.0,9.792498589,54.37255096,1,,
3581.0,downpour,medium,1.0,Kashmir,75.32779476,33.16170134,2011-06-09,724,10.98168067,265.214753,0.004336529877,0.03159244731,5.766898155,7.0,7.417754173,7.417754173,7.417754173,55.93824387,1,,
3611.0,downpour,medium,0.0,Himachal Pradesh,77.24659945,32.37089761,2011-6-14,3969,2.87241577,130.1844557,-0.01274421811,-0.003344408935,0.08035057783,7.0,0.0,0.0,14.59740829,47.92115617,1,,
3618.0,downpour,medium,0.0,Himachal Pradesh,77.97979606,31.56389842,2011-6-17,1459,11.44440862,343.6479107,0.05093086883,-0.07436912507,2.649579525,9.0,0.0,43.09530258,43.09530258,118.8703566,1,,
3666.0,continuous_rain,medium,0.0,Himachal Pradesh,77.21469904,32.43180001,2011-6-29,3576,54.04319462,241.2204285,0.1971409321,-0.2824315727,0.07406000048,7.0,17.11097288,17.11097288,22.47244167,37.94917774,1,,
3667.0,continuous_rain,medium,0.0,Himachal Pradesh,77.18979496,32.22819745,2011-6-29,1815,10.4255132,290.6046888,0.07600524276,-0.1099117771,3.146330833,7.0,0.0,41.76119614,41.76119614,83.32933426,1,,
3668.0,downpour,medium,0.0,Uttarakhand,79.92980108,29.60699962,2011-6-29,1728,25.94369193,84.27128668,0.55669415,-0.5756903291,1.13683784,4.0,0.0,249.2575607,249.2575607,249.2575607,1,,
3669.0,downpour,medium,0.0,Uttarakhand,78.79630205,30.76659777,2011-6-29,3842,34.22147402,1.587226192,0.06779840589,-0.07976265252,0.1147781909,7.0,0.0,351.0825195,351.0825195,351.0825195,1,,
3670.0,downpour,large,10.0,Uttarakhand,79.04191825,30.67629652,2011-6-29,2514,32.31618886,147.6169942,0.4973144829,-0.5740426779,0.4358450472,7.0,0.0,317.8883667,317.8883667,317.8883667,1,,
3671.0,downpour,medium,0.0,Uttarakhand,78.22425289,30.81507266,2011-6-29,1359,21.42865744,305.2705595,0.4446889758,-0.4934687912,4.751493931,7.0,0.0,71.43713379,118.5903473,150.2799664,1,,
3673.0,downpour,medium,0.0,Uttarakhand,78.89959713,30.24160105,2011-6-29,657,36.02087542,34.53811498,0.07498855889,-0.1027510166,4.450227737,7.0,0.0,0.0,79.96993256,145.578186,1,,
3674.0,downpour,medium,0.0,Uttarakhand,79.01930169,30.06670173,2011-6-29,2187,21.8057355,232.633698,0.7714608908,-0.7287510633,0.4608445168,6.0,56.45711327,114.7727776,165.9478807,240.0245876,1,,
3678.0,downpour,medium,0.0,Uttarakhand,78.77529968,30.14999774,2011-6-30,1606,22.48509683,71.7673601,0.174711138,-0.2160116136,11.74853897,7.0,65.07862854,132.0180893,132.0180893,182.7453918,1,,
3707.0,rain,medium,0.0,Kashmir,75.49600097,34.16009853,2011-07-03,3755,17.08645629,333.5442714,-0.02035990544,0.01324358396,0.0907510519,9.0,0.0,0.0,0.0,43.69727898,1,,
3708.0,downpour,medium,0.0,Kashmir,76.82599474,34.14910238,2011-07-03,4232,48.09691923,241.3564612,0.03481408209,-0.0830834955,0.007243947592,7.0,0.0,4.857241631,4.857241631,4.857241631,1,,
3737.0,downpour,medium,0.0,Uttarakhand,78.03190065,30.32140112,2011-07-06,656,2.780288516,180.0,0.1629711688,-0.2060895413,135.0169678,7.0,0.0,44.53027725,167.8983231,208.2668991,1,,
3745.0,rain,medium,0.0,Himachal Pradesh,77.02059883,30.9209005,2011-07-08,1288,14.2359606,255.2133721,0.5905809999,-0.6231375337,3.33001852,7.0,44.20800781,44.20800781,173.6867847,275.0299511,1,,
3746.0,rain,medium,0.0,Himachal Pradesh,79.5192026,30.65090193,2011-07-08,2238,9.255989856,6.630298258,0.3396884203,-0.451410383,0.6697667241,7.0,0.0,0.0,0.0,251.9232483,1,,
3747.0,downpour,medium,0.0,Uttarakhand,77.19349601,32.32369802,2011-07-08,2576,26.70568532,241.1402228,0.41987288,-0.4744795561,0.5326458216,7.0,0.0,0.0,42.50687313,54.80346251,1,,
3749.0,downpour,medium,0.0,Uttarakhand,79.49289836,30.74119873,2011-07-09,3082,7.420540322,240.1877017,0.1075536981,-0.1856090128,1.756956935,7.0,0.0,0.0,89.20435286,201.625453,1,,
3750.0,downpour,medium,0.0,Uttarakhand,78.59249884,30.76519761,2011-07-09,1411,12.0434971,127.3724318,0.3892320991,-0.4240551293,1.347882867,7.0,0.0,0.0,74.88121223,165.9964671,1,,
3751.0,downpour,medium,0.0,Uttarakhand,79.0684945,30.733101,2011-07-09,3524,13.39286086,232.2743985,0.05775915459,-0.1062984318,3.526844978,7.0,0.0,0.0,0.0,394.7466736,1,,
3752.0,downpour,medium,0.0,Uttarakhand,78.41290408,31.01880007,2011-07-09,3275,56.54331983,150.0481878,0.5882052183,-0.6129357219,0.1464492977,7.0,0.0,0.0,100.674736,372.4391975,1,,
3756.0,downpour,medium,0.0,Himachal Pradesh,76.93299979,31.7098983,2011-7-10,771,3.754743966,119.5596511,0.07446029782,-0.133326456,49.71761703,4.0,0.0,0.0,193.5375328,312.2671604,1,,
3757.0,downpour,medium,0.0,Uttarakhand,78.43990394,30.7332972,2011-7-10,1457,33.95036582,170.3378907,0.8232832551,-0.7397129536,3.412759781,7.0,0.0,0.0,0.0,193.713974,1,,
3759.0,downpour,medium,0.0,Uttarakhand,79.11270203,30.50599899,2011-7-11,1974,5.674579787,109.0154881,0.5684533715,-0.6125899553,1.447188973,7.0,0.0,0.0,0.0,156.1500549,1,,
3763.0,downpour,small,0.0,Himachal Pradesh,77.1779828,31.10587739,2011-7-12,2210,36.52567911,314.3783046,0.5186998248,-0.4883624911,189.899353,4.0,43.48726654,86.97453308,133.3490791,311.8647442,1,,
3777.0,downpour,medium,1.0,Himachal Pradesh,77.21810133,32.34909706,2011-7-15,3328,4.303522746,130.1912235,0.005604447797,-0.05345736071,0.739708066,7.0,0.0,0.0,0.0,36.30624485,1,,
3807.0,rain,medium,3.0,Kashmir,76.04119741,33.69170118,2011-7-19,4895,19.03020895,9.742469247,-0.05614285916,0.065651007,0.006020294968,,0.0,24.40441132,24.40441132,24.40441132,1,,
3819.0,rain,medium,1.0,Uttarakhand,79.33180441,30.40430027,2011-7-21,1066,24.41674583,321.6723148,0.658669889,-0.6276391745,6.724357128,7.0,84.85933685,84.85933685,214.4875679,346.0676613,1,,
3820.0,rain,medium,1.0,Uttarakhand,78.11229824,30.16650087,2011-7-21,465,1.417839902,310.8457011,0.5130178928,-0.4862474203,9.50399971,7.0,152.8312988,267.704483,384.0150146,540.2711716,1,,
3821.0,rain,medium,1.0,Uttarakhand,79.63670437,29.73340176,2011-7-21,1579,31.08826648,152.3696086,0.4651004076,-0.5267886519,1.223187447,7.0,65.67474365,65.67474365,152.3209953,365.8624496,1,,
3839.0,downpour,medium,0.0,Himachal Pradesh,77.18699464,32.18960394,2011-7-25,1738,54.50985178,127.7160424,0.5337180495,-0.5526353717,1.100269675,7.0,38.55228138,38.55228138,67.31992245,67.31992245,1,,
3859.0,downpour,medium,0.0,Uttarakhand,78.19699887,30.01199748,2011-7-29,346,1.416574576,130.8899812,0.7285240293,-0.6391450763,6.013418674,7.0,60.94455338,110.1261101,300.0036964,483.6979809,1,,
3884.0,continuous_rain,medium,0.0,Himachal Pradesh,77.13222351,31.69137966,2011-08-06,918,16.01560847,239.4986079,0.2629585564,-0.2887719572,3.492882013,7.0,0.0,20.00565529,229.2605915,356.4361858,1,,
3888.0,rain,medium,0.0,Himachal Pradesh,77.92579634,31.24030145,2011-08-07,1938,9.037723727,252.2228529,0.1254856288,-0.1649623513,2.615856886,7.0,0.0,205.5110626,388.8747864,487.9731216,1,,
3889.0,downpour,medium,0.0,Himachal Pradesh,76.93160409,31.70829749,2011-08-07,764,2.179388788,90.0,0.07783595473,-0.149879843,53.74336624,7.0,58.41276169,58.41276169,399.4215965,534.2456779,1,,
3890.0,downpour,medium,0.0,Himachal Pradesh,77.02239585,31.71456698,2011-08-07,857,20.306381,41.9536085,0.1590455323,-0.2119711041,2.280730247,6.0,69.6740799,95.64313126,323.67836,478.3609848,1,,
3891.0,downpour,medium,0.0,Kashmir,75.19960006,33.44060028,2011-08-07,1695,16.30122078,152.3323185,0.2981949449,-0.360830754,10.25276756,7.0,0.0,0.0,25.23941994,61.28374195,1,,
3892.0,downpour,medium,0.0,Kashmir,75.0017988,33.02709892,2011-08-07,2104,29.92661063,47.55299781,0.7695708871,-0.6685740352,1.556820512,4.0,63.48600769,81.99500084,230.5123501,375.98522,1,,
3894.0,downpour,medium,0.0,Himachal Pradesh,77.3916005,31.07659893,2011-08-07,1305,2.1469361,210.2757367,0.3741290271,-0.4462077618,3.026848078,4.0,0.0,152.9941635,249.3218307,406.386219,1,,
3895.0,downpour,medium,0.0,Himachal Pradesh,77.39129728,31.07659893,2011-08-07,1305,2.1469361,149.7242633,0.4408647716,-0.4943238199,3.026848078,4.0,0.0,152.9941635,249.3218307,406.386219,1,,
3899.0,downpour,medium,0.0,Uttarakhand,78.3755056,30.22579799,2011-08-08,972,30.32897457,243.7225273,0.6152573824,-0.6310821772,1.394025564,7.0,97.84337997,206.2329826,341.0596466,696.1259556,1,,
3900.0,downpour,medium,0.0,Uttarakhand,79.55660108,30.65210143,2011-08-08,3442,15.11604418,321.17474,0.5421148539,-0.4963419437,0.2692675292,9.0,25.00695992,88.51195335,88.51195335,416.5060883,1,,
3905.0,rain,medium,0.0,Uttarakhand,78.30410202,30.28279868,2011-8-10,1661,39.88666203,238.4678461,0.4629791677,-0.5379620194,1.303894281,4.0,0.0,98.24758148,422.4198799,744.7411861,1,,
3907.0,downpour,medium,0.0,Kashmir,74.85559825,32.73270015,2011-8-11,333,2.156904891,210.7267353,0.1414902955,-0.1940737963,92.97543335,7.0,70.25637054,128.7082043,203.5058937,359.8627462,1,,
3908.0,rain,medium,1.0,Kashmir,74.87599864,32.73699872,2011-8-11,366,27.159175,102.7603096,0.4239983857,-0.4310742915,35.14887238,4.0,70.25637054,128.7082043,203.5058937,359.8627462,1,,
3913.0,rain,medium,0.0,Uttarakhand,78.17230437,29.91210024,2011-8-12,283,1.069901736,90.0,0.5486515164,-0.5258091688,5.336022854,4.0,48.36391068,72.54586601,215.4140911,485.683836,1,,
3914.0,rain,large,11.0,Uttarakhand,79.5681992,28.86649901,2011-8-12,208,1.058963824,270.0,0.6032044888,-0.556671381,6.934378147,7.0,22.94797707,93.63524055,256.4742393,584.655673,1,,
3917.0,downpour,medium,2.0,Himachal Pradesh,76.93129641,31.70769997,2011-8-13,770,14.55947622,35.88018506,0.09828297794,-0.1758073419,46.56030655,7.0,221.8382568,338.6637802,338.6637802,814.4966965,1,,
3947.0,downpour,medium,0.0,Kashmir,77.19580137,28.6809023,2011-8-27,217,0.0,0.0,0.1784517616,-0.2096851319,191.3729401,4.0,0.0,57.06898403,159.7873907,267.3396473,1,,
4090.0,downpour,medium,0.0,Kashmir,79.35320364,29.91300097,2011-12-10,1023,15.75672036,216.5627965,0.4742631614,-0.5188583136,4.659010887,4.0,0.0,0.0,0.0,0.0,1,,
4139.0,downpour,medium,1.0,NCT,75.2372973,33.24069878,2012-1-12,703,17.33479989,213.9226514,0.07853715867,-0.1360527873,7.513178825,7.0,0.0,124.2976513,143.2987881,143.2987881,1,,
4140.0,downpour,medium,0.0,Uttarakhand,75.20449615,33.42089997,2012-1-13,1642,32.51760089,256.7893143,0.08512414992,-0.1571975946,7.05557394,7.0,0.0,131.6700897,131.6700897,131.6700897,1,,
4183.0,downpour,medium,0.0,Kashmir,75.23809994,33.24240215,2012-02-04,743,10.52779634,249.6091631,0.1596292555,-0.1826161295,7.889660835,7.0,9.760489464,9.760489464,9.760489464,182.4295244,1,,
4198.0,downpour,medium,0.0,Kashmir,75.5226976,32.36819985,2012-2-15,319,2.15462714,149.3754172,0.08865062147,-0.1539655626,41.06644821,7.0,8.785240173,17.57048035,30.78628063,30.78628063,1,,
4202.0,downpour,medium,0.0,Kashmir,76.12010121,32.56549724,2012-2-16,811,18.81241319,286.5651309,0.0887799561,-0.1387896985,5.370659828,7.0,14.10991001,42.32973003,70.83811235,70.83811235,1,,
4210.0,downpour,medium,0.0,Kashmir,75.24410189,33.23610144,2012-2-19,753,34.2220398,181.6305427,0.008585567586,-0.04862389341,7.876481533,7.0,0.0,19.69202042,19.69202042,44.0411396,1,,
4218.0,downpour,medium,2.0,Himachal Pradesh,75.23400202,33.241002,2012-2-22,691,13.16746415,194.3705668,0.08043761551,-0.1242426559,7.524273396,7.0,4.870984674,4.870984674,24.07043707,53.35190547,1,,
4240.0,unknown,medium,6.0,Kashmir,80.21230297,29.57979911,2012-03-04,1540,25.49079126,321.3435493,0.233863458,-0.223886162,43.53029251,4.0,0.0,0.0,0.0,14.69587612,1,,
4277.0,downpour,medium,0.0,Kashmir,74.7361969,34.65069774,2012-3-19,2393,24.70438447,350.1483457,0.5095739365,-0.5141543746,0.8026013374,9.0,10.1529057,18.87619042,30.15426755,42.77626789,1,,
4325.0,unknown,medium,2.0,Uttarakhand,75.54879672,33.14670093,2012-4-16,1144,9.449236522,166.5654717,0.2833745778,-0.3272954524,23.65174866,7.0,26.40698433,63.06108046,73.81062984,88.98632288,1,,
4335.0,rain,medium,1.0,Kashmir,75.23809994,33.24130076,2012-4-24,734,13.55965418,241.9765501,0.4879439175,-0.4846949279,7.599777699,7.0,18.72696733,34.92368174,91.66675329,138.4880481,1,,
4396.0,unknown,medium,1.0,Kashmir,77.57679588,34.15340096,2012-06-08,3417,5.977653584,201.9396345,0.07284901291,-0.1223651692,1.874537349,9.0,5.050522327,5.050522327,5.050522327,10.33020008,1,,
4445.0,downpour,medium,0.0,Kashmir,78.32209895,30.12809909,2012-07-05,421,11.75989057,158.9234147,0.1375493854,-0.2196659893,21.20498085,7.0,84.00307846,84.00307846,155.8004646,155.8004646,1,,
4447.0,downpour,medium,0.0,Kashmir,77.20900031,31.10659977,2012-07-05,2238,44.60320655,143.5392302,0.1623097509,-0.2694165707,3.38192606,4.0,75.64748383,94.55935478,115.1629765,168.5387928,1,,
4452.0,downpour,medium,0.0,Himachal Pradesh,77.99880075,34.01229716,2012-07-07,4908,17.22848376,125.045439,0.09027288854,-0.2138347626,0.02594213933,9.0,0.0,0.0,0.0,0.0,1,,
4472.0,downpour,large,1.0,Uttarakhand,78.44000204,30.73620008,2012-8-14,1668,38.43838921,163.4562135,0.3091519773,-0.3703795969,2.799510241,7.0,44.4685936,134.2860451,336.8885517,542.5290737,1,,
4481.0,downpour,medium,0.0,Kashmir,79.56050279,30.65940098,2012-8-17,3307,52.72563102,308.0258417,0.2839224041,-0.2400649041,0.2341862321,7.0,75.69029617,119.0937538,119.0937538,429.9431114,1,,
4487.0,unknown,medium,0.0,Uttarakhand,78.32330291,30.61790013,2012-8-17,860,38.53034694,200.7523771,0.2445872277,-0.2896377146,2.394417286,4.0,68.75326538,103.1298981,228.4032459,558.1362362,1,,
4497.0,downpour,medium,0.0,Uttarakhand,78.07099805,32.22780059,2012-8-18,3656,18.65456261,163.5359523,0.08656381071,-0.1319065839,0.4547165036,9.0,0.0,0.0,3.514382124,36.34531713,1,,
4498.0,downpour,medium,4.0,Uttarakhand,77.19469997,32.17970027,2012-8-18,1861,14.07587496,277.4188888,0.2713271976,-0.2419246286,0.7065792084,7.0,11.48337269,11.48337269,48.83756065,151.416666,1,,
4501.0,downpour,medium,0.0,Uttarakhand,74.83329828,33.08290011,2012-8-20,516,1.854334169,0.0,0.1331393719,-0.1904719323,14.30417919,4.0,88.26012421,151.9884224,196.2898378,540.2456789,1,,
4504.0,downpour,medium,0.0,Himachal Pradesh,74.94989932,34.61130159,2012-8-21,2657,18.77511517,180.0,0.289791882,-0.3870716393,0.09793269634,7.0,0.0,0.0,0.0,7.171627045,1,,
4507.0,downpour,medium,0.0,Himachal Pradesh,75.23819804,33.2411982,2012-8-22,732,13.16746415,194.3705668,0.07947633415,-0.1520219445,7.494973183,7.0,22.67306709,62.29958916,92.25017929,250.6310029,1,,
4513.0,downpour,medium,1.0,Kashmir,76.26989579,32.10019896,2012-8-24,761,19.20990513,12.67229349,0.6625115275,-0.6016405225,14.48479843,4.0,123.9330368,313.9294567,527.9645214,941.5210438,1,,
4514.0,downpour,medium,0.0,Kashmir,76.93119831,31.70899756,2012-8-24,770,1.431079631,229.6112041,0.01566134207,-0.1859721392,51.24991608,7.0,74.34375,170.7149143,346.0325317,620.5134354,1,,
4515.0,downpour,medium,0.0,Kashmir,77.28469801,30.73949981,2012-8-24,1634,36.84073562,321.063,0.6859408021,-0.6307806373,0.8133793473,7.0,129.0742493,221.0913887,345.673214,605.8131924,1,,
4516.0,downpour,medium,0.0,Himachal Pradesh,77.09690297,30.90440183,2012-8-24,1451,17.37332175,231.6198804,0.4718655944,-0.5094419122,16.43463516,7.0,144.2597542,237.8028822,353.6374159,600.8161974,1,,
4523.0,downpour,medium,0.0,Himachal Pradesh,74.09339965,33.77500164,2012-8-29,1028,11.33104868,118.9930904,0.6111742258,-0.5917983055,16.68880081,7.0,22.84647179,46.41700554,116.3507624,212.3567324,1,,
4550.0,downpour,medium,0.0,Himachal Pradesh,78.98290205,30.28530024,2012-9-14,646,11.8839782,0.0,0.5137190223,-0.5059023499,11.22694588,7.0,35.4180069,35.4180069,69.73816681,260.5779266,1,,
4551.0,downpour,medium,0.0,Himachal Pradesh,79.77580157,29.84099987,2012-9-14,879,1.415187374,310.9386514,0.3140956163,-0.3253163099,10.31698895,7.0,88.48561668,153.9054623,217.7633305,344.1994734,1,,
4555.0,downpour,medium,0.0,Kashmir,75.14320581,32.92950257,2012-9-15,767,2.208951515,90.0,0.3252962828,-0.4034177959,27.6492424,4.0,69.79621887,109.2172012,256.3673859,503.5428715,1,,
4557.0,downpour,large,9.0,Uttarakhand,77.88760414,33.30300134,2012-9-16,4898,24.6944433,189.6996656,0.04044862092,-0.1283631623,0.01003794279,9.0,0.0,0.0,0.0,0.0,1,,
4559.0,downpour,very_large,19.0,Uttarakhand,74.95970042,33.96390254,2012-9-17,1586,3.704791834,0.0,0.4553283155,-0.4362443984,6.274364471,7.0,90.8556366,90.8556366,90.8556366,105.9943924,1,,
4565.0,downpour,medium,0.0,Kashmir,77.102896,31.02259922,2012-9-18,1697,16.47491072,315.3636998,0.3409846425,-0.3879659772,1.205167532,7.0,0.0,206.8619194,277.2058678,585.9168968,1,,
4658.0,downpour,medium,0.0,Kashmir,75.15329675,32.95220386,2012-12-11,942,24.17102014,125.2462162,0.35678491,-0.4158297479,5.232065201,4.0,0.0,5.150688648,5.150688648,5.150688648,1,,
4764.0,downpour,medium,0.0,Kashmir,75.20269913,33.43719798,2013-2-22,1800,28.96243594,173.964224,0.295473963,-0.4155600369,5.284943104,7.0,35.63758469,52.41072607,55.36166668,135.7156994,1,,
4823.0,downpour,medium,0.0,Himachal Pradesh,75.48319889,34.29460285,2013-4-26,3482,2.16722064,148.8170523,0.006894445512,-0.036255721,0.4463036954,7.0,1.299318433,7.351245999,13.65938103,32.29135585,1,,
4875.0,rain,medium,0.0,Kashmir,77.15000194,28.75800016,2013-5-26,210,4.213303336,131.2397206,0.06575284153,-0.1316539943,149.7572479,7.0,0.0,0.0,0.0,0.0,1,,
4912.0,snowfall_snowmelt,medium,0.0,Kashmir,76.70430141,31.48980153,2013-6-11,710,7.028319449,321.9816497,0.5699801445,-0.5408421755,3.013155699,7.0,12.28073025,36.84219074,44.86271381,44.86271381,1,,
4913.0,rain,medium,1.0,Kashmir,76.67019821,31.48809816,2013-6-11,689,7.68578679,196.3395267,0.3767601252,-0.3964850008,8.665348053,7.0,12.15684605,36.47053814,43.94785833,46.83664107,1,,
4914.0,downpour,medium,0.0,NCT,78.53060206,30.73940171,2013-6-12,1304,17.02558971,162.0899408,0.4591195583,-0.4666886628,1.719013453,7.0,84.73195839,84.73195839,99.24811792,106.2263527,1,,
4916.0,downpour,medium,1.0,Himachal Pradesh,76.28330431,32.21079804,2013-6-12,987,4.299711254,130.2343065,0.2569153309,-0.3345795572,7.940528393,7.0,140.868,140.868,161.153965,172.5573568,1,,
4917.0,rain,small,0.0,Himachal Pradesh,76.1248992,32.55519671,2013-6-12,929,2.8758483,229.873376,0.4270200431,-0.4748775959,10.34192944,7.0,36.58964157,36.58964157,51.35076237,63.56164694,1,,
4920.0,downpour,medium,0.0,Himachal Pradesh,78.09760105,31.51680139,2013-6-15,1704,28.52660152,202.5990377,0.190525189,-0.2118358016,1.67671299,9.0,33.35131359,93.46014786,112.7759895,126.1625619,1,,
4924.0,downpour,medium,0.0,Himachal Pradesh,79.06659492,30.73509868,2013-6-16,3544,5.637286325,214.9168746,0.03561646119,-0.04498716816,3.759459734,7.0,155.4883614,379.2803001,379.2803001,403.7564554,1,,
4925.0,downpour,medium,0.0,Uttarakhand,78.19959853,31.45510081,2013-6-16,2056,36.11974627,56.31870528,0.4022277296,-0.436150521,0.1527307183,7.0,34.87284088,108.2491798,108.2491798,115.6144357,1,,
4926.0,downpour,medium,0.0,Himachal Pradesh,77.35440267,30.67379942,2013-6-16,1501,23.05458124,161.9673784,0.3730992973,-0.4387343824,1.38801527,4.0,131.6760559,228.7885323,247.4454155,259.4639983,1,,
4927.0,downpour,medium,4.0,Himachal Pradesh,77.65210118,30.57280078,2013-6-16,858,35.61569469,198.3582341,0.1699779183,-0.2192192227,2.233733177,4.0,148.5267792,250.1773052,266.9553871,283.7661824,1,,
4928.0,rain,medium,0.0,Himachal Pradesh,79.07649858,30.46190294,2013-6-16,961,31.33130867,260.819294,0.3994037807,-0.409126997,3.030685902,7.0,69.52826881,142.5691404,159.9873972,175.7261219,1,,
4929.0,rain,medium,0.0,Himachal Pradesh,78.3880981,30.4953997,2013-6-16,925,26.36499495,60.66585366,0.1649801284,-0.2119066268,1.311295867,7.0,82.84285736,142.3763986,142.3763986,150.6440845,1,,
4930.0,rain,medium,0.0,Himachal Pradesh,78.66950305,30.88500028,2013-6-16,1854,26.9550394,162.7385108,0.3772165775,-0.4250088632,0.2308066487,7.0,43.87062836,117.9305348,124.3377419,136.2241793,1,,
4931.0,downpour,medium,0.0,Himachal Pradesh,80.416998,29.79859828,2013-6-16,741,32.31026264,183.3820096,0.1515901685,-0.2643543184,1.359051466,7.0,32.67854691,308.5017738,335.2504864,342.9755036,1,,
4932.0,rain,medium,0.0,Uttarakhand,77.46140326,31.34799766,2013-6-16,897,12.94065933,350.5037644,0.4273388982,-0.5021155477,4.423574924,7.0,52.60560131,114.5183897,126.9319854,132.9805837,1,,
4933.0,rain,medium,0.0,Uttarakhand,78.43840122,31.59859914,2013-6-16,2310,54.5599228,48.06987607,0.08929160237,-0.143568337,0.6544249058,9.0,37.09583664,106.3846407,106.3846407,112.5426874,1,,
4936.0,rain,medium,0.0,Uttarakhand,79.05439928,30.69449857,2013-6-17,2748,35.45370158,140.6177848,0.5820236802,-0.6031838655,0.8532490134,7.0,186.0296249,395.8824883,409.0675478,428.1144423,1,,
4940.0,rain,medium,0.0,Uttarakhand,78.01690024,30.30690012,2013-6-17,622,5.658693262,229.1948276,0.08355025947,-0.1261147708,99.38531494,4.0,129.2477531,299.9791126,336.5396624,344.9115591,1,,
4943.0,downpour,very_large,5000.0,Uttarakhand,79.65920053,29.59870124,2013-6-17,1600,17.05700915,301.8434383,0.2918066084,-0.412122041,19.65138245,4.0,51.86356449,156.2392721,213.9583864,227.8183155,1,,
4946.0,downpour,medium,5.0,Himachal Pradesh,78.01930369,31.62229926,2013-6-17,2470,8.852930774,121.3092708,0.4013238549,-0.4717747569,1.431898117,7.0,46.04818535,163.5602522,171.6434727,182.4122543,1,,
4949.0,downpour,large,13.0,Uttarakhand,78.50170262,30.37969941,2013-6-18,905,30.83028234,341.6757003,0.6775682569,-0.5959424376,2.706033707,7.0,66.69843531,115.6140389,133.2003388,138.1552753,1,,
4966.0,rain,medium,3.0,Uttarakhand,79.6804972,29.59350192,2013-6-19,1219,15.05576667,218.5255966,0.5743243098,-0.5993368626,5.610509396,4.0,109.9068604,155.5906935,268.5346365,301.0895557,1,,
4974.0,downpour,medium,4.0,Uttarakhand,79.05789967,30.40909826,2013-6-24,838,41.6370157,312.355886,0.3379209936,-0.2798373103,,7.0,43.69913578,60.71719265,195.3696499,214.0552402,1,,
4975.0,rain,medium,0.0,Uttarakhand,78.92279783,30.25240099,2013-6-24,740,40.49043268,64.14617769,0.4509944916,-0.4979441464,6.59322691,7.0,51.6872139,63.53518391,221.2239952,227.9773221,1,,
4978.0,rain,medium,0.0,Uttarakhand,78.39109908,30.45420207,2013-6-24,1134,30.4827347,140.3547122,0.09186290205,-0.139505893,1.096366167,4.0,38.20236111,45.97102213,221.1833596,235.4584103,1,,
5013.0,downpour,medium,0.0,Uttarakhand,77.14019638,31.07220226,2013-07-02,1976,15.45708791,151.4165955,0.6836767197,-0.6385037303,4.779729843,4.0,58.36962509,81.96237183,129.1478653,502.1219244,1,,
5022.0,rain,medium,0.0,Uttarakhand,80.22139953,29.57999977,2013-07-04,1540,12.15565161,205.5995668,0.2811538279,-0.311932981,14.6509676,4.0,0.0,122.8062973,305.9530869,734.5862923,1,,
5023.0,downpour,medium,0.0,Uttarakhand,80.23860275,30.07120096,2013-07-04,2120,17.28792515,51.38100745,0.5271833539,-0.5442894697,2.04543829,7.0,54.55539894,133.8741703,454.0340557,1113.433662,1,,
5024.0,downpour,medium,0.0,Himachal Pradesh,80.85759732,30.17190084,2013-07-04,3251,35.64015321,54.05472685,0.1387202293,-0.2203968316,0.1287743449,7.0,10.98696423,63.2956953,274.3597441,605.0667067,1,,
5036.0,continuous_rain,medium,0.0,Uttarakhand,74.87989589,33.085201,2013-07-05,802,28.66231834,192.243545,0.01665713079,-0.06752293557,4.042834759,4.0,0.0,16.96943283,57.73646355,91.18385839,1,,
5043.0,downpour,medium,0.0,Uttarakhand,76.79070096,31.99059871,2013-07-06,1209,16.19246101,260.3727222,0.163830325,-0.1570983678,10.40453815,7.0,26.52566338,40.94417095,161.5940952,299.31427,1,,
5044.0,continuous_rain,medium,0.0,Uttarakhand,77.72409783,31.16279782,2013-07-06,1472,30.13547202,45.8020745,0.5736969709,-0.5719214082,2.946635962,7.0,0.0,60.25873375,114.4317627,290.5158691,1,,
5047.0,downpour,medium,1.0,Kashmir,76.9160998,31.87950021,2013-07-07,1284,9.80288332,221.4518168,0.1470897645,-0.1898320466,3.869235992,7.0,35.24041748,58.92435265,159.6958494,261.1597004,1,,
5049.0,downpour,medium,0.0,Himachal Pradesh,77.16790077,31.55959984,2013-07-07,1870,20.42383074,155.9116645,0.2322972417,-0.2948358655,3.859536886,4.0,32.5733223,65.50959778,169.694581,315.4039516,1,,
5050.0,downpour,small,0.0,Himachal Pradesh,76.9359963,31.70300007,2013-07-07,757,27.08380486,255.3303281,0.1610664725,-0.252414465,28.74536324,4.0,58.90445709,78.58269119,221.306921,422.1806116,1,,
5051.0,downpour,medium,0.0,Himachal Pradesh,76.97299793,31.70169802,2013-07-07,794,28.84214749,1.979910014,0.3738085926,-0.3527526259,4.055397987,7.0,74.40257263,93.14875793,236.2017612,424.1200876,1,,
5052.0,rain,medium,0.0,Himachal Pradesh,76.92970451,31.70930078,2013-07-07,756,1.854334169,180.0,0.09601666033,-0.1570701152,40.74413681,7.0,58.90445709,78.58269119,221.306921,422.1806116,1,,
5053.0,downpour,small,0.0,Himachal Pradesh,76.85209832,31.96709925,2013-07-07,1491,26.74774403,245.3201063,0.1845097095,-0.2223804891,2.30520606,7.0,44.24152184,44.24152184,153.5444241,277.354156,1,,
5054.0,downpour,medium,0.0,Himachal Pradesh,76.94239957,31.70180058,2013-07-07,777,14.29974143,63.6049072,0.08791916072,-0.142749235,17.40545464,7.0,74.40257263,93.14875793,236.2017612,424.1200876,1,,
5062.0,downpour,medium,0.0,Himachal Pradesh,75.75250184,33.31179914,2013-07-08,1518,29.68646802,279.8095989,0.4977819622,-0.5406965613,1.263851166,7.0,30.97139883,30.97139883,58.83272171,98.7348032,1,,
5068.0,downpour,medium,0.0,Himachal Pradesh,79.21430264,30.36290197,2013-7-10,1626,22.905088,117.3708439,0.409117341,-0.4225399196,1.196706772,7.0,0.0,28.63598251,28.63598251,290.6744719,1,,
5086.0,downpour,medium,0.0,Himachal Pradesh,79.4633033,29.38020083,2013-7-12,1944,7.197102233,333.8106958,-0.1059997901,0.2927546203,12.29810905,7.0,189.9544525,228.0316963,433.0651245,863.8895836,1,,
5088.0,downpour,medium,2.0,Kashmir,79.4633033,29.38020083,2013-7-12,1944,7.197102233,333.8106958,-0.1059997901,0.2927546203,12.29810905,7.0,189.9544525,228.0316963,433.0651245,863.8895836,1,,
5097.0,rain,medium,7.0,Uttarakhand,77.67459734,31.47110006,2013-7-14,1100,49.3933698,128.6457273,0.3347654939,-0.3916113973,2.896238327,7.0,26.22707939,77.90350914,127.1467533,228.6034451,1,,
5098.0,downpour,medium,6.0,Uttarakhand,77.17880328,32.16999727,2013-7-14,1625,15.43435031,159.7368956,0.250760287,-0.2719702423,1.2953794,7.0,0.0,29.58691788,55.60696125,153.1623874,1,,
5099.0,rain,medium,6.0,Uttarakhand,77.35440267,30.67379942,2013-7-14,1501,23.05458124,161.9673784,0.3730992973,-0.4387343824,1.38801527,4.0,20.40903473,125.3084793,232.8234901,412.4485188,1,,
5100.0,downpour,medium,1.0,Himachal Pradesh,76.53379877,31.67299924,2013-7-14,748,2.150415901,210.4343285,0.471226722,-0.4821625054,7.208087444,4.0,0.0,115.5527725,156.0647278,375.5069942,1,,
5129.0,rain,medium,0.0,Himachal Pradesh,79.33080112,30.40430027,2013-7-18,1017,41.7040797,306.8328781,0.7728000283,-0.7044317126,8.717241287,7.0,13.64612007,54.58448029,135.3578434,237.0741491,1,,
5130.0,downpour,medium,1.0,Himachal Pradesh,78.43470017,30.73139763,2013-7-18,1125,39.54227303,180.0,0.02867356502,0.1209403351,4.532927513,7.0,0.0,0.0,136.1038799,397.9372444,1,,
5139.0,rain,medium,0.0,Himachal Pradesh,80.23689937,30.07179848,2013-7-19,2150,17.17260608,65.22455028,0.5405099392,-0.5485877395,2.027642488,7.0,34.98015213,115.2307777,239.6931782,693.7272339,1,,
5176.0,downpour,small,0.0,Uttarakhand,79.19390226,30.19440146,2013-7-23,1698,10.31285648,191.8794743,0.447286576,-0.5239443183,1.890653014,7.0,94.12593842,235.396965,269.1963196,454.8359108,1,,
5177.0,downpour,medium,0.0,Uttarakhand,79.15100124,30.29020079,2013-7-23,797,6.99557691,322.3294759,0.2026688904,-0.25536412,9.917440414,7.0,68.69343567,171.6691895,227.4211273,393.8004208,1,,
5178.0,downpour,medium,0.0,Uttarakhand,79.47740298,30.46050278,2013-7-24,2524,39.66125518,297.9436354,0.7839359641,-0.7081708908,0.03045454063,7.0,76.97114182,193.7479744,275.233736,426.9018059,1,,
5179.0,downpour,medium,0.0,Uttarakhand,79.21910064,30.26199698,2013-7-24,834,28.32917308,233.0909653,0.6546754241,-0.6146136522,6.607816219,7.0,70.05695343,174.3340759,263.2422104,379.4695206,1,,
5181.0,downpour,medium,0.0,Uttarakhand,79.23299965,30.2733008,2013-7-24,1014,37.51943288,345.871149,0.6777190566,-0.597453475,1.460327268,7.0,83.08795166,204.4561691,319.7700157,418.4616528,1,,
5182.0,downpour,medium,0.0,Uttarakhand,79.36279963,30.30100073,2013-7-24,1036,26.58513881,29.14688315,0.6265393496,-0.6148394346,2.503834248,7.0,86.15448761,221.0127335,280.8462524,423.9671669,1,,
5183.0,downpour,medium,0.0,Uttarakhand,79.32859832,30.30559807,2013-7-24,948,11.89416424,32.2843248,0.4775240421,-0.4907598794,1.820881248,7.0,86.15448761,221.0127335,280.8462524,423.9671669,1,,
5184.0,downpour,medium,0.0,Uttarakhand,78.09060026,30.90580199,2013-7-24,1555,19.92856235,128.6881576,0.4047620296,-0.5062007308,4.558835506,7.0,87.65598297,264.5785751,264.5785751,550.8778152,1,,
5195.0,downpour,medium,0.0,Uttarakhand,79.32759948,30.40409961,2013-7-25,1096,25.57848405,109.7666796,0.4284738898,-0.500634253,5.984620571,7.0,27.33369064,131.207962,185.7924423,279.2803431,1,,
5196.0,downpour,medium,0.0,Uttarakhand,78.48000464,30.89279925,2013-7-25,3554,28.53056124,133.2241577,0.3259297013,-0.4667167962,0.4735195339,7.0,50.10310364,308.8833313,308.8833313,507.7392883,1,,
5197.0,continuous_rain,medium,2.0,Uttarakhand,78.61849986,30.82029872,2013-7-25,1578,22.58518995,85.53592846,0.5054020286,-0.5368558764,3.831451416,7.0,30.89180756,256.5151901,256.5151901,384.7243462,1,,
5198.0,continuous_rain,medium,0.0,Uttarakhand,78.48000464,30.89279925,2013-7-25,3554,28.53056124,133.2241577,0.3259297013,-0.4667167962,0.4735195339,7.0,50.10310364,308.8833313,308.8833313,507.7392883,1,,
5199.0,continuous_rain,medium,0.0,Uttarakhand,78.61710416,30.7866013,2013-7-25,1526,23.30106643,135.5717392,0.3025668561,-0.3738310337,1.364150286,7.0,38.68542862,330.4608879,330.4608879,405.9062195,1,,
5208.0,continuous_rain,medium,0.0,Uttarakhand,79.24980155,30.28349876,2013-7-26,847,43.93952821,287.6000482,0.6345610023,-0.5802852511,1.687287092,7.0,0.0,204.4561691,249.1144371,319.7700157,1,,
5209.0,continuous_rain,medium,0.0,Uttarakhand,78.33659995,30.65389845,2013-7-26,1010,30.92789406,149.8340881,0.6449211836,-0.6338325739,2.10079217,4.0,0.0,261.7197876,261.7197876,469.2724648,1,,
5214.0,continuous_rain,medium,0.0,Uttarakhand,78.62999542,31.89310047,2013-7-27,3634,19.6297143,254.1978551,0.04077688977,-0.09506218135,0.1764178276,9.0,10.15678978,34.27378654,59.62400293,133.7887168,1,,
5215.0,rain,medium,0.0,Uttarakhand,78.75399856,30.45210183,2013-7-27,2020,19.01289384,170.590624,0.4005459547,-0.4281357527,3.100075006,7.0,0.0,81.27125549,278.5695343,387.44627,1,,
5224.0,rain,medium,0.0,Uttarakhand,80.20099469,29.99639954,2013-7-28,2102,56.30215538,193.6993251,0.3580396771,-0.4658441246,0.2993798554,7.0,93.27397156,93.27397156,188.5760193,463.4973946,1,,
5225.0,mining,medium,0.0,Himachal Pradesh,78.6148969,30.81900113,2013-7-28,1763,25.92771882,68.5148344,0.3450869322,-0.4472636282,3.85802722,7.0,0.0,92.67542267,256.5151901,343.1974297,1,,
5233.0,rain,medium,0.0,Uttarakhand,75.19450331,32.99179621,2013-7-29,857,25.89196444,200.9680034,0.373742938,-0.4739353657,3.25091958,7.0,9.10611248,61.39535809,173.8911657,352.0675287,1,,
5234.0,downpour,small,1.0,Uttarakhand,75.19450331,32.99179621,2013-7-29,857,25.89196444,200.9680034,0.373742938,-0.4739353657,3.25091958,7.0,9.10611248,61.39535809,173.8911657,352.0675287,1,,
5240.0,downpour,small,1.0,Uttarakhand,78.09490329,30.38220096,2013-7-31,832,14.71934764,270.0,0.3378020525,-0.3697894514,12.70552158,4.0,77.60464096,103.4728546,441.4115639,750.4359598,1,,
5241.0,rain,small,0.0,Kashmir,79.66250027,29.59520084,2013-7-31,1472,18.72715372,118.522367,0.3650108278,-0.4151470363,10.50044441,6.0,27.34534836,54.69069672,146.2059174,313.1231003,1,,
5244.0,rain,medium,0.0,Kashmir,76.28510132,34.43320063,2013-08-01,3133,53.22907208,274.1623692,0.03479225188,-0.04154955223,0.02817471325,9.0,0.0,0.0,0.0,0.9462746382,1,,
5252.0,downpour,medium,4.0,Uttarakhand,75.11990255,32.52819686,2013-08-02,365,2.155622184,210.6692729,0.09878712893,-0.1611231267,6.992948532,7.0,53.44655895,79.66165161,219.3339443,442.348711,1,,
5285.0,downpour,medium,0.0,Uttarakhand,80.3657005,29.56590009,2013-08-05,562,6.550730696,170.6727967,0.4788052738,-0.4712682068,1.661699653,7.0,0.0,29.27282715,113.9378242,255.0301399,1,,
5287.0,downpour,medium,0.0,Kashmir,75.14890454,32.83629844,2013-08-06,588,9.878900104,95.33356244,0.6540319324,-0.6061583757,4.016074181,7.0,62.03123474,147.1265769,214.6385746,528.1923676,1,,
5290.0,continuous_rain,medium,0.0,Kashmir,76.30370469,32.23220173,2013-08-07,1636,7.143408624,49.77234063,0.5532042384,-0.5361871123,8.15470314,7.0,157.7992249,355.9611549,434.3589973,924.4892998,1,,
5293.0,monsoon,medium,1.0,Uttarakhand,75.19149787,32.9912968,2013-08-07,813,31.73795655,165.5448229,0.1363596916,-0.2311410904,2.958896637,7.0,50.56759262,117.0538416,205.7675371,402.1950846,1,,
5320.0,downpour,medium,0.0,Kashmir,78.34490279,30.60140145,2013-8-13,1650,17.24486063,245.3422348,0.2143125832,-0.2920972407,1.862600088,7.0,32.33203888,81.35493088,271.0750847,556.6375866,1,,
5323.0,unknown,small,0.0,Kashmir,75.44660304,34.26010279,2013-8-13,3397,26.28550347,262.4669911,0.02301781438,-0.0594163537,1.149755359,7.0,11.14805031,11.14805031,16.4948988,42.2326107,1,,
5327.0,downpour,medium,0.0,Himachal Pradesh,75.19149787,33.44310183,2013-8-14,1662,24.27423335,251.1522374,0.1397134513,-0.1936529577,10.82490921,7.0,23.96033335,32.91564631,67.89462304,102.4347885,1,,
5328.0,downpour,medium,0.0,Kashmir,75.17929777,33.30180184,2013-8-14,1006,19.39174528,262.0698101,0.6025935411,-0.5756338239,3.012765884,7.0,65.68971252,86.37302017,155.7721486,216.9673753,1,,
5329.0,downpour,medium,2.0,Uttarakhand,75.19149787,32.9912968,2013-8-14,813,31.73795655,165.5448229,0.1363596916,-0.2311410904,2.958896637,7.0,100.8083267,141.1571064,258.210948,459.4204512,1,,
5330.0,downpour,medium,0.0,Kashmir,75.19840056,33.32160025,2013-8-14,1197,36.06930568,259.758836,0.1865460724,-0.2176606208,2.517314911,9.0,64.28251648,83.7886467,148.3846107,206.6235404,1,,
5331.0,downpour,medium,0.0,Kashmir,74.62640491,33.0498002,2013-8-14,795,13.14790149,294.5698175,0.6382707953,-0.6071454287,0.6159818172,4.0,141.4893951,179.01194,352.0522461,582.997941,1,,
5332.0,downpour,medium,0.0,Kashmir,74.09670384,33.77050241,2013-8-14,1008,2.415145527,247.4305136,0.146609351,-0.2172273397,23.42883682,7.0,119.5933571,174.4430084,287.8532925,425.9460216,1,,
5333.0,downpour,medium,0.0,Kashmir,74.09670384,33.77060051,2013-8-14,1008,2.415145527,247.4305136,0.146609351,-0.2172273397,23.42883682,7.0,119.5933571,174.4430084,287.8532925,425.9460216,1,,
5334.0,downpour,medium,0.0,Kashmir,77.30519649,32.35730181,2013-8-15,3477,37.7919344,336.7091415,-0.008188446052,0.02856544964,0.07301095128,9.0,0.0,11.63758564,23.02456856,65.94562054,1,,
5346.0,downpour,medium,3.0,Kashmir,78.72480037,31.0342999,2013-8-17,2487,38.20886293,329.7353322,0.2880743444,-0.2986620963,0.460198611,7.0,0.0,0.0,0.0,280.7437325,1,,
5347.0,downpour,medium,0.0,Kashmir,78.43959626,30.72919929,2013-8-17,1132,7.73013399,256.2013924,0.1429564804,-0.2331755757,9.441507339,7.0,0.0,73.03714371,248.2986832,592.4222183,1,,
5358.0,downpour,medium,0.0,Himachal Pradesh,78.05740225,30.66390021,2013-8-18,876,25.97022658,175.568224,0.6269299388,-0.611228168,1.42569232,4.0,32.15662003,84.5973587,221.7949162,538.6963749,1,,
5359.0,rain,medium,0.0,Uttarakhand,78.45429792,30.74200137,2013-8-18,1189,21.6454328,94.67951763,0.6339174509,-0.6270596385,3.737799883,7.0,0.0,73.03714371,248.2986832,592.4222183,1,,
5360.0,rain,medium,0.0,Uttarakhand,79.31580516,30.36419957,2013-8-18,973,27.09288443,241.6634027,0.6862683296,-0.6651611924,3.664237738,7.0,0.0,56.5786972,117.069253,314.7162905,1,,
5361.0,unknown,medium,0.0,Himachal Pradesh,78.06600386,31.08260088,2013-8-18,2224,21.43610854,8.304028451,0.4991522431,-0.4842474163,0.09540455043,7.0,0.0,0.0,131.1594467,500.6385498,1,,
5365.0,rain,medium,0.0,Uttarakhand,78.33029924,30.62929759,2013-8-19,955,16.95605237,99.16512447,0.2336554974,-0.2867561281,3.305202246,4.0,24.57734156,49.20999956,210.7306933,491.850101,1,,
5377.0,rain,medium,0.0,Uttarakhand,74.02259804,34.09420193,2013-8-19,1294,12.31320831,63.57857652,0.5265241265,-0.5497817993,9.319766998,7.0,5.693247318,46.44410181,143.4999576,239.9849143,1,,
5382.0,rain,medium,0.0,Uttarakhand,77.37370166,31.53750054,2013-8-21,3123,38.42147792,0.0,0.5855260491,-0.5532053113,0.7370821834,7.0,15.5006597,26.51540732,71.25076461,110.8116872,1,,
5410.0,tropical_cyclone,medium,2.0,Kashmir,78.15139564,29.95310167,2013-8-28,306,5.094330512,155.2190252,0.236510098,-0.2714796662,15.58359623,7.0,47.58937454,99.67288113,162.1223235,370.6931796,1,,
5567.0,downpour,medium,0.0,Uttarakhand,78.31540138,30.60040262,2013-9-30,906,20.20919328,41.61881265,0.6763401031,-0.6349436045,2.815877914,4.0,58.35904694,58.35904694,58.35904694,176.6004181,1,,
5598.0,downpour,medium,0.0,Himachal Pradesh,77.0857017,32.36650093,2013-10-11,3686,11.19964468,191.1623664,-0.029771097,0.04899620637,0.4366668761,7.0,0.0,0.0,8.854556084,76.969203,1,,
5608.0,downpour,medium,0.0,Uttarakhand,79.08529639,30.53450156,2013-10-16,1408,24.86243839,58.39886762,0.3066314161,-0.3491620123,3.049673557,7.0,0.0,12.21752167,33.64197874,104.1020923,1,,
5611.0,unknown,medium,1.0,Uttarakhand,79.08529639,30.53450156,2013-10-18,1408,24.86243839,58.39886762,0.3066314161,-0.3491620123,3.049673557,7.0,0.0,5.590993404,26.3367033,104.1020923,1,,
5864.0,downpour,medium,3.0,Himachal Pradesh,77.47020107,31.82459976,2014-2-12,3706,39.07747258,203.5068195,0.1967152357,-0.3369092643,0.737411201,7.0,4.838386536,33.86870575,78.51889324,153.6183033,1,,
5897.0,unknown,medium,0.0,Uttarakhand,75.24400379,33.23590078,2014-2-23,731,37.00304166,188.8635328,0.01280663442,-0.06416487694,7.876481533,7.0,8.259465218,8.259465218,21.14098215,63.2014699,1,,
5940.0,rain,medium,0.0,Uttarakhand,75.24389677,33.23590078,2014-3-10,731,37.00304166,188.8635328,0.01280663442,-0.06416487694,7.876481533,7.0,36.05206394,60.65784836,68.8597765,90.00075865,1,,
5943.0,snowfall_snowmelt,large,0.0,Himachal Pradesh,74.05600117,34.08229613,2014-3-11,1336,8.933509348,275.9107332,0.3932553828,-0.4124353826,13.21985912,7.0,51.89174724,56.57386947,85.53295875,110.4851913,1,,
5970.0,unknown,large,2.0,Kashmir,75.24490453,33.23549946,2014-3-20,724,35.35988722,204.1484595,0.1100501567,-0.1541275084,7.901337147,7.0,18.6513195,46.28291893,161.5920534,202.6592312,1,,
5994.0,snowfall_snowmelt,medium,0.0,Kashmir,74.35240207,34.20900149,2014-4-15,1585,2.241905782,90.0,0.2794655561,-0.3142303228,28.86743546,7.0,6.716264725,10.07439709,40.90478826,92.3913362,1,,
6022.0,continuous_rain,large,0.0,Kashmir,74.02410076,34.08929692,2014-5-12,1363,12.65584598,73.24025219,0.5442331433,-0.5530657172,10.17817879,7.0,10.31830978,15.47746468,55.90296459,127.7507088,1,,
6024.0,unknown,medium,0.0,Kashmir,75.24050339,33.23940118,2014-5-14,739,6.623883476,270.0,0.2547490001,-0.2928492129,7.818920612,7.0,13.86572361,22.79491425,45.90574026,117.9639378,1,,
6162.0,unknown,small,1.0,Kashmir,78.08029974,30.43050195,2014-7-19,1508,27.06781179,262.720472,0.7387906313,-0.6699023247,4.195926189,7.0,138.1979752,378.7198219,463.6821079,492.865016,1,,
6167.0,rain,small,0.0,Kashmir,78.99529835,30.63260178,2014-7-20,1896,16.36091467,106.0037856,0.478421092,-0.5449752212,1.821816206,7.0,106.184761,214.9836922,258.5032654,310.9753265,1,,
6174.0,rain,small,2.0,Kashmir,75.24060149,33.23949928,2014-7-22,739,6.623883476,270.0,0.2547490001,-0.2928492129,7.818920612,7.0,0.0,54.30132294,67.1027565,96.11932373,1,,
6177.0,rain,small,0.0,Uttarakhand,79.14639945,29.15849878,2014-7-23,229,1.854334169,0.0,0.3651265204,-0.3834631741,79.47422791,7.0,61.58576679,156.4422159,233.7020073,315.2606726,1,,
6184.0,continuous_rain,small,3.0,Uttarakhand,80.21820236,29.58289818,2014-7-28,1561,11.14917614,109.1805567,0.2599902749,-0.2901773155,27.28443146,4.0,27.73762894,88.27922058,255.240675,444.204546,1,,
6197.0,rain,small,0.0,Kashmir,74.94650148,33.02719702,2014-8-16,1750,25.92052974,357.7232498,0.03420205414,-0.08898387849,4.607152939,4.0,153.4551907,184.1462288,286.4223061,568.2100754,1,,
6225.0,continuous_rain,small,2.0,Uttarakhand,75.14659918,33.06769903,2014-09-07,1709,30.88409129,225.2765172,0.2099312544,-0.3457525969,2.267855644,7.0,408.3108215,408.3108215,446.3772621,609.8334198,1,,
6247.0,continuous_rain,medium,7.0,Uttarakhand,77.09909684,31.01640107,2014-10-15,1692,12.57024576,248.7163742,0.1699479222,-0.2140045762,6.549302101,7.0,0.0,0.0,41.29650879,63.07631302,1,,
6263.0,downpour,medium,0.0,Haryana,74.48889962,33.0364987,2014-9-26,618,12.76917838,0.0,0.4646100104,-0.4805188775,2.487756491,7.0,0.0,0.0,0.0,598.7702026,1,,
6294.0,unknown,medium,0.0,Himachal Pradesh,74.5128004,33.35509701,2014-09-06,1842,18.41295239,13.46542813,0.4230265617,-0.5100673437,9.183091164,4.0,398.7325439,398.7325439,398.7325439,609.7011185,1,,
6299.0,rain,medium,14.0,Uttarakhand,75.31420342,33.12060181,2014-10-26,1524,39.57085594,343.7006825,0.4046743214,-0.3851580918,9.754714966,7.0,0.0,0.0,0.0,17.48347473,1,,
6310.0,downpour,medium,0.0,Kashmir,78.03659609,30.48760074,2012-08-05,1319,29.45083304,52.98296752,0.6282885671,-0.5579820871,4.675897121,4.0,215.4563446,235.8952866,547.5585899,858.9645958,1,,
6337.0,downpour,medium,0.0,Kashmir,76.98320035,31.776602,2014-09-09,986,24.56081859,270.0,0.6239955425,-0.6072767973,9.146868706,6.0,84.71772003,272.9234772,308.4500465,510.7208977,1,,
6338.0,downpour,medium,0.0,Uttarakhand,75.21379784,33.26109916,2014-9-11,1227,45.97562291,309.901687,0.4956859648,-0.4903488457,2.128142834,7.0,0.0,369.0308228,369.0308228,461.1582813,1,,
6339.0,unknown,medium,2.0,Himachal Pradesh,74.37229858,33.54050198,2014-09-06,1518,35.96033105,297.9417415,0.2948589325,-0.3373616636,6.494915009,7.0,445.6549072,445.6549072,445.6549072,697.7349014,1,,
6341.0,unknown,medium,2.0,Himachal Pradesh,79.04779981,30.68800166,2014-9-11,2665,49.99301603,115.7705632,0.5194888115,-0.5958830118,0.7360188961,7.0,8.212590218,35.83903313,46.90482807,159.1103792,1,,
6356.0,downpour,medium,5.0,Kashmir,75.09220261,32.94110069,2014-11-07,702,8.909251595,338.3375422,0.6643379927,-0.6266906857,4.716932774,4.0,0.0,0.0,0.0,0.0,1,,
6358.0,downpour,small,0.0,Kashmir,75.1370032,32.84679963,2014-09-06,594,18.64509048,256.1205249,0.3503671288,-0.400154233,3.841910124,4.0,530.0473328,530.0473328,530.0473328,824.10149,1,,
6359.0,rain,medium,1.0,Kashmir,75.05560231,32.91480092,2014-09-06,681,16.00837973,70.21242244,0.4054410458,-0.4275695682,7.839003086,4.0,506.2349701,506.2349701,506.2349701,791.0816231,1,,
6369.0,rain,medium,5.0,Kashmir,74.94259531,33.00859811,2014-09-04,1479,32.81038354,197.4224021,0.5423753858,-0.5594222546,4.855388641,4.0,0.0,0.0,0.0,317.1793785,1,,
6370.0,downpour,medium,13.0,Kashmir,74.25620143,33.79800169,2014-09-04,1412,61.92248638,290.7350717,0.4139288366,-0.5024826527,5.669547558,7.0,0.0,0.0,50.8759346,266.9211807,1,,
6371.0,continuous_rain,medium,3.0,Kashmir,74.82879459,33.1253017,2014-09-03,796,21.46473968,231.8632885,0.6065967679,-0.6148681641,3.617246389,4.0,0.0,0.0,0.0,300.0668831,1,,
6374.0,rain,medium,2.0,Kashmir,75.44809684,33.12609988,2014-11-06,886,25.66735659,208.8596252,0.2226373702,-0.273515135,1.770052552,7.0,0.0,0.0,8.543274879,25.79423809,1,,
6432.0,downpour,medium,41.0,Kashmir,76.98339655,30.70899956,2014-08-04,741,24.37192005,274.0981111,0.6099292636,-0.5890435576,1.259370804,4.0,40.09191513,92.15879631,149.7860966,287.9430523,1,,
6510.0,unknown,large,0.0,Himachal Pradesh,78.74719843,30.11759791,2014-8-15,1475,28.48923778,270.0,0.6737757325,-0.6744003892,1.123785615,7.0,46.38637924,134.2866783,197.3601456,465.5068817,1,,
6525.0,unknown,small,0.0,Kashmir,78.45939467,30.99360169,2014-8-18,3008,55.98765365,130.1288002,0.6729466915,-0.6615147591,0.2097495794,7.0,0.0,0.0,230.2146492,532.0427837,1,,
6530.0,downpour,medium,0.0,Uttarakhand,74.24929874,34.53819908,2014-8-17,1663,21.86430963,78.36333754,0.604660511,-0.572298944,17.94244957,7.0,30.50222111,30.50222111,42.73721266,60.91191244,1,,
6538.0,continuous_rain,medium,0.0,Kashmir,78.13459821,31.52159938,2014-8-20,1920,44.11381772,131.90188,0.1396882981,-0.1972212493,2.396231174,9.0,0.0,58.50548744,84.7552166,233.6441107,1,,
6552.0,mining,medium,2.0,Himachal Pradesh,77.92769592,31.55930108,2014-8-26,1586,47.43361706,264.0261072,0.4512282014,-0.5134587288,0.7623749375,9.0,0.0,0.0,65.7754097,161.4800148,1,,
6566.0,unknown,medium,0.0,Kashmir,75.3504024,32.61880133,2011-8-27,762,5.675157054,144.5355763,0.2764016688,-0.3178600371,3.421581745,4.0,39.38798904,78.77597809,78.77597809,495.5044785,1,,
6567.0,unknown,medium,0.0,Kashmir,75.84660224,32.57639974,2011-8-27,790,13.0119359,94.01687955,0.5058220029,-0.5532508492,0.9082009196,4.0,48.12885666,72.19328499,134.0433178,622.1854572,1,,
6631.0,downpour,medium,0.0,Kashmir,77.39569841,28.63629792,2015-01-05,206,2.133885618,150.3305706,0.05987953767,-0.1105084717,55.0148735,7.0,7.94214344,13.08475637,13.08475637,17.6238122,1,,
6730.0,unknown,large,0.0,Kashmir,77.28529999,33.28699762,2014-12-31,4081,33.02084907,63.36351282,-0.0106770657,-0.02788033895,0.003605728038,9.0,0.0,0.0,2.208957672,10.47732174,1,,
6734.0,unknown,small,0.0,Uttar Pradesh,77.21349954,28.57140016,2015-1-29,216,3.489039055,217.2024818,0.1982024312,-0.2479632795,105.8641968,7.0,7.159534931,7.159534931,7.159534931,25.0790534,1,,
6804.0,unknown,small,1.0,NCT,75.19219795,33.3375995,2015-2-26,1209,31.01369953,244.480248,0.2889480889,-0.2876196802,3.252476931,9.0,78.16222572,127.0074167,158.2836967,195.9375393,1,,
6827.0,unknown,medium,0.0,Kashmir,74.32100108,34.20920215,2015-03-05,1626,42.97610379,346.6385817,0.4395581186,-0.4290458262,4.774554729,7.0,6.144377708,19.42718148,81.12141562,108.5088677,1,,
6840.0,unknown,medium,2.0,Kashmir,74.17939787,33.74529957,2015-02-05,1142,1.115281563,270.0,0.3736594617,-0.4472272694,6.705453396,7.0,12.46791172,16.62388229,30.93393135,62.13402033,1,,
6841.0,continuous_rain,medium,0.0,Kashmir,75.24490453,33.12130189,2015-03-05,2306,18.22980229,69.87652321,0.4088726342,-0.4848609865,1.146502137,7.0,13.33484459,38.77217674,121.5825422,147.3640809,1,,
6842.0,continuous_rain,medium,0.0,Kashmir,75.20300235,33.32959987,2015-03-02,1158,28.7552389,237.9269386,0.2678927183,-0.3042949736,3.188549757,9.0,51.64801931,129.810245,204.355063,237.6963766,1,,
6851.0,unknown,medium,0.0,Kashmir,76.12380226,32.56119866,2015-3-10,915,32.16946698,197.779725,0.4985044003,-0.5653366446,5.501567841,7.0,34.13193703,43.55623341,161.103899,269.4429388,1,,
6867.0,downpour,medium,0.0,Himachal Pradesh,74.97810313,33.89110326,2015-3-15,1638,15.46941999,20.62940931,0.4190932512,-0.4590931535,6.054675102,7.0,9.845615387,60.10876036,119.1735883,205.4497982,1,,
6871.0,continuous_rain,small,0.0,Kashmir,74.24529892,33.68460229,2015-3-15,1356,17.16462037,118.1433395,0.4930720627,-0.5566350818,2.366858959,7.0,6.825524569,26.93306088,81.75825667,181.0716908,1,,
6872.0,rain,medium,1.0,Kashmir,74.10109606,33.77320017,2015-3-15,1052,21.72031356,219.4583785,0.4081792831,-0.4695049524,13.20371437,7.0,4.429722786,26.09704304,64.26950216,157.9985533,1,,
6873.0,continuous_rain,medium,0.0,Kashmir,75.29659888,33.08089797,2015-3-15,1743,18.7428603,149.1741693,0.4158831239,-0.5253428817,6.715769291,4.0,25.63605881,53.01329994,125.7820873,230.9755468,1,,
6874.0,continuous_rain,medium,0.0,Kashmir,75.19689784,33.33429977,2015-3-22,1167,41.13364456,225.2263738,0.04595085606,-0.09161963314,3.159133434,9.0,0.0,89.41272736,213.8245888,450.5007739,1,,
6889.0,unknown,medium,0.0,Kashmir,74.38359794,34.078604,2015-3-15,2698,10.70743799,148.881955,0.5637931228,-0.5282050371,3.384082556,7.0,4.806786537,37.80340958,78.88683319,164.3335252,1,,
6890.0,continuous_rain,small,1.0,Kashmir,74.4116992,34.09680159,2015-3-15,2071,12.78486365,328.8765486,0.2160034925,-0.2600580752,2.595329762,7.0,4.574078083,38.21523714,78.01112509,160.8210887,1,,
6891.0,snowfall_snowmelt,medium,1.0,Kashmir,74.55940246,34.13270181,2015-3-15,1614,3.833650988,118.8910696,0.3497112095,-0.3803678155,19.42268753,7.0,4.950682163,43.58401537,94.03864241,180.1175373,1,,
6907.0,snowfall_snowmelt,medium,0.0,Kashmir,75.8103007,33.1753997,2015-3-21,1061,43.56493255,274.8816833,0.1270977259,-0.2012805939,2.122850657,7.0,0.0,54.48570442,101.6351185,205.691789,1,,
6908.0,continuous_rain,medium,0.0,Kashmir,75.57869499,33.09769986,2015-3-15,1082,20.79527143,75.18189685,0.3515167236,-0.4311485887,3.63863492,7.0,13.14219379,40.60933638,112.1576276,232.1232679,1,,
6924.0,snowfall_snowmelt,medium,0.0,Kashmir,74.79428561,33.95483273,2015-3-28,1614,3.350656787,90.0,0.3423422575,-0.3530213535,7.383366585,7.0,0.0,10.35066605,47.1282022,165.903692,1,,
6925.0,continuous_rain,medium,0.0,Kashmir,75.24050339,33.01859987,2015-3-28,1013,18.05854346,173.1989429,0.0935459286,-0.2022423893,5.847728252,7.0,0.0,3.371779203,70.70509315,181.3696835,1,,
6928.0,continuous_rain,large,0.0,Kashmir,79.81020353,30.61449783,2015-3-31,2716,40.25635441,138.2090456,0.08585986495,-0.161269024,0.1513350457,7.0,45.52704048,50.58921766,50.58921766,213.6597314,1,,
6931.0,downpour,medium,0.0,Kashmir,74.7958998,33.70989877,2015-3-23,2215,17.06965709,333.6648469,0.671875,-0.5957739949,8.630789757,7.0,0.0,19.8251915,63.71913052,212.8953059,1,,
6932.0,downpour,medium,0.0,Kashmir,74.03569888,34.07960283,2015-3-23,1292,35.8993742,87.43652896,0.3773773313,-0.4199446142,9.284189224,7.0,0.0,9.942565918,40.67826915,165.5217259,1,,
6933.0,continuous_rain,medium,0.0,Kashmir,74.65660195,33.93439667,2015-3-30,2074,20.1204599,158.111571,0.2701383829,-0.3697352409,10.96021652,7.0,64.31401062,76.3355608,92.77278042,216.1285504,1,,
6934.0,continuous_rain,medium,0.0,Kashmir,74.59149907,34.00959941,2015-3-30,1822,28.84291937,357.9679375,0.2838532031,-0.338105917,2.235126257,7.0,55.95973206,71.12053871,83.63786173,198.8623955,1,,
6947.0,continuous_rain,medium,16.0,Kashmir,78.62780154,30.02610161,2015-6-21,494,28.47775523,268.2899376,0.5636425614,-0.5404905677,0.7394429445,7.0,65.20658112,65.20658112,65.20658112,65.20658112,1,,
7011.0,construction,medium,4.0,Uttarakhand,74.65679815,34.1410002,2015-6-25,1580,4.32615327,148.8633061,0.4684155881,-0.4905336797,11.95130825,7.0,0.0,36.63930893,36.63930893,36.63930893,1,,
7012.0,continuous_rain,medium,0.0,Kashmir,79.04789791,30.68380118,2015-6-25,2495,40.42216439,133.1730345,0.550719142,-0.543341279,0.4598414302,7.0,148.0941162,238.3390121,238.3390121,238.3390121,1,,
7026.0,downpour,small,0.0,Himachal Pradesh,75.44460091,34.26070031,2015-5-30,3357,11.31196638,144.0216611,-0.01348284353,-0.01460145973,1.339110613,9.0,0.0,8.116671324,21.01595235,53.58036149,1,,
7027.0,continuous_rain,small,0.0,Kashmir,76.05390139,34.6055984,2015-6-25,2834,39.57416795,182.727793,0.05903858691,-0.1285463125,0.5985657573,9.0,0.0,8.844069481,8.844069481,51.97031879,1,,
7062.0,continuous_rain,medium,4.0,Kashmir,74.48380286,33.63029935,2015-5-14,2746,35.1294498,126.7411438,0.1132404357,-0.198507607,1.068954706,7.0,65.35279846,97.50057411,154.5254631,368.5743241,1,,
7084.0,continuous_rain,small,4.0,Kashmir,79.4524989,29.39299845,2015-07-06,1991,13.9894146,167.0717748,0.2520606816,-0.3601235449,13.54736996,4.0,110.2627182,110.2627182,326.2565842,416.911438,1,,
7110.0,continuous_rain,medium,0.0,Kashmir,79.55409952,30.55680153,2015-4-30,1872,18.38540155,13.07538759,0.5139154792,-0.5602827072,4.206285,7.0,6.386226654,6.386226654,12.61350679,76.23558807,1,,
7111.0,continuous_rain,medium,0.0,Kashmir,79.57650204,30.56310223,2015-4-28,1454,18.43327006,312.8399529,0.1619083434,-0.2012644857,0.8830240369,7.0,3.193113327,3.193113327,16.72788095,132.5763054,1,,
7157.0,continuous_rain,medium,0.0,Kashmir,75.31559911,34.04040288,2015-7-10,2542,38.77042738,152.4753463,0.5297793746,-0.5714219809,2.494091511,7.0,0.0,32.83277035,32.83277035,51.95296192,1,,
7158.0,continuous_rain,small,0.0,Kashmir,75.14469961,32.92620284,2015-7-11,717,35.18426166,68.44610593,0.2820484638,-0.333368957,24.28553772,7.0,98.9518261,180.805912,209.2438493,243.2449794,1,,
7159.0,continuous_rain,small,0.0,Uttarakhand,79.45520112,29.39080011,2015-7-10,1951,5.936953685,159.0644753,0.1773482263,-0.2345891893,13.27845955,4.0,36.82126236,220.7265053,220.7265053,527.3752251,1,,
7160.0,continuous_rain,small,0.0,Uttarakhand,78.48619833,30.37990007,2015-7-11,927,39.72165506,13.05243082,0.6915829778,-0.6037136912,5.680429935,4.0,20.28063393,94.19956779,139.2183208,195.7180595,1,,
7161.0,downpour,small,0.0,Kashmir,78.9000029,30.24099907,2015-7-11,707,43.16724249,10.35745045,0.6253842711,-0.5877645612,4.440609455,7.0,24.93191147,107.9096336,107.9096336,245.070837,1,,
7167.0,rain,small,0.0,Kashmir,73.95929664,34.66090017,2015-04-08,2069,56.16162812,305.1123198,0.7312760949,-0.6298853755,0.0,7.0,0.0,10.43490577,42.63761508,72.64536393,1,,
7168.0,rain,small,0.0,Uttarakhand,74.32790377,34.20880083,2015-04-07,1589,2.908204422,50.40947758,0.06847735494,-0.1258221716,11.50404739,7.0,6.504421711,38.39809084,92.21328306,148.8277969,1,,
7171.0,downpour,medium,0.0,Kashmir,74.79900334,33.94450099,2015-3-30,1623,2.164826788,328.9219967,0.1062809527,-0.1747150123,10.64238644,7.0,77.83956909,88.19023514,106.3586404,243.7432611,1,,
7172.0,downpour,medium,0.0,Uttarakhand,75.54689714,33.14450259,2015-04-03,1133,7.459720418,188.49102,0.1077924371,-0.1472782195,61.58220673,7.0,38.3054409,160.1940594,160.1940594,301.5633583,1,,
7174.0,downpour,medium,0.0,Kashmir,74.03009825,34.0886013,2015-04-03,1313,7.107293915,38.83357803,0.3688085079,-0.3422296345,16.69509697,7.0,30.87061596,89.31655025,103.9911385,196.522083,1,,
7175.0,downpour,medium,0.0,Uttarakhand,74.61630059,33.92430126,2015-04-05,2201,6.676176368,90.0,0.290928185,-0.3612028956,10.3256321,7.0,9.013344765,99.93363667,145.6118898,240.2221224,1,,
7176.0,continuous_rain,medium,2.0,Kashmir,74.4725035,34.15869837,2015-04-02,1650,0.9274099368,180.0,0.2958502173,-0.3655015528,4.136770725,7.0,26.21350956,75.09491253,85.25551987,167.9801307,1,,
7177.0,continuous_rain,medium,0.0,Uttarakhand,74.40160379,34.09780043,2015-04-03,2007,14.69490418,104.2944951,0.5269498825,-0.5373479128,1.846414685,7.0,41.77181339,92.72448826,102.8770399,189.1810277,1,,
7178.0,continuous_rain,medium,0.0,Kashmir,74.42030526,34.06039749,2015-04-03,2240,22.14110151,106.1698909,0.5373868346,-0.5098772049,4.152186871,7.0,42.26316261,94.42183113,104.6466179,191.8540087,1,,
7185.0,continuous_rain,medium,0.0,Uttarakhand,77.18029707,32.29339843,2015-04-03,2149,8.89961445,301.1236994,0.002917441539,0.001019767951,2.621573448,7.0,20.49420071,84.91816044,84.91816044,175.4620004,1,,
7195.0,continuous_rain,medium,0.0,Uttarakhand,75.21019934,33.25040178,2015-7-12,716,11.26758374,215.6580148,0.2057930082,-0.2392054796,2.617645741,4.0,49.02133942,105.7620544,124.0740862,150.5093269,1,,
7196.0,continuous_rain,medium,0.0,Kashmir,75.28450134,33.20489665,2015-7-12,778,33.75064918,6.650645014,0.1335010231,-0.1609510928,2.863703966,7.0,37.68337631,81.74479485,95.13055134,127.8175941,1,,
7215.0,continuous_rain,small,1.0,Kashmir,78.03700186,32.24730024,2015-7-13,3661,1.43596808,130.2229947,0.06289809942,-0.1883334517,0.03125326335,9.0,0.0,0.0,6.071947098,28.49363136,1,,
7224.0,continuous_rain,small,0.0,Himachal Pradesh,78.43779924,30.72999747,2015-7-19,1120,7.681024638,196.2164423,0.1181830019,-0.1820570081,6.729048252,7.0,80.83499432,260.6376524,433.2733107,638.8475866,1,,
7226.0,continuous_rain,small,1.0,Himachal Pradesh,76.32260236,32.22389888,2015-7-18,1476,20.42124106,180.0,0.708645463,-0.6526013017,13.69024467,7.0,396.0351257,396.0351257,649.236227,886.2837429,1,,
7227.0,monsoon,medium,0.0,Himachal Pradesh,80.23639549,30.07050088,2015-7-19,2186,9.259366335,53.43274578,0.3034875691,-0.3808495998,2.018655777,7.0,32.28470612,32.28470612,162.6238365,364.6967621,1,,
7249.0,continuous_rain,medium,0.0,Uttarakhand,77.16649616,31.08509798,2015-7-13,1821,41.11958208,319.489531,0.6907599568,-0.6566377282,10.41775417,4.0,139.7512569,214.9213333,257.7559624,493.5581551,1,,
7251.0,monsoon,small,1.0,Uttarakhand,75.1494976,34.26890059,2015-7-21,2213,8.669047112,230.4295311,0.2884373367,-0.3341441751,4.512581825,7.0,15.68190861,31.36381721,45.3109436,69.58387184,1,,
7261.0,continuous_rain,small,0.0,Kashmir,77.76519736,33.61599902,2015-7-21,4299,15.45283153,100.1179484,0.0471092388,-0.1195410043,0.01441029273,9.0,15.53466678,27.08629751,35.53099489,41.18693542,1,,
7262.0,continuous_rain,medium,0.0,Kashmir,77.75589567,33.74030092,2015-7-21,3711,28.68860695,84.90861145,0.02153868601,-0.07694011182,0.04985431209,7.0,19.956532,19.956532,33.36221075,61.02841282,1,,
7270.0,continuous_rain,small,0.0,Kashmir,80.21859922,29.58630048,2015-7-24,1664,7.721587156,213.3091364,0.2770216763,-0.2447422743,18.3889389,4.0,42.01583862,62.89821911,194.7542181,508.4098921,1,,
7273.0,continuous_rain,medium,0.0,Kashmir,78.9013986,30.24110163,2015-7-26,694,35.61003265,353.9929086,0.5489276052,-0.5135270953,4.402345181,7.0,30.25704002,59.68635654,214.0227346,321.9323683,1,,
7275.0,continuous_rain,small,0.0,Uttarakhand,75.41889865,34.25799809,2015-7-24,2891,14.02677562,193.6029718,0.02143484727,-0.04924530536,4.042765141,7.0,0.0,12.71311092,39.53474712,56.7450285,1,,
7284.0,continuous_rain,medium,0.0,Uttarakhand,75.77020447,33.27060151,2015-7-27,1152,26.49690868,238.69776,0.3776676953,-0.4238981307,5.820464611,7.0,22.02662754,47.48880291,78.49542332,162.2626162,1,,
7285.0,continuous_rain,small,0.0,Uttarakhand,77.3525031,31.12630008,2015-7-26,2280,8.395167336,39.84221379,0.4463453293,-0.4348230958,5.156337738,4.0,45.08902359,61.69079399,249.5477734,364.0629625,1,,
7286.0,continuous_rain,small,0.0,Uttarakhand,77.17510222,31.10029906,2015-7-26,2146,31.99334742,272.9706895,0.1937609613,-0.2487569302,13.91572094,4.0,43.30485153,68.9259882,325.4165373,468.4779348,1,,
7287.0,continuous_rain,small,0.0,Himachal Pradesh,76.12059617,32.56060114,2015-7-26,842,23.96099738,276.2735309,0.7609142065,-0.706549108,7.75212574,7.0,84.31921005,161.7415676,401.4666042,633.7375641,1,,
7288.0,continuous_rain,small,0.0,Himachal Pradesh,77.1135042,31.95629931,2015-7-26,1208,9.377048555,53.97370738,0.07613573968,-0.138255164,8.334837914,7.0,28.47101402,51.99930286,117.0487719,194.9736176,1,,
7289.0,continuous_rain,small,0.0,Himachal Pradesh,76.92970451,31.70849815,2015-7-26,762,8.055301651,336.2123316,0.1241960377,-0.1842249781,41.38005066,7.0,95.21465302,119.0183163,270.6183071,475.9243908,1,,
7294.0,continuous_rain,small,0.0,Himachal Pradesh,78.10449928,30.45280191,2015-7-24,2063,28.53717557,213.539359,0.5021009445,-0.6112317443,17.1736393,4.0,53.22680664,109.7500401,423.3959522,805.3155384,1,,
7295.0,continuous_rain,medium,3.0,Himachal Pradesh,78.14430121,30.45170051,2015-7-24,2316,22.90669912,174.9008731,0.5056943893,-0.5679705739,1.836046576,4.0,40.93449879,85.06722832,310.8397503,676.9467106,1,,
7296.0,continuous_rain,medium,0.0,Uttarakhand,78.3415005,30.41600095,2015-7-24,2327,24.26305522,253.3030632,0.4671546519,-0.5245622993,1.90557313,4.0,32.51375198,42.93781757,194.6235361,414.673398,1,,
7297.0,downpour,small,0.0,Kashmir,79.0757985,30.72040148,2015-7-28,3593,45.8830098,251.7039478,0.3135221303,-0.3216552138,0.6536064148,7.0,68.27138519,68.27138519,152.4654732,379.5303345,1,,
7308.0,continuous_rain,small,0.0,Uttarakhand,78.68139548,30.9110994,2015-8-15,2002,38.8591446,280.4174792,0.4179054499,-0.4435569942,0.3833694756,7.0,19.7425518,19.7425518,98.73702049,313.5438309,1,,
7309.0,continuous_rain,medium,0.0,Himachal Pradesh,78.6159983,30.78640064,2015-8-15,1559,22.20908361,146.3696495,0.1708633006,-0.2723433077,1.368122339,7.0,19.34495163,74.17381859,201.5539761,467.4816532,1,,
7310.0,continuous_rain,medium,0.0,Uttarakhand,78.32990238,30.90849974,2015-8-15,1815,41.0545586,77.11273148,0.7125088573,-0.6707186699,0.6299230456,7.0,32.03749466,99.83702087,237.1753922,521.7958841,1,,
7311.0,unknown,medium,0.0,Kashmir,79.52690346,30.64939922,2015-8-15,2064,22.38726262,30.16476759,0.637216866,-0.5952736139,0.7815306783,7.0,17.74446106,73.14635658,183.8180904,428.1014919,1,,
7329.0,downpour,medium,3.0,Himachal Pradesh,77.34459711,32.02750223,2015-8-18,1721,32.06580988,154.7414561,0.6896161437,-0.6392424703,6.679490089,7.0,17.68455124,44.2113781,119.9822073,212.680871,1,,
7366.0,downpour,medium,0.0,Kashmir,76.33740212,32.22409954,2015-7-31,1577,14.65969084,251.9764887,0.5920962095,-0.5609233379,8.531459808,7.0,64.6177597,250.185215,420.0106621,1069.246889,1,,
7367.0,rain,small,0.0,Himachal Pradesh,76.33689824,32.22370268,2014-08-08,1561,15.90515628,250.0713773,0.5228703618,-0.5097459555,7.897639275,7.0,227.4873581,227.4873581,407.737154,880.4708481,1,,
7391.0,downpour,medium,0.0,Kashmir,78.85780197,31.03580262,2015-08-01,2734,53.37365127,211.3076554,0.1533600837,-0.2137884796,0.03856579587,9.0,177.8603706,177.8603706,227.4917564,423.6107445,1,,
7598.0,downpour,medium,0.0,Himachal Pradesh,74.77559752,33.10779973,2015-08-06,1194,24.19624295,54.80143448,0.638908565,-0.6494130492,1.148440242,4.0,34.47652054,94.93239403,173.1852636,454.5721264,1,,
7613.0,rain,medium,0.0,Himachal Pradesh,75.19940386,32.99609925,2015-08-08,830,27.80587009,98.82842456,0.1074243933,-0.2260064632,2.565443277,4.0,99.52470684,112.3389025,167.9045362,420.8610773,1,,
7614.0,monsoon,medium,0.0,Himachal Pradesh,76.75700353,31.80279921,2015-08-08,720,13.36366868,105.8168451,0.6111033559,-0.5915695429,6.191620827,7.0,75.01820469,139.4260187,265.1859446,566.3726072,1,,
7628.0,unknown,medium,0.0,Himachal Pradesh,76.5102012,31.69160261,2015-08-09,821,17.96859884,176.6370527,0.4238915145,-0.4337973893,9.379891396,4.0,126.3538551,154.9342232,246.3755646,717.2974634,1,,
7636.0,continuous_rain,medium,0.0,Uttarakhand,74.25620143,33.38520041,2015-08-09,1084,16.23070126,59.96910282,0.4029991925,-0.4905827045,3.999541998,7.0,47.44132233,47.44132233,145.0937386,342.4028568,1,,
7649.0,continuous_rain,medium,0.0,Uttarakhand,76.76219838,31.32370002,2015-8-11,575,12.08697639,232.7895582,0.4766058624,-0.5256611705,3.922175646,4.0,80.50450134,151.5313721,229.6280251,541.2542515,1,,
7676.0,continuous_rain,medium,0.0,Uttarakhand,76.30750385,32.17640054,2015-8-12,959,8.888438046,101.947726,0.6893692613,-0.6411555409,3.499586105,7.0,123.8521881,340.3774261,485.0945644,1328.206873,1,,
7678.0,continuous_rain,medium,0.0,Uttarakhand,76.31939627,32.19670282,2015-8-11,1133,20.61693077,255.0385236,0.5076874495,-0.4870795906,8.617418289,7.0,97.45928955,294.7169533,450.5581131,1260.807495,1,,
7685.0,rain,medium,8.0,Himachal Pradesh,76.98760148,31.7755987,2015-8-13,1027,37.25357314,339.4801383,0.7713586688,-0.6983091831,9.690916061,7.0,34.04793549,145.9572783,271.9959898,450.4694891,1,,
7704.0,unknown,medium,0.0,Kashmir,75.61570107,32.61749927,2015-8-20,1054,15.28348273,135.3061839,0.4766241908,-0.5401672125,3.656230927,7.0,0.0,32.47249889,202.4260311,501.9569645,1,,
7726.0,unknown,medium,0.0,Kashmir,77.12129871,31.0365027,2015-8-22,1794,22.65285315,251.9225772,0.6583634615,-0.626981318,3.366791248,7.0,0.0,37.43494415,184.7945595,243.0079966,1,,
7746.0,downpour,medium,0.0,Himachal Pradesh,75.2639984,32.61729861,2015-8-20,486,19.12661267,221.6828026,0.2795032859,-0.342528224,1.410710573,7.0,0.0,11.47763062,207.042285,516.6725645,1,,
7940.0,unknown,medium,1.0,Kashmir,74.25250037,33.67940297,2015-09-03,1262,2.163044522,329.0004886,0.03269314393,-0.07273999602,3.021263123,7.0,0.0,82.89659882,104.3002167,216.9648457,1,,
8032.0,downpour,medium,0.0,Kashmir,79.32060315,30.32990017,2016-6-29,926,36.44208053,239.7200744,0.6591458321,-0.6413340569,2.827275038,7.0,11.33884048,27.30230999,45.44347572,81.43347931,1,,
8367.0,unknown,medium,0.0,Himachal Pradesh,80.25650158,29.80019909,2016-6-30,1662,21.42830577,45.47763701,0.5919285417,-0.5798289776,4.743672371,7.0,34.28373241,83.02882671,149.3504267,236.2978411,1,,
8472.0,construction,small,1.0,NCT,74.5263962,33.62959927,2016-07-02,3451,9.452034754,193.5066524,0.1665715575,-0.2359497994,1.3757689,7.0,43.11721802,96.60900497,151.6535797,254.5404892,1,,
8482.0,construction,medium,0.0,Himachal Pradesh,77.09003149,30.89221511,2016-07-02,1573,27.63095242,171.7123108,0.07403529435,-0.3071915805,9.62704277,7.0,71.41927433,117.5978746,166.6407461,243.2969036,1,,
8744.0,continuous_rain,medium,5.0,Kashmir,75.18920144,32.99000366,2016-6-21,833,31.219873,124.1162472,0.06898993254,-0.2005866766,2.973147631,7.0,0.0,16.93601227,16.93601227,68.21853733,1,,
8860.0,continuous_rain,small,0.0,Kashmir,78.11810399,31.51240026,2016-6-17,1720,56.75537021,350.6883487,0.5669270158,-0.5436900258,2.170945168,9.0,40.11875916,40.11875916,40.11875916,57.85092926,1,,
8866.0,rain,small,10.0,Uttarakhand,75.19819544,33.30409828,2015-10-25,2003,35.493123,12.54973829,0.6774852276,-0.5653064847,3.290638208,7.0,8.819368362,50.92749977,70.6824894,70.6824894,1,,
9002.0,rain,small,10.0,Uttarakhand,78.09729783,30.45540157,2016-7-16,1978,33.82546482,206.6405022,0.4201936126,-0.4399101734,15.93134975,4.0,99.37484741,99.37484741,174.0818672,410.7348022,1,,
9008.0,downpour,medium,0.0,Kashmir,78.51129861,30.33509948,2016-7-16,1475,22.01879515,139.5116708,0.6668198109,-0.6274214983,2.102596283,7.0,51.50608635,64.91749096,94.64721966,200.316483,1,,
9017.0,monsoon,large,0.0,Himachal Pradesh,78.29360083,30.16419997,2016-7-17,1097,44.46223133,283.3514437,0.2875680327,-0.2831221223,9.814331055,7.0,48.07432556,72.11148834,91.10578728,284.1946735,1,,
9020.0,downpour,medium,0.0,Kashmir,78.16770258,29.95509935,2016-7-17,309,13.14075539,166.1081647,0.5016368628,-0.4892974496,54.1844101,7.0,116.2316103,158.5584164,204.8976259,321.3518209,1,,
9037.0,downpour,medium,0.0,Uttarakhand,77.12090185,31.68169895,2015-12-07,1066,22.70908996,90.0,0.642352283,-0.646376729,2.722841501,7.0,0.0,0.0,0.0,14.55810547,1,,
9048.0,monsoon,large,0.0,Uttarakhand,78.17579584,31.50069958,2016-7-17,1845,43.82470189,56.1807788,0.5059338808,-0.5089803934,5.551120281,9.0,23.85021782,47.70043564,47.70043564,223.595089,1,,
9120.0,unknown,medium,0.0,Kashmir,77.27909738,28.57460179,2015-12-24,197,2.305677868,113.7061914,0.7633780241,-0.7174747586,58.65904236,7.0,0.0,0.0,3.01282382,5.991625547,1,,
9144.0,downpour,medium,1.0,Himachal Pradesh,76.86927478,31.4662664,2015-12-29,850,32.13594856,265.5661102,0.5305655599,-0.5325912833,0.9967707992,4.0,6.97823143,6.97823143,6.97823143,17.61692905,1,,
9166.0,rain,small,0.0,Uttarakhand,78.43579711,30.73129953,2016-7-18,1157,41.70735265,213.3271771,0.6414153576,-0.6270980835,4.120168209,7.0,166.9800301,210.9323502,236.1203804,407.1784401,1,,
9199.0,downpour,medium,0.0,Uttarakhand,75.3225999,34.29520037,2016-06-08,2739,12.88446488,230.4382713,0.05617600307,-0.130539462,2.752086878,7.0,0.0,0.0,0.0,47.26498699,1,,
9216.0,unknown,small,1.0,Himachal Pradesh,77.42659552,30.69349973,2016-7-26,1655,11.52054186,236.2246713,0.03424862027,-0.1569111198,1.8863343,4.0,21.22559357,84.90237808,270.4814186,451.2878189,1,,
9258.0,downpour,medium,4.0,Uttarakhand,78.43750048,30.97530154,2016-7-31,2535,19.14707227,147.0583067,0.1240932196,-0.1879882067,4.170127869,7.0,0.0,88.93916321,245.1060791,425.584837,1,,
9264.0,downpour,medium,0.0,Uttarakhand,77.10430062,31.6865014,2016-7-31,1098,49.90301913,191.0818559,0.4629035592,-0.5187647939,3.248231173,4.0,0.0,51.37511444,91.27802658,255.8169575,1,,
9314.0,rain,medium,0.0,Uttarakhand,78.06479544,30.30599939,2016-5-22,650,4.670121723,293.3484505,0.1045161709,-0.1514000893,84.4709549,7.0,0.0,0.0,32.14383698,56.58018112,1,,
9318.0,downpour,large,2.0,Himachal Pradesh,77.86440344,30.70070118,2016-5-23,2091,30.11388655,157.0760471,0.5403345227,-0.5599609613,13.04125404,4.0,0.0,0.0,48.62018108,88.47667408,1,,
9380.0,continuous_rain,medium,0.0,Uttarakhand,74.27979899,34.40019882,2016-04-04,1607,2.16795413,328.7850065,0.1160697117,-0.1664149612,6.606801033,7.0,18.50674152,25.16788387,50.34074807,139.5327919,1,,
9426.0,rain,medium,0.0,Himachal Pradesh,75.29048546,33.04965305,2016-3-26,1324,18.36030111,98.41402179,0.5305565596,-0.567886889,6.860143661,7.0,21.84177065,32.4314065,92.67422152,125.9069529,1,,
9447.0,continuous_rain,medium,0.0,Uttarakhand,74.94550264,33.00680109,2016-08-05,1353,37.85623479,178.5769018,0.3994245529,-0.360234499,4.633780479,4.0,22.59382248,78.70721817,243.7491226,485.9710236,1,,
9448.0,downpour,medium,5.0,Kashmir,80.21540204,29.58659924,2016-08-05,1602,19.70100762,5.968028074,0.2611955702,-0.2709979713,42.33563995,4.0,29.38614178,29.38614178,159.5753126,379.8485079,1,,
9449.0,downpour,small,1.0,Uttarakhand,79.49539991,30.73859908,2016-08-04,3120,8.56831129,270.0,0.000268,-0.03461813927,1.348754883,7.0,15.16832066,15.16832066,52.2402277,247.8240385,1,,
9465.0,continuous_rain,medium,1.0,Kashmir,75.69529603,32.98339973,2016-08-07,1882,27.58585729,73.80861189,0.4024362266,-0.4489358664,7.259354591,7.0,63.97010422,81.71553993,178.7950497,281.5643635,1,,
9468.0,continuous_rain,medium,0.0,Kashmir,75.21309776,33.24829708,2016-08-07,707,20.43700026,218.5604546,0.03749262169,-0.08692558855,2.641993999,7.0,49.03225136,55.08683157,128.2581935,209.2514815,1,,
9474.0,continuous_rain,medium,0.0,Kashmir,75.05819751,32.6986995,2016-08-07,466,10.97784214,203.36997,0.2684754729,-0.302898258,2.994184017,7.0,83.59526825,124.8490906,304.2181549,467.4518776,1,,
9475.0,continuous_rain,medium,0.0,Kashmir,75.09110121,32.90409907,2016-08-07,643,0.9274099368,0.0,0.5532449484,-0.5205726027,25.43785477,4.0,96.85977554,131.2671547,329.0277824,523.4992561,1,,
9476.0,continuous_rain,medium,2.0,Kashmir,75.79640169,33.14569763,2016-08-07,960,36.21335459,335.0105768,0.3758125901,-0.3712890744,,9.0,62.66342545,62.66342545,147.910162,224.0513916,1,,
9477.0,downpour,medium,0.0,Kashmir,74.83899702,33.07160075,2016-08-07,456,6.452840332,210.823124,0.6500844359,-0.6288304329,3.461608171,4.0,112.4842796,151.9240227,322.335659,496.8523026,1,,
9478.0,continuous_rain,medium,0.0,Kashmir,75.58070159,32.42979787,2016-08-07,518,23.4833188,44.9340109,0.6419953704,-0.609452188,1.775201917,4.0,127.6464081,175.5421638,373.730669,591.4682503,1,,
9490.0,continuous_rain,medium,0.0,Himachal Pradesh,77.85610059,31.57279878,2016-8-29,1650,59.22781595,19.15374502,0.441015929,-0.4490699768,0.2385528535,9.0,14.56905174,61.39721966,85.85684586,146.7763824,1,,
9507.0,construction,medium,0.0,Himachal Pradesh,77.05879995,30.89740104,2016-10-03,1704,40.45654498,264.5536938,0.337646395,-0.4168037474,7.20485878,4.0,4.043520451,34.38876295,66.42655754,89.28058672,1,,
9630.0,unknown,medium,0.0,Uttarakhand,80.55300058,29.85209857,2016-10-04,895,2.329933446,293.4442587,0.1036958694,-0.1722417921,1.501599669,7.0,18.10200119,47.69092751,80.47339249,160.5250044,1,,
,,,,,,,,405,4.247640122607501,130.8334695948357,0.6033626289644631,-0.4727974727974728,,4.0,111.36339569091795,235.5952682495117,326.67076110839844,612.0512790679932,0,"NL_ee.String({
  ""type"": ""Invocation"",
  ""arguments"": {
    ""element"": {
      ""type"": ""ArgumentRef"",
      ""value"": ""_MAPPING_VAR_0_0""
    }
  },
  ""functionName"": ""Feature.id""
})",-9999.0
,,,,,,,,5287,47.78525275459451,177.00295235911847,0.0181611804767309,-0.074251497005988,,9.0,53.9143009185791,62.900017738342285,62.900017738342285,62.900017738342285,0,"NL_ee.String({
  ""type"": ""Invocation"",
  ""arguments"": {
    ""element"": {
      ""type"": ""ArgumentRef"",
      ""value"": ""_MAPPING_VAR_0_0""
    }
  },
  ""functionName"": ""Feature.id""
})",-9999.0
,,,,,,,,205,3.3486147935453063,106.06108674056152,0.4072289156626506,-0.4348894348894349,,7.0,0.0,0.0,10.407777786254885,175.52502632141113,0,"NL_ee.String({
  ""type"": ""Invocation"",
  ""arguments"": {
    ""element"": {
      ""type"": ""ArgumentRef"",
      ""value"": ""_MAPPING_VAR_0_0""
    }
  },
  ""functionName"": ""Feature.id""
})",-9999.0
,,,,,,,,4992,3.859480210397338,343.7000666959722,0.0094991364421416,-0.0536277602523659,,9.0,53.91204833984375,53.91204833984375,82.5400276184082,144.4094066619873,0,"NL_ee.String({
  ""type"": ""Invocation"",
  ""arguments"": {
    ""element"": {
      ""type"": ""ArgumentRef"",
      ""value"": ""_MAPPING_VAR_0_0""
    }
  },
  ""functionName"": ""Feature.id""
})",-9999.0
,,,,,,,,4711,4.301580194266413,149.4115112824457,0.1000369139904023,-0.2148389726865063,,9.0,9.352599620819092,18.993497848510746,18.993497848510746,30.200051307678223,0,"NL_ee.String({
  ""type"": ""Invocation"",
  ""arguments"": {
    ""element"": {
      ""type"": ""ArgumentRef"",
      ""value"": ""_MAPPING_VAR_0_0""
    }
  },
  ""functionName"": ""Feature.id""
})",-9999.0
,,,,,,,,231,1.4064752487549674,228.75265145027723,0.7157036511875221,-0.6138712904301434,,6.0,0.0,0.0,0.0,145.69999980926514,0,"NL_ee.String({
  ""type"": ""Invocation"",
  ""arguments"": {
    ""element"": {
      ""type"": ""ArgumentRef"",
      ""value"": ""_MAPPING_VAR_0_0""
    }
  },
  ""functionName"": ""Feature.id""
})",-9999.0
,,,,,,,,4928,22.846927589711512,357.37128533332634,0.1042047531992687,-0.1793036121054344,,9.0,0.0,0.0,0.0,0.0,0,"NL_ee.String({
  ""type"": ""Invocation"",
  ""arguments"": {
    ""element"": {
      ""type"": ""ArgumentRef"",
      ""value"": ""_MAPPING_VAR_0_0""
    }
  },
  ""functionName"": ""Feature.id""
})",-9999.0
,,,,,,,,778,13.023791970803066,204.522767191136,-0.031438127090301,0.0664087685364281,,7.0,74.87321472167969,247.97840118408203,404.70469665527344,835.2865104675293,0,"NL_ee.String({
  ""type"": ""Invocation"",
  ""arguments"": {
    ""element"": {
      ""type"": ""ArgumentRef"",
      ""value"": ""_MAPPING_VAR_0_0""
    }
  },
  ""functionName"": ""Feature.id""
})",-9999.0
,,,,,,,,587,14.5094129803819,284.4896006568719,0.4015375517445299,-0.2810810810810811,,4.0,40.257843017578125,126.73382568359376,225.3843364715576,670.392499923706,0,"NL_ee.String({
  ""type"": ""Invocation"",
  ""arguments"": {
    ""element"": {
      ""type"": ""ArgumentRef"",
      ""value"": ""_MAPPING_VAR_0_0""
    }
  },
  ""functionName"": ""Feature.id""
})",-9999.0
,,,,,,,,5369,38.334477269967394,149.29651456832278,0.1217352810978309,-0.2895674300254452,,9.0,32.78642654418945,37.47020149230957,37.47020149230957,37.47020149230957,0,"NL_ee.String({
  ""type"": ""Invocation"",
  ""arguments"": {
    ""element"": {
      ""type"": ""ArgumentRef"",
      ""value"": ""_MAPPING_VAR_0_0""
    }
  },
  ""functionName"": ""Feature.id""
})",-9999.0
,,,,,,,,2302,45.31382761691664,227.74131920414135,-0.0979914790018259,0.1034482758620689,,9.0,126.96542739868164,346.22997856140137,431.4239273071289,712.7138748168945,0,"NL_ee.String({
  ""type"": ""Invocation"",
  ""arguments"": {
    ""element"": {
      ""type"": ""ArgumentRef"",
      ""value"": ""_MAPPING_VAR_0_0""
    }
  },
  ""functionName"": ""Feature.id""
})",-9999.0
,,,,,,,,4419,42.0683871111212,111.02067981214527,0.0197759645968745,-0.0458091050914763,,7.0,52.17084503173828,69.56112670898438,85.74993896484375,111.93945789337158,0,"NL_ee.String({
  ""type"": ""Invocation"",
  ""arguments"": {
    ""element"": {
      ""type"": ""ArgumentRef"",
      ""value"": ""_MAPPING_VAR_0_0""
    }
  },
  ""functionName"": ""Feature.id""
})",-9999.0
,,,,,,,,214,6.8131679349577405,198.4809586675085,0.3992322456813819,-0.333943275388838,,7.0,7.212966918945312,15.249139785766602,15.249139785766602,234.5189619064331,0,"NL_ee.String({
  ""type"": ""Invocation"",
  ""arguments"": {
    ""element"": {
      ""type"": ""ArgumentRef"",
      ""value"": ""_MAPPING_VAR_0_0""
    }
  },
  ""functionName"": ""Feature.id""
})",-9999.0
,,,,,,,,208,6.582053994598674,286.2950222911703,0.0994806232520974,-0.1008,,6.0,0.0,0.0,6.864577293395996,145.940664768219,0,"NL_ee.String({
  ""type"": ""Invocation"",
  ""arguments"": {
    ""element"": {
      ""type"": ""ArgumentRef"",
      ""value"": ""_MAPPING_VAR_0_0""
    }
  },
  ""functionName"": ""Feature.id""
})",-9999.0
,,,,,,,,4511,3.3711974214640144,285.9503667195006,0.5428820200261211,-0.5578021978021978,,9.0,15.79079818725586,15.79079818725586,15.79079818725586,69.15553569793701,0,"NL_ee.String({
  ""type"": ""Invocation"",
  ""arguments"": {
    ""element"": {
      ""type"": ""ArgumentRef"",
      ""value"": ""_MAPPING_VAR_0_0""
    }
  },
  ""functionName"": ""Feature.id""
})",-9999.0
,,,,,,,,4740,35.90238078617966,101.609781287595,0.0524748790472646,-0.145402997164844,,9.0,0.0,4.09807825088501,4.09807825088501,4.09807825088501,0,"NL_ee.String({
  ""type"": ""Invocation"",
  ""arguments"": {
    ""element"": {
      ""type"": ""ArgumentRef"",
      ""value"": ""_MAPPING_VAR_0_0""
    }
  },
  ""functionName"": ""Feature.id""
})",-9999.0
,,,,,,,,240,2.141451333015259,30.02317354393362,0.0676895306859205,-0.1218587008060692,,7.0,0.0,11.164861679077148,34.6108283996582,168.88381481170654,0,"NL_ee.String({
  ""type"": ""Invocation"",
  ""arguments"": {
    ""element"": {
      ""type"": ""ArgumentRef"",
      ""value"": ""_MAPPING_VAR_0_0""
    }
  },
  ""functionName"": ""Feature.id""
})",-9999.0
,,,,,,,,3587,20.446641214535425,357.01793374459174,0.0089668615984405,0.0069071373752877,,7.0,28.56178092956543,58.10124206542969,82.78946113586426,300.7957515716553,0,"NL_ee.String({
  ""type"": ""Invocation"",
  ""arguments"": {
    ""element"": {
      ""type"": ""ArgumentRef"",
      ""value"": ""_MAPPING_VAR_0_0""
    }
  },
  ""functionName"": ""Feature.id""
})",-9999.0
,,,,,,,,5535,36.09143085293204,192.2956356171007,0.0612088752869166,-0.1396877567789646,,9.0,0.0,0.0,0.0,0.0,0,"NL_ee.String({
  ""type"": ""Invocation"",
  ""arguments"": {
    ""element"": {
      ""type"": ""ArgumentRef"",
      ""value"": ""_MAPPING_VAR_0_0""
    }
  },
  ""functionName"": ""Feature.id""
})",-9999.0
,,,,,,,,208,2.7802885155465065,-0.0,0.2385847005337023,-0.3272611734801949,,7.0,0.0,0.0,10.575128555297852,145.51873016357422,0,"NL_ee.String({
  ""type"": ""Invocation"",
  ""arguments"": {
    ""element"": {
      ""type"": ""ArgumentRef"",
      ""value"": ""_MAPPING_VAR_0_0""
    }
  },
  ""functionName"": ""Feature.id""
})",-9999.0
,,,,,,,,210,1.4095267779555871,228.86137608971563,0.1778846153846154,-0.2591006423982869,,7.0,0.0,0.9490594863891602,8.5625319480896,192.5560383796692,0,"NL_ee.String({
  ""type"": ""Invocation"",
  ""arguments"": {
    ""element"": {
      ""type"": ""ArgumentRef"",
      ""value"": ""_MAPPING_VAR_0_0""
    }
  },
  ""functionName"": ""Feature.id""
})",-9999.0
,,,,,,,,3658,24.5280253186153,22.728574874662797,0.0535252860834256,-0.1370517928286852,,9.0,0.0,0.0,0.0,8.191542625427246,0,"NL_ee.String({
  ""type"": ""Invocation"",
  ""arguments"": {
    ""element"": {
      ""type"": ""ArgumentRef"",
      ""value"": ""_MAPPING_VAR_0_0""
    }
  },
  ""functionName"": ""Feature.id""
})",-9999.0
,,,,,,,,168,2.299497800300645,113.77389718180592,0.2542901716068643,-0.2412196063296024,,7.0,30.597739219665527,60.45522356033325,148.93486642837524,226.14556980133057,0,"NL_ee.String({
  ""type"": ""Invocation"",
  ""arguments"": {
    ""element"": {
      ""type"": ""ArgumentRef"",
      ""value"": ""_MAPPING_VAR_0_0""
    }
  },
  ""functionName"": ""Feature.id""
})",-9999.0
,,,,,,,,2059,25.93406497796412,153.9941703539109,0.0200633579725448,-0.0045060658578856,,7.0,54.37761688232422,76.35568618774414,158.45602798461914,621.8769569396973,0,"NL_ee.String({
  ""type"": ""Invocation"",
  ""arguments"": {
    ""element"": {
      ""type"": ""ArgumentRef"",
      ""value"": ""_MAPPING_VAR_0_0""
    }
  },
  ""functionName"": ""Feature.id""
})",-9999.0
,,,,,,,,5218,22.24571989026755,8.343681830669501,0.1835467597982149,-0.2423625254582484,,9.0,0.0,0.0,0.0,0.0,0,"NL_ee.String({
  ""type"": ""Invocation"",
  ""arguments"": {
    ""element"": {
      ""type"": ""ArgumentRef"",
      ""value"": ""_MAPPING_VAR_0_0""
    }
  },
  ""functionName"": ""Feature.id""
})",-9999.0
,,,,,,,,3453,37.20305763117575,64.75532095827008,0.909805261359754,-0.7740399873056173,,7.0,77.12362861633301,89.97756671905518,128.3162546157837,172.09114360809326,0,"NL_ee.String({
  ""type"": ""Invocation"",
  ""arguments"": {
    ""element"": {
      ""type"": ""ArgumentRef"",
      ""value"": ""_MAPPING_VAR_0_0""
    }
  },
  ""functionName"": ""Feature.id""
})",-9999.0
,,,,,,,,231,1.430637766189682,229.5961414063376,0.3930217248189598,-0.2816474863718958,,4.0,0.0,82.21197128295898,107.8477611541748,357.6497173309326,0,"NL_ee.String({
  ""type"": ""Invocation"",
  ""arguments"": {
    ""element"": {
      ""type"": ""ArgumentRef"",
      ""value"": ""_MAPPING_VAR_0_0""
    }
  },
  ""functionName"": ""Feature.id""
})",-9999.0
,,,,,,,,203,1.095606761279435,270.0,0.6941719561454126,-0.5926227285055601,,7.0,0.0,0.0,63.55978393554688,161.09938621520996,0,"NL_ee.String({
  ""type"": ""Invocation"",
  ""arguments"": {
    ""element"": {
      ""type"": ""ArgumentRef"",
      ""value"": ""_MAPPING_VAR_0_0""
    }
  },
  ""functionName"": ""Feature.id""
})",-9999.0
,,,,,,,,2504,34.32696661083239,143.7086751104249,-0.0482315112540192,0.0757220921155347,,7.0,91.83049011230467,192.35446166992188,285.8176956176758,644.0489158630371,0,"NL_ee.String({
  ""type"": ""Invocation"",
  ""arguments"": {
    ""element"": {
      ""type"": ""ArgumentRef"",
      ""value"": ""_MAPPING_VAR_0_0""
    }
  },
  ""functionName"": ""Feature.id""
})",-9999.0
,,,,,,,,4537,9.485189411880926,234.455935121347,0.0658418029164825,-0.0811295383236217,,9.0,0.0,0.0,0.0,0.0,0,"NL_ee.String({
  ""type"": ""Invocation"",
  ""arguments"": {
    ""element"": {
      ""type"": ""ArgumentRef"",
      ""value"": ""_MAPPING_VAR_0_0""
    }
  },
  ""functionName"": ""Feature.id""
})",-9999.0
,,,,,,,,1119,28.806636589922764,204.13866517222715,0.8305709023941068,-0.6797634136037178,,7.0,54.85352516174317,104.41197299957275,202.79657554626465,327.2955856323242,0,"NL_ee.String({
  ""type"": ""Invocation"",
  ""arguments"": {
    ""element"": {
      ""type"": ""ArgumentRef"",
      ""value"": ""_MAPPING_VAR_0_0""
    }
  },
  ""functionName"": ""Feature.id""
})",-9999.0
,,,,,,,,2148,21.90958252903481,22.22213960119323,0.8148148148148148,-0.6415410385259631,,9.0,71.88154029846191,71.88154029846191,139.26752281188965,248.46879959106445,0,"NL_ee.String({
  ""type"": ""Invocation"",
  ""arguments"": {
    ""element"": {
      ""type"": ""ArgumentRef"",
      ""value"": ""_MAPPING_VAR_0_0""
    }
  },
  ""functionName"": ""Feature.id""
})",-9999.0
,,,,,,,,1433,26.92021916545912,266.3443469195701,-0.0544217687074829,0.0951175406871609,,4.0,159.38453102111816,356.7838382720947,557.8191833496094,831.2081604003906,0,"NL_ee.String({
  ""type"": ""Invocation"",
  ""arguments"": {
    ""element"": {
      ""type"": ""ArgumentRef"",
      ""value"": ""_MAPPING_VAR_0_0""
    }
  },
  ""functionName"": ""Feature.id""
})",-9999.0
,,,,,,,,4958,39.8352798530923,315.8879327256193,0.0076548364648573,-0.000691085003455425,,9.0,0.0,0.0,0.0,0.0,0,"NL_ee.String({
  ""type"": ""Invocation"",
  ""arguments"": {
    ""element"": {
      ""type"": ""ArgumentRef"",
      ""value"": ""_MAPPING_VAR_0_0""
    }
  },
  ""functionName"": ""Feature.id""
})",-9999.0
,,,,,,,,2445,26.96105970194216,225.5631863507037,-0.0145576707726763,0.0387766247951938,,7.0,200.86328125,350.8045310974121,416.8451976776123,654.754316329956,0,"NL_ee.String({
  ""type"": ""Invocation"",
  ""arguments"": {
    ""element"": {
      ""type"": ""ArgumentRef"",
      ""value"": ""_MAPPING_VAR_0_0""
    }
  },
  ""functionName"": ""Feature.id""
})",-9999.0
,,,,,,,,764,17.341936601809515,33.95992746794881,0.7700272479564033,-0.6855215360664245,,7.0,52.41188430786133,52.41188430786133,180.964469909668,528.169116973877,0,"NL_ee.String({
  ""type"": ""Invocation"",
  ""arguments"": {
    ""element"": {
      ""type"": ""ArgumentRef"",
      ""value"": ""_MAPPING_VAR_0_0""
    }
  },
  ""functionName"": ""Feature.id""
})",-9999.0
,,,,,,,,4524,7.800075970443085,315.15642636223384,0.0626587637595258,-0.1331828442437923,,9.0,0.0,19.529580116271973,19.529580116271973,71.2934021949768,0,"NL_ee.String({
  ""type"": ""Invocation"",
  ""arguments"": {
    ""element"": {
      ""type"": ""ArgumentRef"",
      ""value"": ""_MAPPING_VAR_0_0""
    }
  },
  ""functionName"": ""Feature.id""
})",-9999.0
,,,,,,,,252,1.0694814893926774,90.0,0.9182720373613544,-0.8561476181510074,,4.0,0.0,0.0,59.27469730377197,208.7423505783081,0,"NL_ee.String({
  ""type"": ""Invocation"",
  ""arguments"": {
    ""element"": {
      ""type"": ""ArgumentRef"",
      ""value"": ""_MAPPING_VAR_0_0""
    }
  },
  ""functionName"": ""Feature.id""
})",-9999.0
,,,,,,,,5146,4.501205746772034,90.0,-0.2635933806146572,0.2932501418037436,,,0.0,3.0808733701705933,3.0808733701705933,4.933524250984192,0,"NL_ee.String({
  ""type"": ""Invocation"",
  ""arguments"": {
    ""element"": {
      ""type"": ""ArgumentRef"",
      ""value"": ""_MAPPING_VAR_0_0""
    }
  },
  ""functionName"": ""Feature.id""
})",-9999.0
,,,,,,,,2873,25.453859454182957,189.51032620800507,0.1665642286416717,-0.1781502172563625,,7.0,10.124475479125977,10.124475479125977,24.977354049682617,98.70415115356444,0,"NL_ee.String({
  ""type"": ""Invocation"",
  ""arguments"": {
    ""element"": {
      ""type"": ""ArgumentRef"",
      ""value"": ""_MAPPING_VAR_0_0""
    }
  },
  ""functionName"": ""Feature.id""
})",-9999.0
,,,,,,,,1554,28.278122459953103,158.8812475284348,0.8797814207650273,-0.7542883634677793,,7.0,53.26927947998047,87.35362243652344,167.5042552947998,482.2707958221436,0,"NL_ee.String({
  ""type"": ""Invocation"",
  ""arguments"": {
    ""element"": {
      ""type"": ""ArgumentRef"",
      ""value"": ""_MAPPING_VAR_0_0""
    }
  },
  ""functionName"": ""Feature.id""
})",-9999.0
,,,,,,,,322,1.4022105981432544,48.59960477449551,0.7096002733173898,-0.5916030534351145,,6.0,0.0,6.218480110168457,23.274471759796143,205.1332232952118,0,"NL_ee.String({
  ""type"": ""Invocation"",
  ""arguments"": {
    ""element"": {
      ""type"": ""ArgumentRef"",
      ""value"": ""_MAPPING_VAR_0_0""
    }
  },
  ""functionName"": ""Feature.id""
})",-9999.0
,,,,,,,,161,1.411004612688784,228.91379722719327,0.9035369774919614,-0.8009126246408653,,6.0,0.0,0.0,0.0,102.5383801460266,0,"NL_ee.String({
  ""type"": ""Invocation"",
  ""arguments"": {
    ""element"": {
      ""type"": ""ArgumentRef"",
      ""value"": ""_MAPPING_VAR_0_0""
    }
  },
  ""functionName"": ""Feature.id""
})",-9999.0
,,,,,,,,4235,6.577640734711941,278.0702190493833,0.0545670225385527,-0.1426735218508997,,9.0,16.0559024810791,16.0559024810791,16.0559024810791,16.0559024810791,0,"NL_ee.String({
  ""type"": ""Invocation"",
  ""arguments"": {
    ""element"": {
      ""type"": ""ArgumentRef"",
      ""value"": ""_MAPPING_VAR_0_0""
    }
  },
  ""functionName"": ""Feature.id""
})",-9999.0
,,,,,,,,226,2.3029102136642354,246.2635367847547,0.3006993006993007,-0.316658801321378,,4.0,5.967300891876221,16.976855754852295,47.43320369720459,172.41399097442627,0,"NL_ee.String({
  ""type"": ""Invocation"",
  ""arguments"": {
    ""element"": {
      ""type"": ""ArgumentRef"",
      ""value"": ""_MAPPING_VAR_0_0""
    }
  },
  ""functionName"": ""Feature.id""
})",-9999.0
,,,,,,,,4848,13.805400819962252,171.17810007412376,0.0772467688608355,-0.2418572418572418,,9.0,21.624311447143555,21.624311447143555,45.14866065979004,78.51280403137207,0,"NL_ee.String({
  ""type"": ""Invocation"",
  ""arguments"": {
    ""element"": {
      ""type"": ""ArgumentRef"",
      ""value"": ""_MAPPING_VAR_0_0""
    }
  },
  ""functionName"": ""Feature.id""
})",-9999.0
,,,,,,,,5656,36.21410133061895,128.2415590089524,0.0435335239911026,-0.1289102784462014,,9.0,0.0,0.0,7.05625057220459,7.05625057220459,0,"NL_ee.String({
  ""type"": ""Invocation"",
  ""arguments"": {
    ""element"": {
      ""type"": ""ArgumentRef"",
      ""value"": ""_MAPPING_VAR_0_0""
    }
  },
  ""functionName"": ""Feature.id""
})",-9999.0
,,,,,,,,5481,51.23083455219832,337.3788786053228,0.0061191626409017,-0.0048247024766806,,9.0,12.402345657348633,12.402345657348633,17.317574501037598,17.317574501037598,0,"NL_ee.String({
  ""type"": ""Invocation"",
  ""arguments"": {
    ""element"": {
      ""type"": ""ArgumentRef"",
      ""value"": ""_MAPPING_VAR_0_0""
    }
  },
  ""functionName"": ""Feature.id""
})",-9999.0
,,,,,,,,211,4.244688715005314,310.868033573826,0.2661498708010336,-0.2539987204094689,,7.0,0.0,0.0,10.811357498168944,135.2770004272461,0,"NL_ee.String({
  ""type"": ""Invocation"",
  ""arguments"": {
    ""element"": {
      ""type"": ""ArgumentRef"",
      ""value"": ""_MAPPING_VAR_0_0""
    }
  },
  ""functionName"": ""Feature.id""
})",-9999.0
,,,,,,,,5736,40.40709645177274,314.7152907797364,-0.0552763819095477,-0.016638935108153,,9.0,0.0,0.0,0.0,12.064671754837036,0,"NL_ee.String({
  ""type"": ""Invocation"",
  ""arguments"": {
    ""element"": {
      ""type"": ""ArgumentRef"",
      ""value"": ""_MAPPING_VAR_0_0""
    }
  },
  ""functionName"": ""Feature.id""
})",-9999.0
,,,,,,,,4615,20.817074180176075,333.39357576295924,0.0416415208207604,-0.0479659987856709,,9.0,48.72077560424805,48.72077560424805,48.72077560424805,95.40789031982422,0,"NL_ee.String({
  ""type"": ""Invocation"",
  ""arguments"": {
    ""element"": {
      ""type"": ""ArgumentRef"",
      ""value"": ""_MAPPING_VAR_0_0""
    }
  },
  ""functionName"": ""Feature.id""
})",-9999.0
,,,,,,,,701,5.149598814856019,122.60690950550092,0.4749620637329286,-0.3995680345572354,,7.0,48.94968032836914,191.65573120117188,255.4811019897461,401.0626602172852,0,"NL_ee.String({
  ""type"": ""Invocation"",
  ""arguments"": {
    ""element"": {
      ""type"": ""ArgumentRef"",
      ""value"": ""_MAPPING_VAR_0_0""
    }
  },
  ""functionName"": ""Feature.id""
})",-9999.0
,,,,,,,,4541,35.04735806167712,233.1282641976626,0.0815154994259471,-0.1826741996233521,,9.0,0.0,0.0,0.0,0.0,0,"NL_ee.String({
  ""type"": ""Invocation"",
  ""arguments"": {
    ""element"": {
      ""type"": ""ArgumentRef"",
      ""value"": ""_MAPPING_VAR_0_0""
    }
  },
  ""functionName"": ""Feature.id""
})",-9999.0
,,,,,,,,5903,35.42679365088609,338.9058595391534,-0.0035756853396901,-0.0441298917568692,,,0.0,0.0,0.0,0.0,0,"NL_ee.String({
  ""type"": ""Invocation"",
  ""arguments"": {
    ""element"": {
      ""type"": ""ArgumentRef"",
      ""value"": ""_MAPPING_VAR_0_0""
    }
  },
  ""functionName"": ""Feature.id""
})",-9999.0
,,,,,,,,2792,22.96192146445377,36.64604272347006,0.0094475936423252,0.034753958975449,,7.0,16.30285406112671,34.01750707626343,34.01750707626343,113.6681580543518,0,"NL_ee.String({
  ""type"": ""Invocation"",
  ""arguments"": {
    ""element"": {
      ""type"": ""ArgumentRef"",
      ""value"": ""_MAPPING_VAR_0_0""
    }
  },
  ""functionName"": ""Feature.id""
})",-9999.0
,,,,,,,,4525,31.184019663759692,216.64196558421415,0.022883295194508,-0.0407450523864959,,9.0,22.64962387084961,22.64962387084961,34.86490345001221,67.17513370513916,0,"NL_ee.String({
  ""type"": ""Invocation"",
  ""arguments"": {
    ""element"": {
      ""type"": ""ArgumentRef"",
      ""value"": ""_MAPPING_VAR_0_0""
    }
  },
  ""functionName"": ""Feature.id""
})",-9999.0
,,,,,,,,234,4.260630301296031,209.64009328229093,0.0694362017804154,-0.1957531519575315,,4.0,8.936878204345703,19.33074760437012,56.731557846069336,188.9212727546692,0,"NL_ee.String({
  ""type"": ""Invocation"",
  ""arguments"": {
    ""element"": {
      ""type"": ""ArgumentRef"",
      ""value"": ""_MAPPING_VAR_0_0""
    }
  },
  ""functionName"": ""Feature.id""
})",-9999.0
,,,,,,,,4560,24.64161130421803,108.51813513783088,0.1298892988929889,-0.2452216348108987,,9.0,17.68475103378296,17.68475103378296,17.68475103378296,17.68475103378296,0,"NL_ee.String({
  ""type"": ""Invocation"",
  ""arguments"": {
    ""element"": {
      ""type"": ""ArgumentRef"",
      ""value"": ""_MAPPING_VAR_0_0""
    }
  },
  ""functionName"": ""Feature.id""
})",-9999.0
,,,,,,,,3422,35.645449758477355,22.25726715943693,-0.0016755521706016,0.055211186391812,,7.0,40.22658157348633,86.82586002349854,86.82586002349854,166.0832052230835,0,"NL_ee.String({
  ""type"": ""Invocation"",
  ""arguments"": {
    ""element"": {
      ""type"": ""ArgumentRef"",
      ""value"": ""_MAPPING_VAR_0_0""
    }
  },
  ""functionName"": ""Feature.id""
})",-9999.0
,,,,,,,,4143,57.35996934905029,299.1644096187335,0.0347182697780307,-0.0814991076740035,,9.0,0.0,0.0,0.0,0.0,0,"NL_ee.String({
  ""type"": ""Invocation"",
  ""arguments"": {
    ""element"": {
      ""type"": ""ArgumentRef"",
      ""value"": ""_MAPPING_VAR_0_0""
    }
  },
  ""functionName"": ""Feature.id""
})",-9999.0
,,,,,,,,4982,45.58273666051713,325.56956494304484,-0.0303030303030303,-0.1034482758620689,,,81.42290496826172,142.99057579040527,195.8805980682373,245.81818389892575,0,"NL_ee.String({
  ""type"": ""Invocation"",
  ""arguments"": {
    ""element"": {
      ""type"": ""ArgumentRef"",
      ""value"": ""_MAPPING_VAR_0_0""
    }
  },
  ""functionName"": ""Feature.id""
})",-9999.0
,,,,,,,,274,3.661697920099848,239.60883523496807,0.1969002055986082,-0.3193863319386332,,9.0,0.0,0.0,0.0,158.14430904388428,0,"NL_ee.String({
  ""type"": ""Invocation"",
  ""arguments"": {
    ""element"": {
      ""type"": ""ArgumentRef"",
      ""value"": ""_MAPPING_VAR_0_0""
    }
  },
  ""functionName"": ""Feature.id""
})",-9999.0
,,,,,,,,3901,29.592436109905268,3.9256941857706034,0.2930277913213067,-0.3148239960337134,,9.0,29.90508079528809,29.90508079528809,29.90508079528809,53.06878089904785,0,"NL_ee.String({
  ""type"": ""Invocation"",
  ""arguments"": {
    ""element"": {
      ""type"": ""ArgumentRef"",
      ""value"": ""_MAPPING_VAR_0_0""
    }
  },
  ""functionName"": ""Feature.id""
})",-9999.0
,,,,,,,,395,2.1563505596673034,210.70192279828012,0.0908141962421711,-0.052896725440806,,4.0,43.82358551025391,124.97190856933594,237.5567970275879,561.1813774108887,0,"NL_ee.String({
  ""type"": ""Invocation"",
  ""arguments"": {
    ""element"": {
      ""type"": ""ArgumentRef"",
      ""value"": ""_MAPPING_VAR_0_0""
    }
  },
  ""functionName"": ""Feature.id""
})",-9999.0
,,,,,,,,196,2.975353446538771,20.879331834573563,0.0611764705882353,-0.1186440677966101,,6.0,0.0,0.0,7.410124778747559,133.85320472717285,0,"NL_ee.String({
  ""type"": ""Invocation"",
  ""arguments"": {
    ""element"": {
      ""type"": ""ArgumentRef"",
      ""value"": ""_MAPPING_VAR_0_0""
    }
  },
  ""functionName"": ""Feature.id""
})",-9999.0
,,,,,,,,694,24.080844880739924,347.94808764751,0.8500851788756388,-0.6762492764808026,,7.0,67.91788101196289,178.14857292175293,284.1824007034302,528.6011943817139,0,"NL_ee.String({
  ""type"": ""Invocation"",
  ""arguments"": {
    ""element"": {
      ""type"": ""ArgumentRef"",
      ""value"": ""_MAPPING_VAR_0_0""
    }
  },
  ""functionName"": ""Feature.id""
})",-9999.0
,,,,,,,,1626,13.718604325112262,90.0,0.4519685039370079,-0.3727047146401985,,7.0,98.2745189666748,159.89385986328125,281.53681087493896,461.7538843154907,0,"NL_ee.String({
  ""type"": ""Invocation"",
  ""arguments"": {
    ""element"": {
      ""type"": ""ArgumentRef"",
      ""value"": ""_MAPPING_VAR_0_0""
    }
  },
  ""functionName"": ""Feature.id""
})",-9999.0
,,,,,,,,1739,20.16506010331651,314.85217374311486,0.4537732767069585,-0.3046027557900909,,4.0,88.42192459106445,150.11291217803955,272.5692138671875,547.6142883300781,0,"NL_ee.String({
  ""type"": ""Invocation"",
  ""arguments"": {
    ""element"": {
      ""type"": ""ArgumentRef"",
      ""value"": ""_MAPPING_VAR_0_0""
    }
  },
  ""functionName"": ""Feature.id""
})",-9999.0
,,,,,,,,4763,4.409190260003855,77.88124458424892,0.102402022756005,-0.2077562326869806,,9.0,21.53364944458008,21.53364944458008,37.91914176940918,63.19025421142578,0,"NL_ee.String({
  ""type"": ""Invocation"",
  ""arguments"": {
    ""element"": {
      ""type"": ""ArgumentRef"",
      ""value"": ""_MAPPING_VAR_0_0""
    }
  },
  ""functionName"": ""Feature.id""
})",-9999.0
,,,,,,,,229,2.8234790074807505,131.02988414797755,0.4726799653078924,-0.4432639184020399,,7.0,11.46424961090088,11.46424961090088,43.13178825378418,180.6425848007202,0,"NL_ee.String({
  ""type"": ""Invocation"",
  ""arguments"": {
    ""element"": {
      ""type"": ""ArgumentRef"",
      ""value"": ""_MAPPING_VAR_0_0""
    }
  },
  ""functionName"": ""Feature.id""
})",-9999.0
,,,,,,,,4149,1.4309429731199588,229.60654694433097,0.0531877421627333,-0.116504854368932,,9.0,18.79795265197754,18.79795265197754,18.79795265197754,29.855874061584476,0,"NL_ee.String({
  ""type"": ""Invocation"",
  ""arguments"": {
    ""element"": {
      ""type"": ""ArgumentRef"",
      ""value"": ""_MAPPING_VAR_0_0""
    }
  },
  ""functionName"": ""Feature.id""
})",-9999.0
,,,,,,,,239,1.0721209392516975,90.0,0.8785942492012779,-0.7791225416036308,,4.0,0.0,0.0,18.95309829711914,142.2945318222046,0,"NL_ee.String({
  ""type"": ""Invocation"",
  ""arguments"": {
    ""element"": {
      ""type"": ""ArgumentRef"",
      ""value"": ""_MAPPING_VAR_0_0""
    }
  },
  ""functionName"": ""Feature.id""
})",-9999.0
,,,,,,,,5246,18.117278199150004,32.74435695061666,-0.0025839793281653,-0.0343903528360875,,9.0,11.685591697692873,11.685591697692873,11.685591697692873,29.261518955230716,0,"NL_ee.String({
  ""type"": ""Invocation"",
  ""arguments"": {
    ""element"": {
      ""type"": ""ArgumentRef"",
      ""value"": ""_MAPPING_VAR_0_0""
    }
  },
  ""functionName"": ""Feature.id""
})",-9999.0
,,,,,,,,401,9.712552915300272,18.95466277778009,0.8631840796019901,-0.7173975351103468,,7.0,57.07023239135742,112.28617095947266,222.7622747421265,342.0665063858032,0,"NL_ee.String({
  ""type"": ""Invocation"",
  ""arguments"": {
    ""element"": {
      ""type"": ""ArgumentRef"",
      ""value"": ""_MAPPING_VAR_0_0""
    }
  },
  ""functionName"": ""Feature.id""
})",-9999.0
,,,,,,,,284,1.4238887043511317,49.36448618842154,0.3789260385005066,-0.3175217812197483,,7.0,0.0,118.78961563110352,175.66140174865723,260.7456512451172,0,"NL_ee.String({
  ""type"": ""Invocation"",
  ""arguments"": {
    ""element"": {
      ""type"": ""ArgumentRef"",
      ""value"": ""_MAPPING_VAR_0_0""
    }
  },
  ""functionName"": ""Feature.id""
})",-9999.0
,,,,,,,,644,0.0,-0.0,0.7075163398692811,-0.6201550387596899,,4.0,119.92466163635254,266.0720195770264,382.8599033355713,632.4523525238037,0,"NL_ee.String({
  ""type"": ""Invocation"",
  ""arguments"": {
    ""element"": {
      ""type"": ""ArgumentRef"",
      ""value"": ""_MAPPING_VAR_0_0""
    }
  },
  ""functionName"": ""Feature.id""
})",-9999.0
,,,,,,,,4619,19.05117740931041,106.33540977723533,-0.0180586907449209,0.0037217291726309,,9.0,10.515511751174929,10.515511751174929,10.515511751174929,14.98223328590393,0,"NL_ee.String({
  ""type"": ""Invocation"",
  ""arguments"": {
    ""element"": {
      ""type"": ""ArgumentRef"",
      ""value"": ""_MAPPING_VAR_0_0""
    }
  },
  ""functionName"": ""Feature.id""
})",-9999.0
,,,,,,,,5303,9.38361799954004,72.9102930961672,0.2572135201978565,-0.3775971093044263,,9.0,0.0,0.0,0.0,0.0,0,"NL_ee.String({
  ""type"": ""Invocation"",
  ""arguments"": {
    ""element"": {
      ""type"": ""ArgumentRef"",
      ""value"": ""_MAPPING_VAR_0_0""
    }
  },
  ""functionName"": ""Feature.id""
})",-9999.0
,,,,,,,,252,1.4149271737792877,49.0522047923757,0.588534442903375,-0.495213228894691,,7.0,0.0,0.0,58.767656326293945,228.1340627670288,0,"NL_ee.String({
  ""type"": ""Invocation"",
  ""arguments"": {
    ""element"": {
      ""type"": ""ArgumentRef"",
      ""value"": ""_MAPPING_VAR_0_0""
    }
  },
  ""functionName"": ""Feature.id""
})",-9999.0
,,,,,,,,230,0.0,-0.0,0.1766482133870156,-0.1736947791164658,,7.0,0.0,0.0,85.06475830078125,282.7235412597656,0,"NL_ee.String({
  ""type"": ""Invocation"",
  ""arguments"": {
    ""element"": {
      ""type"": ""ArgumentRef"",
      ""value"": ""_MAPPING_VAR_0_0""
    }
  },
  ""functionName"": ""Feature.id""
})",-9999.0
,,,,,,,,216,4.21254612589183,131.2487825521752,0.1671732522796352,-0.2452371301175517,,7.0,0.0,0.0,32.935147285461426,183.25762844085693,0,"NL_ee.String({
  ""type"": ""Invocation"",
  ""arguments"": {
    ""element"": {
      ""type"": ""ArgumentRef"",
      ""value"": ""_MAPPING_VAR_0_0""
    }
  },
  ""functionName"": ""Feature.id""
})",-9999.0
,,,,,,,,4300,31.43871055358257,85.44369483023931,0.2356599861782999,-0.2288659793814433,,7.0,4.146944046020508,6.901220321655273,9.65549659729004,84.78888893127441,0,"NL_ee.String({
  ""type"": ""Invocation"",
  ""arguments"": {
    ""element"": {
      ""type"": ""ArgumentRef"",
      ""value"": ""_MAPPING_VAR_0_0""
    }
  },
  ""functionName"": ""Feature.id""
})",-9999.0
,,,,,,,,1025,27.47299092587476,253.72844527245903,0.3375298458866941,-0.2942659105229994,,4.0,48.54726791381836,83.05420970916748,182.9059352874756,308.2862062454224,0,"NL_ee.String({
  ""type"": ""Invocation"",
  ""arguments"": {
    ""element"": {
      ""type"": ""ArgumentRef"",
      ""value"": ""_MAPPING_VAR_0_0""
    }
  },
  ""functionName"": ""Feature.id""
})",-9999.0
,,,,,,,,194,2.355570547743661,66.82618673740897,0.8499341816586222,-0.7285772857728577,,7.0,0.0,8.229133605957031,8.229133605957031,159.15568733215332,0,"NL_ee.String({
  ""type"": ""Invocation"",
  ""arguments"": {
    ""element"": {
      ""type"": ""ArgumentRef"",
      ""value"": ""_MAPPING_VAR_0_0""
    }
  },
  ""functionName"": ""Feature.id""
})",-9999.0
,,,,,,,,1576,0.9274099368729608,180.0,0.907651715039578,-0.7998506348020911,,7.0,7.554198265075684,7.554198265075684,20.313039302825928,83.47599935531616,0,"NL_ee.String({
  ""type"": ""Invocation"",
  ""arguments"": {
    ""element"": {
      ""type"": ""ArgumentRef"",
      ""value"": ""_MAPPING_VAR_0_0""
    }
  },
  ""functionName"": ""Feature.id""
})",-9999.0
,,,,,,,,227,0.0,-0.0,0.2036082474226804,-0.3497109826589595,,4.0,57.065242767333984,130.41005516052246,245.16813850402832,475.0440444946289,0,"NL_ee.String({
  ""type"": ""Invocation"",
  ""arguments"": {
    ""element"": {
      ""type"": ""ArgumentRef"",
      ""value"": ""_MAPPING_VAR_0_0""
    }
  },
  ""functionName"": ""Feature.id""
})",-9999.0
,,,,,,,,1588,1.854334168853263,180.0,0.6933151432469304,-0.5912820512820512,,7.0,10.153818130493164,10.153818130493164,21.061518669128414,105.80537700653076,0,"NL_ee.String({
  ""type"": ""Invocation"",
  ""arguments"": {
    ""element"": {
      ""type"": ""ArgumentRef"",
      ""value"": ""_MAPPING_VAR_0_0""
    }
  },
  ""functionName"": ""Feature.id""
})",-9999.0
,,,,,,,,5436,17.8174876044791,113.7614408385973,0.0832395950506186,-0.1602409638554217,,9.0,0.0,2.425386428833008,2.425386428833008,6.584147930145264,0,"NL_ee.String({
  ""type"": ""Invocation"",
  ""arguments"": {
    ""element"": {
      ""type"": ""ArgumentRef"",
      ""value"": ""_MAPPING_VAR_0_0""
    }
  },
  ""functionName"": ""Feature.id""
})",-9999.0
,,,,,,,,4005,4.895181007559541,40.88403597652066,0.5739196360879454,-0.4946004319654428,,7.0,24.760160446166992,24.760160446166992,66.1784315109253,201.7103338241577,0,"NL_ee.String({
  ""type"": ""Invocation"",
  ""arguments"": {
    ""element"": {
      ""type"": ""ArgumentRef"",
      ""value"": ""_MAPPING_VAR_0_0""
    }
  },
  ""functionName"": ""Feature.id""
})",-9999.0
,,,,,,,,3936,42.38272967300247,266.94951730402863,0.041305456399796,-0.0276799194765978,,9.0,0.0,0.0,0.0,15.08999252319336,0,"NL_ee.String({
  ""type"": ""Invocation"",
  ""arguments"": {
    ""element"": {
      ""type"": ""ArgumentRef"",
      ""value"": ""_MAPPING_VAR_0_0""
    }
  },
  ""functionName"": ""Feature.id""
})",-9999.0
,,,,,,,,236,2.199357232473168,90.0,0.3427672955974842,-0.2595870206489675,,7.0,9.585234642028809,17.198923587799072,67.42021322250366,301.29434156417847,0,"NL_ee.String({
  ""type"": ""Invocation"",
  ""arguments"": {
    ""element"": {
      ""type"": ""ArgumentRef"",
      ""value"": ""_MAPPING_VAR_0_0""
    }
  },
  ""functionName"": ""Feature.id""
})",-9999.0
,,,,,,,,257,0.9274099368670312,-0.0,0.3583617747440273,-0.307776560788609,,4.0,24.144983291625977,24.144983291625977,75.22195816040039,226.74008560180664,0,"NL_ee.String({
  ""type"": ""Invocation"",
  ""arguments"": {
    ""element"": {
      ""type"": ""ArgumentRef"",
      ""value"": ""_MAPPING_VAR_0_0""
    }
  },
  ""functionName"": ""Feature.id""
})",-9999.0
,,,,,,,,150,1.4050171657379151,48.70046971069946,0.8097434419140963,-0.6696808510638298,,7.0,74.48205184936523,155.05974960327148,288.6665439605713,463.4605474472046,0,"NL_ee.String({
  ""type"": ""Invocation"",
  ""arguments"": {
    ""element"": {
      ""type"": ""ArgumentRef"",
      ""value"": ""_MAPPING_VAR_0_0""
    }
  },
  ""functionName"": ""Feature.id""
})",-9999.0
,,,,,,,,263,0.9274099368670312,-0.0,0.8235042735042735,-0.7426996120073515,,4.0,0.0,49.84046173095703,84.66683959960938,227.5254497528076,0,"NL_ee.String({
  ""type"": ""Invocation"",
  ""arguments"": {
    ""element"": {
      ""type"": ""ArgumentRef"",
      ""value"": ""_MAPPING_VAR_0_0""
    }
  },
  ""functionName"": ""Feature.id""
})",-9999.0
,,,,,,,,5171,0.9274099368729608,-0.0,0.0194634402945818,-0.0754716981132075,,9.0,0.0,7.313572645187378,7.313572645187378,26.019339323043823,0,"NL_ee.String({
  ""type"": ""Invocation"",
  ""arguments"": {
    ""element"": {
      ""type"": ""ArgumentRef"",
      ""value"": ""_MAPPING_VAR_0_0""
    }
  },
  ""functionName"": ""Feature.id""
})",-9999.0
,,,,,,,,1763,18.61454588995437,163.98976478959494,0.4204398447606727,-0.3527720739219712,,4.0,72.98781967163086,107.96569633483888,181.698579788208,347.92784690856934,0,"NL_ee.String({
  ""type"": ""Invocation"",
  ""arguments"": {
    ""element"": {
      ""type"": ""ArgumentRef"",
      ""value"": ""_MAPPING_VAR_0_0""
    }
  },
  ""functionName"": ""Feature.id""
})",-9999.0
,,,,,,,,4984,11.347373381549112,323.76963188997144,-0.028095733610822,0.0286011440457618,,7.0,7.46921968460083,7.46921968460083,7.46921968460083,7.46921968460083,0,"NL_ee.String({
  ""type"": ""Invocation"",
  ""arguments"": {
    ""element"": {
      ""type"": ""ArgumentRef"",
      ""value"": ""_MAPPING_VAR_0_0""
    }
  },
  ""functionName"": ""Feature.id""
})",-9999.0
,,,,,,,,5053,16.234807281703386,340.9219259995203,-0.0661661191928672,0.0791300323924109,,7.0,85.2996883392334,111.29823684692384,151.06624221801758,209.03454208374023,0,"NL_ee.String({
  ""type"": ""Invocation"",
  ""arguments"": {
    ""element"": {
      ""type"": ""ArgumentRef"",
      ""value"": ""_MAPPING_VAR_0_0""
    }
  },
  ""functionName"": ""Feature.id""
})",-9999.0
,,,,,,,,5109,32.30616984266727,129.7925971810509,0.0136082474226804,-0.1162579473206176,,7.0,20.34817123413086,20.34817123413086,41.06574249267578,92.62157821655272,0,"NL_ee.String({
  ""type"": ""Invocation"",
  ""arguments"": {
    ""element"": {
      ""type"": ""ArgumentRef"",
      ""value"": ""_MAPPING_VAR_0_0""
    }
  },
  ""functionName"": ""Feature.id""
})",-9999.0
,,,,,,,,4762,25.97102361977456,175.54217887209307,0.0704387990762124,-0.1656711725872367,,9.0,17.573501586914062,17.573501586914062,25.624534606933597,55.168031215667725,0,"NL_ee.String({
  ""type"": ""Invocation"",
  ""arguments"": {
    ""element"": {
      ""type"": ""ArgumentRef"",
      ""value"": ""_MAPPING_VAR_0_0""
    }
  },
  ""functionName"": ""Feature.id""
})",-9999.0
,,,,,,,,774,16.51825146537016,236.91713517310492,,,,4.0,197.13282775878903,443.1922454833984,612.7461090087891,1012.4533500671388,0,"NL_ee.String({
  ""type"": ""Invocation"",
  ""arguments"": {
    ""element"": {
      ""type"": ""ArgumentRef"",
      ""value"": ""_MAPPING_VAR_0_0""
    }
  },
  ""functionName"": ""Feature.id""
})",-9999.0
,,,,,,,,893,7.1193231512498505,49.60646229294228,0.1331331331331331,-0.1125307125307125,,4.0,82.35310363769531,207.4559783935547,280.0182800292969,441.1340103149414,0,"NL_ee.String({
  ""type"": ""Invocation"",
  ""arguments"": {
    ""element"": {
      ""type"": ""ArgumentRef"",
      ""value"": ""_MAPPING_VAR_0_0""
    }
  },
  ""functionName"": ""Feature.id""
})",-9999.0
,,,,,,,,2796,36.77010647999112,271.2412493355944,-0.0292929292929292,0.0601466992665036,,9.0,0.0,0.0,0.0,0.0,0,"NL_ee.String({
  ""type"": ""Invocation"",
  ""arguments"": {
    ""element"": {
      ""type"": ""ArgumentRef"",
      ""value"": ""_MAPPING_VAR_0_0""
    }
  },
  ""functionName"": ""Feature.id""
})",-9999.0
,,,,,,,,241,3.737803565491622,60.29254499527773,0.6986573843858777,-0.5844155844155844,,7.0,0.0,0.0,33.340877532958984,163.07014846801758,0,"NL_ee.String({
  ""type"": ""Invocation"",
  ""arguments"": {
    ""element"": {
      ""type"": ""ArgumentRef"",
      ""value"": ""_MAPPING_VAR_0_0""
    }
  },
  ""functionName"": ""Feature.id""
})",-9999.0
,,,,,,,,254,0.0,-0.0,0.7688258182650493,-0.6555269922879178,,7.0,0.0,62.56070327758789,142.39267349243164,286.17465019226074,0,"NL_ee.String({
  ""type"": ""Invocation"",
  ""arguments"": {
    ""element"": {
      ""type"": ""ArgumentRef"",
      ""value"": ""_MAPPING_VAR_0_0""
    }
  },
  ""functionName"": ""Feature.id""
})",-9999.0
,,,,,,,,757,5.968022755641264,201.7072475521084,0.6113973931494392,-0.5672169811320755,,4.0,64.12672424316406,64.12672424316406,143.68675422668457,417.9104595184326,0,"NL_ee.String({
  ""type"": ""Invocation"",
  ""arguments"": {
    ""element"": {
      ""type"": ""ArgumentRef"",
      ""value"": ""_MAPPING_VAR_0_0""
    }
  },
  ""functionName"": ""Feature.id""
})",-9999.0
,,,,,,,,187,1.0669391244869926,270.0,0.2323337679269882,-0.2374967268918565,,7.0,0.0,0.0,7.587370872497559,147.31734657287598,0,"NL_ee.String({
  ""type"": ""Invocation"",
  ""arguments"": {
    ""element"": {
      ""type"": ""ArgumentRef"",
      ""value"": ""_MAPPING_VAR_0_0""
    }
  },
  ""functionName"": ""Feature.id""
})",-9999.0
,,,,,,,,3663,34.01750010789036,41.97042484369356,0.054054054054054,-0.1150822015725518,,9.0,1.1667852401733398,1.1667852401733398,1.1667852401733398,16.87755823135376,0,"NL_ee.String({
  ""type"": ""Invocation"",
  ""arguments"": {
    ""element"": {
      ""type"": ""ArgumentRef"",
      ""value"": ""_MAPPING_VAR_0_0""
    }
  },
  ""functionName"": ""Feature.id""
})",-9999.0
,,,,,,,,216,1.433738209317816,49.70156563076283,0.4006444683136412,-0.3292558613659531,,7.0,9.704233169555664,16.72086811065674,23.32972002029419,210.41950273513797,0,"NL_ee.String({
  ""type"": ""Invocation"",
  ""arguments"": {
    ""element"": {
      ""type"": ""ArgumentRef"",
      ""value"": ""_MAPPING_VAR_0_0""
    }
  },
  ""functionName"": ""Feature.id""
})",-9999.0
,,,,,,,,2860,40.65732593313477,182.60694580198816,0.7570381797146163,-0.6459537572254336,,7.0,19.373186588287357,25.552109718322757,31.731032848358154,148.7151484489441,0,"NL_ee.String({
  ""type"": ""Invocation"",
  ""arguments"": {
    ""element"": {
      ""type"": ""ArgumentRef"",
      ""value"": ""_MAPPING_VAR_0_0""
    }
  },
  ""functionName"": ""Feature.id""
})",-9999.0
,,,,,,,,4742,43.19246937289442,83.06753359880557,-0.0044130626654898,-0.0537132181223727,,9.0,6.61895227432251,6.61895227432251,13.768447399139404,38.258042335510254,0,"NL_ee.String({
  ""type"": ""Invocation"",
  ""arguments"": {
    ""element"": {
      ""type"": ""ArgumentRef"",
      ""value"": ""_MAPPING_VAR_0_0""
    }
  },
  ""functionName"": ""Feature.id""
})",-9999.0
,,,,,,,,1573,36.292537933508655,172.7182249807795,0.5707824513794663,-0.5235797323974556,,4.0,58.33673858642578,90.09506702423096,148.55927848815918,315.5404977798462,0,"NL_ee.String({
  ""type"": ""Invocation"",
  ""arguments"": {
    ""element"": {
      ""type"": ""ArgumentRef"",
      ""value"": ""_MAPPING_VAR_0_0""
    }
  },
  ""functionName"": ""Feature.id""
})",-9999.0
,,,,,,,,2697,25.09372530180541,104.00279975396305,0.3963963963963964,-0.3940415964024733,,9.0,30.967077255249023,30.967077255249023,30.967077255249023,81.34182453155518,0,"NL_ee.String({
  ""type"": ""Invocation"",
  ""arguments"": {
    ""element"": {
      ""type"": ""ArgumentRef"",
      ""value"": ""_MAPPING_VAR_0_0""
    }
  },
  ""functionName"": ""Feature.id""
})",-9999.0
,,,,,,,,4277,41.197832082251615,256.0896617028872,0.0593645484949832,-0.1292335115864527,,9.0,0.0,0.0,0.0,0.0,0,"NL_ee.String({
  ""type"": ""Invocation"",
  ""arguments"": {
    ""element"": {
      ""type"": ""ArgumentRef"",
      ""value"": ""_MAPPING_VAR_0_0""
    }
  },
  ""functionName"": ""Feature.id""
})",-9999.0
,,,,,,,,219,6.383201177897272,270.0,0.1785195936139332,-0.2447623914154318,,7.0,0.0,0.0,8.031679153442383,132.28453731536865,0,"NL_ee.String({
  ""type"": ""Invocation"",
  ""arguments"": {
    ""element"": {
      ""type"": ""ArgumentRef"",
      ""value"": ""_MAPPING_VAR_0_0""
    }
  },
  ""functionName"": ""Feature.id""
})",-9999.0
,,,,,,,,4961,17.12571680548502,322.0016844437235,0.1174911660777385,-0.223996129656507,,9.0,36.82635116577149,36.82635116577149,52.32192611694336,83.0360107421875,0,"NL_ee.String({
  ""type"": ""Invocation"",
  ""arguments"": {
    ""element"": {
      ""type"": ""ArgumentRef"",
      ""value"": ""_MAPPING_VAR_0_0""
    }
  },
  ""functionName"": ""Feature.id""
})",-9999.0
,,,,,,,,234,3.5029676293486958,217.50231009811617,-0.119520655944497,0.2079432624113475,,7.0,68.7032413482666,138.30578994750977,261.7666492462158,533.1072845458984,0,"NL_ee.String({
  ""type"": ""Invocation"",
  ""arguments"": {
    ""element"": {
      ""type"": ""ArgumentRef"",
      ""value"": ""_MAPPING_VAR_0_0""
    }
  },
  ""functionName"": ""Feature.id""
})",-9999.0
,,,,,,,,160,1.4042772925064488,228.67393375583887,0.7404396266184884,-0.6336913510457886,,7.0,59.766719818115234,121.6333360671997,225.96119594573972,344.26634788513184,0,"NL_ee.String({
  ""type"": ""Invocation"",
  ""arguments"": {
    ""element"": {
      ""type"": ""ArgumentRef"",
      ""value"": ""_MAPPING_VAR_0_0""
    }
  },
  ""functionName"": ""Feature.id""
})",-9999.0
,,,,,,,,199,2.106623079173453,90.0,0.1766688269604666,-0.1562858234619793,,7.0,23.74402618408203,29.101250171661377,87.40522146224976,269.78396463394165,0,"NL_ee.String({
  ""type"": ""Invocation"",
  ""arguments"": {
    ""element"": {
      ""type"": ""ArgumentRef"",
      ""value"": ""_MAPPING_VAR_0_0""
    }
  },
  ""functionName"": ""Feature.id""
})",-9999.0
,,,,,,,,3681,29.364328070827703,161.70038171165805,0.3203509522790498,-0.3248872664805668,,7.0,8.782002449035645,8.782002449035645,19.067715644836422,47.02852725982666,0,"NL_ee.String({
  ""type"": ""Invocation"",
  ""arguments"": {
    ""element"": {
      ""type"": ""ArgumentRef"",
      ""value"": ""_MAPPING_VAR_0_0""
    }
  },
  ""functionName"": ""Feature.id""
})",-9999.0
,,,,,,,,4891,19.93438579911299,257.1045595458773,0.0752314814814814,-0.1569115815691158,,9.0,0.0,0.0,0.0,7.707199096679687,0,"NL_ee.String({
  ""type"": ""Invocation"",
  ""arguments"": {
    ""element"": {
      ""type"": ""ArgumentRef"",
      ""value"": ""_MAPPING_VAR_0_0""
    }
  },
  ""functionName"": ""Feature.id""
})",-9999.0
,,,,,,,,474,12.65066002354246,111.1371499299611,0.5972889014402711,-0.4562306900102986,,7.0,0.0,141.08722114562988,243.14985847473145,525.6668319702148,0,"NL_ee.String({
  ""type"": ""Invocation"",
  ""arguments"": {
    ""element"": {
      ""type"": ""ArgumentRef"",
      ""value"": ""_MAPPING_VAR_0_0""
    }
  },
  ""functionName"": ""Feature.id""
})",-9999.0
,,,,,,,,5365,33.648614438737255,145.77873026034578,0.0492775101889588,-0.1568627450980392,,9.0,0.0,0.0,0.0,0.0,0,"NL_ee.String({
  ""type"": ""Invocation"",
  ""arguments"": {
    ""element"": {
      ""type"": ""ArgumentRef"",
      ""value"": ""_MAPPING_VAR_0_0""
    }
  },
  ""functionName"": ""Feature.id""
})",-9999.0
,,,,,,,,3893,16.534588324011747,220.23572981233312,-0.0294323756131744,0.0425164189422744,,,112.56665420532228,179.68880653381348,210.0604772567749,247.697096824646,0,"NL_ee.String({
  ""type"": ""Invocation"",
  ""arguments"": {
    ""element"": {
      ""type"": ""ArgumentRef"",
      ""value"": ""_MAPPING_VAR_0_0""
    }
  },
  ""functionName"": ""Feature.id""
})",-9999.0
,,,,,,,,250,2.990035816461515,158.3938302343295,0.6590330788804071,-0.568061568061568,,4.0,0.0,55.47320175170898,130.47482681274414,291.5413284301758,0,"NL_ee.String({
  ""type"": ""Invocation"",
  ""arguments"": {
    ""element"": {
      ""type"": ""ArgumentRef"",
      ""value"": ""_MAPPING_VAR_0_0""
    }
  },
  ""functionName"": ""Feature.id""
})",-9999.0
,,,,,,,,4668,16.624160156653215,105.72892476822052,0.0249798549556809,-0.2409756097560975,,9.0,6.188257694244385,6.188257694244385,6.188257694244385,9.362220525741575,0,"NL_ee.String({
  ""type"": ""Invocation"",
  ""arguments"": {
    ""element"": {
      ""type"": ""ArgumentRef"",
      ""value"": ""_MAPPING_VAR_0_0""
    }
  },
  ""functionName"": ""Feature.id""
})",-9999.0
,,,,,,,,4634,32.923493991559305,180.0,0.0057034220532319,-0.07193515704154,,9.0,4.672760963439941,4.672760963439941,9.057330131530762,21.762266159057617,0,"NL_ee.String({
  ""type"": ""Invocation"",
  ""arguments"": {
    ""element"": {
      ""type"": ""ArgumentRef"",
      ""value"": ""_MAPPING_VAR_0_0""
    }
  },
  ""functionName"": ""Feature.id""
})",-9999.0
,,,,,,,,1831,39.87426814179919,97.79599072405422,0.5688127584170112,-0.4997176736307171,,7.0,9.797703742980955,9.797703742980955,23.50416755676269,62.07555437088013,0,"NL_ee.String({
  ""type"": ""Invocation"",
  ""arguments"": {
    ""element"": {
      ""type"": ""ArgumentRef"",
      ""value"": ""_MAPPING_VAR_0_0""
    }
  },
  ""functionName"": ""Feature.id""
})",-9999.0
,,,,,,,,236,1.4138331029873814,310.9862930901588,0.5506764249279219,-0.4819838914794404,,7.0,6.474674701690674,6.474674701690674,54.90578842163086,188.2376976013184,0,"NL_ee.String({
  ""type"": ""Invocation"",
  ""arguments"": {
    ""element"": {
      ""type"": ""ArgumentRef"",
      ""value"": ""_MAPPING_VAR_0_0""
    }
  },
  ""functionName"": ""Feature.id""
})",-9999.0
,,,,,,,,5823,62.28660199603726,318.444775229275,-0.0017048683462777,0.0483069977426636,,,7.758144378662109,7.758144378662109,13.629963874816896,69.7713041305542,0,"NL_ee.String({
  ""type"": ""Invocation"",
  ""arguments"": {
    ""element"": {
      ""type"": ""ArgumentRef"",
      ""value"": ""_MAPPING_VAR_0_0""
    }
  },
  ""functionName"": ""Feature.id""
})",-9999.0
,,,,,,,,5050,16.296522142868437,279.56178103302005,0.0998815633636004,-0.1962215543151567,,9.0,7.702767848968506,26.95655345916748,37.48689937591553,104.85451984405518,0,"NL_ee.String({
  ""type"": ""Invocation"",
  ""arguments"": {
    ""element"": {
      ""type"": ""ArgumentRef"",
      ""value"": ""_MAPPING_VAR_0_0""
    }
  },
  ""functionName"": ""Feature.id""
})",-9999.0
,,,,,,,,3979,38.09714159658715,85.26262572491939,0.2327718223583461,-0.2905811623246493,,9.0,17.95057487487793,17.95057487487793,29.33789825439453,29.33789825439453,0,"NL_ee.String({
  ""type"": ""Invocation"",
  ""arguments"": {
    ""element"": {
      ""type"": ""ArgumentRef"",
      ""value"": ""_MAPPING_VAR_0_0""
    }
  },
  ""functionName"": ""Feature.id""
})",-9999.0
,,,,,,,,275,1.4022208320949283,228.5999735897975,0.4028871391076115,-0.3648260453239706,,4.0,0.0,11.094876289367676,40.71194839477539,170.9281301498413,0,"NL_ee.String({
  ""type"": ""Invocation"",
  ""arguments"": {
    ""element"": {
      ""type"": ""ArgumentRef"",
      ""value"": ""_MAPPING_VAR_0_0""
    }
  },
  ""functionName"": ""Feature.id""
})",-9999.0
,,,,,,,,175,4.254357247844888,49.24494949862754,-0.0128585558852621,-0.0450261780104712,,7.0,0.0,0.0,0.0,90.9761381149292,0,"NL_ee.String({
  ""type"": ""Invocation"",
  ""arguments"": {
    ""element"": {
      ""type"": ""ArgumentRef"",
      ""value"": ""_MAPPING_VAR_0_0""
    }
  },
  ""functionName"": ""Feature.id""
})",-9999.0
,,,,,,,,476,8.034999987493105,290.1220427604968,0.8075244231968406,-0.6485308056872038,,4.0,0.0,91.70279693603516,135.33421802520752,323.1368818283081,0,"NL_ee.String({
  ""type"": ""Invocation"",
  ""arguments"": {
    ""element"": {
      ""type"": ""ArgumentRef"",
      ""value"": ""_MAPPING_VAR_0_0""
    }
  },
  ""functionName"": ""Feature.id""
})",-9999.0
,,,,,,,,1166,26.211627146425243,220.86405197136912,0.7075023741690408,-0.5960940967598757,,4.0,45.375709533691406,136.56562614440918,230.429162979126,416.5071716308594,0,"NL_ee.String({
  ""type"": ""Invocation"",
  ""arguments"": {
    ""element"": {
      ""type"": ""ArgumentRef"",
      ""value"": ""_MAPPING_VAR_0_0""
    }
  },
  ""functionName"": ""Feature.id""
})",-9999.0
,,,,,,,,218,2.3397333530742803,113.34011513557456,0.7598550067965564,-0.6773914921183329,,4.0,0.0,0.0,17.415740966796875,182.2705488204956,0,"NL_ee.String({
  ""type"": ""Invocation"",
  ""arguments"": {
    ""element"": {
      ""type"": ""ArgumentRef"",
      ""value"": ""_MAPPING_VAR_0_0""
    }
  },
  ""functionName"": ""Feature.id""
})",-9999.0
,,,,,,,,207,3.178113813895569,270.0,0.3333333333333333,-0.3673036093418259,,6.0,0.0,1.8960329294204712,8.447208523750305,193.12157547473907,0,"NL_ee.String({
  ""type"": ""Invocation"",
  ""arguments"": {
    ""element"": {
      ""type"": ""ArgumentRef"",
      ""value"": ""_MAPPING_VAR_0_0""
    }
  },
  ""functionName"": ""Feature.id""
})",-9999.0
,,,,,,,,5313,16.327579947044065,96.345188709425,-0.1267865375749193,0.1555951850200624,,,74.42112731933594,74.42112731933594,74.42112731933594,125.14548110961914,0,"NL_ee.String({
  ""type"": ""Invocation"",
  ""arguments"": {
    ""element"": {
      ""type"": ""ArgumentRef"",
      ""value"": ""_MAPPING_VAR_0_0""
    }
  },
  ""functionName"": ""Feature.id""
})",-9999.0
,,,,,,,,4749,29.1797308459892,221.08759419168135,0.086634740966478,-0.2193453834880312,,9.0,0.0,0.0,0.0,0.0,0,"NL_ee.String({
  ""type"": ""Invocation"",
  ""arguments"": {
    ""element"": {
      ""type"": ""ArgumentRef"",
      ""value"": ""_MAPPING_VAR_0_0""
    }
  },
  ""functionName"": ""Feature.id""
})",-9999.0
,,,,,,,,2656,41.49015557470224,26.251543119180347,0.8773402194964494,-0.85814696485623,,4.0,22.36031913757324,40.63388442993164,58.90744972229004,213.52240562438965,0,"NL_ee.String({
  ""type"": ""Invocation"",
  ""arguments"": {
    ""element"": {
      ""type"": ""ArgumentRef"",
      ""value"": ""_MAPPING_VAR_0_0""
    }
  },
  ""functionName"": ""Feature.id""
})",-9999.0
,,,,,,,,5600,40.960218660345625,188.75591640791455,0.0243722304283604,-0.0198529411764705,,9.0,20.01810646057129,20.01810646057129,33.052157402038574,57.03793811798096,0,"NL_ee.String({
  ""type"": ""Invocation"",
  ""arguments"": {
    ""element"": {
      ""type"": ""ArgumentRef"",
      ""value"": ""_MAPPING_VAR_0_0""
    }
  },
  ""functionName"": ""Feature.id""
})",-9999.0
,,,,,,,,1795,33.876011966404825,219.5043926814738,0.1336946702800361,-0.0708191126279863,,4.0,81.79372596740723,121.3933835029602,196.0960717201233,369.0420727729797,0,"NL_ee.String({
  ""type"": ""Invocation"",
  ""arguments"": {
    ""element"": {
      ""type"": ""ArgumentRef"",
      ""value"": ""_MAPPING_VAR_0_0""
    }
  },
  ""functionName"": ""Feature.id""
})",-9999.0
,,,,,,,,209,1.0843811884577368,90.0,0.3638497652582159,-0.2562162162162162,,4.0,5.858432292938232,13.17311716079712,18.78743934631348,280.8737602233887,0,"NL_ee.String({
  ""type"": ""Invocation"",
  ""arguments"": {
    ""element"": {
      ""type"": ""ArgumentRef"",
      ""value"": ""_MAPPING_VAR_0_0""
    }
  },
  ""functionName"": ""Feature.id""
})",-9999.0
,,,,,,,,5107,12.954457182923957,189.866621029302,0.1402157164869029,-0.2221304706853839,,9.0,0.0,0.0,0.0,0.0,0,"NL_ee.String({
  ""type"": ""Invocation"",
  ""arguments"": {
    ""element"": {
      ""type"": ""ArgumentRef"",
      ""value"": ""_MAPPING_VAR_0_0""
    }
  },
  ""functionName"": ""Feature.id""
})",-9999.0
,,,,,,,,212,3.3473591598289474,73.93271142313162,0.8141197497765862,-0.7522658610271903,,4.0,0.0,0.0,0.0,160.02644062042236,0,"NL_ee.String({
  ""type"": ""Invocation"",
  ""arguments"": {
    ""element"": {
      ""type"": ""ArgumentRef"",
      ""value"": ""_MAPPING_VAR_0_0""
    }
  },
  ""functionName"": ""Feature.id""
})",-9999.0
,,,,,,,,1056,18.94362950155254,238.74839199199693,0.8339350180505415,-0.6821192052980133,,7.0,35.13594436645508,51.87272071838379,85.34627342224121,422.0399913787842,0,"NL_ee.String({
  ""type"": ""Invocation"",
  ""arguments"": {
    ""element"": {
      ""type"": ""ArgumentRef"",
      ""value"": ""_MAPPING_VAR_0_0""
    }
  },
  ""functionName"": ""Feature.id""
})",-9999.0
,,,,,,,,488,9.800916644835546,212.50182590685992,0.8824696255888916,-0.7325422181652214,,7.0,109.25969696044922,184.48467445373532,338.2871570587158,547.2364826202393,0,"NL_ee.String({
  ""type"": ""Invocation"",
  ""arguments"": {
    ""element"": {
      ""type"": ""ArgumentRef"",
      ""value"": ""_MAPPING_VAR_0_0""
    }
  },
  ""functionName"": ""Feature.id""
})",-9999.0
,,,,,,,,199,1.4203029001775045,49.24018085942454,0.5733000623830318,-0.5007438262421898,,7.0,0.0,0.0,0.0,175.79271125793457,0,"NL_ee.String({
  ""type"": ""Invocation"",
  ""arguments"": {
    ""element"": {
      ""type"": ""ArgumentRef"",
      ""value"": ""_MAPPING_VAR_0_0""
    }
  },
  ""functionName"": ""Feature.id""
})",-9999.0
,,,,,,,,5173,2.9907478682964728,21.6406492456064,0.1492760858711932,-0.2376344086021505,,9.0,12.710478782653809,47.398263931274414,47.398263931274414,148.4395637512207,0,"NL_ee.String({
  ""type"": ""Invocation"",
  ""arguments"": {
    ""element"": {
      ""type"": ""ArgumentRef"",
      ""value"": ""_MAPPING_VAR_0_0""
    }
  },
  ""functionName"": ""Feature.id""
})",-9999.0
,,,,,,,,214,7.713191801881116,146.78705059145958,0.5336087119789711,-0.5064551825894504,,7.0,3.901190280914306,6.126217842102051,13.035759925842283,213.98865509033203,0,"NL_ee.String({
  ""type"": ""Invocation"",
  ""arguments"": {
    ""element"": {
      ""type"": ""ArgumentRef"",
      ""value"": ""_MAPPING_VAR_0_0""
    }
  },
  ""functionName"": ""Feature.id""
})",-9999.0
,,,,,,,,5579,23.726503964175546,58.96065327567064,0.0728155339805825,-0.1890853189853958,,6.0,0.0,0.0,0.0,0.0,0,"NL_ee.String({
  ""type"": ""Invocation"",
  ""arguments"": {
    ""element"": {
      ""type"": ""ArgumentRef"",
      ""value"": ""_MAPPING_VAR_0_0""
    }
  },
  ""functionName"": ""Feature.id""
})",-9999.0
,,,,,,,,208,1.0614836935333851,270.0,0.2361899074350552,-0.2707182320441988,,7.0,0.0,0.0,9.941536903381348,185.79211711883545,0,"NL_ee.String({
  ""type"": ""Invocation"",
  ""arguments"": {
    ""element"": {
      ""type"": ""ArgumentRef"",
      ""value"": ""_MAPPING_VAR_0_0""
    }
  },
  ""functionName"": ""Feature.id""
})",-9999.0
,,,,,,,,800,13.038394527660984,155.33201012511606,0.5908111988513999,-0.54049356969065,,7.0,40.6389274597168,83.20174026489258,139.58556747436523,364.91940689086914,0,"NL_ee.String({
  ""type"": ""Invocation"",
  ""arguments"": {
    ""element"": {
      ""type"": ""ArgumentRef"",
      ""value"": ""_MAPPING_VAR_0_0""
    }
  },
  ""functionName"": ""Feature.id""
})",-9999.0
,,,,,,,,296,2.142982082807148,30.093985077682795,0.6641994546162836,-0.6399232245681382,,7.0,0.0,89.11511611938477,168.7642059326172,378.494553565979,0,"NL_ee.String({
  ""type"": ""Invocation"",
  ""arguments"": {
    ""element"": {
      ""type"": ""ArgumentRef"",
      ""value"": ""_MAPPING_VAR_0_0""
    }
  },
  ""functionName"": ""Feature.id""
})",-9999.0
,,,,,,,,5522,8.058299330723242,304.8680530762405,0.1265474552957359,-0.250381679389313,,9.0,0.0,16.068898677825928,16.068898677825928,58.13901233673096,0,"NL_ee.String({
  ""type"": ""Invocation"",
  ""arguments"": {
    ""element"": {
      ""type"": ""ArgumentRef"",
      ""value"": ""_MAPPING_VAR_0_0""
    }
  },
  ""functionName"": ""Feature.id""
})",-9999.0
,,,,,,,,227,1.4160068509776351,49.09011594605984,0.7380952380952381,-0.6536702243519931,,4.0,0.0,0.0,0.0,116.6589288711548,0,"NL_ee.String({
  ""type"": ""Invocation"",
  ""arguments"": {
    ""element"": {
      ""type"": ""ArgumentRef"",
      ""value"": ""_MAPPING_VAR_0_0""
    }
  },
  ""functionName"": ""Feature.id""
})",-9999.0
,,,,,,,,4542,51.832185116330855,55.95476364181586,-0.0115730818688384,-0.0690774223458507,,7.0,22.974496841430664,50.239362716674805,50.239362716674805,132.36105918884277,0,"NL_ee.String({
  ""type"": ""Invocation"",
  ""arguments"": {
    ""element"": {
      ""type"": ""ArgumentRef"",
      ""value"": ""_MAPPING_VAR_0_0""
    }
  },
  ""functionName"": ""Feature.id""
})",-9999.0
,,,,,,,,5202,41.809895536609005,196.41633249951732,0.0579872802095024,-0.148659626320065,,9.0,0.0,0.0,0.0,0.0,0,"NL_ee.String({
  ""type"": ""Invocation"",
  ""arguments"": {
    ""element"": {
      ""type"": ""ArgumentRef"",
      ""value"": ""_MAPPING_VAR_0_0""
    }
  },
  ""functionName"": ""Feature.id""
})",-9999.0
,,,,,,,,3065,27.520694303243896,186.1694145634553,0.227554684949396,-0.191381495564005,,9.0,20.453649520874023,20.453649520874023,46.93426370620728,78.27247285842896,0,"NL_ee.String({
  ""type"": ""Invocation"",
  ""arguments"": {
    ""element"": {
      ""type"": ""ArgumentRef"",
      ""value"": ""_MAPPING_VAR_0_0""
    }
  },
  ""functionName"": ""Feature.id""
})",-9999.0
,,,,,,,,221,3.256407329591031,270.0,0.3787575150300601,-0.29,,7.0,0.0,0.0,0.0,240.1515684127808,0,"NL_ee.String({
  ""type"": ""Invocation"",
  ""arguments"": {
    ""element"": {
      ""type"": ""ArgumentRef"",
      ""value"": ""_MAPPING_VAR_0_0""
    }
  },
  ""functionName"": ""Feature.id""
})",-9999.0
,,,,,,,,286,4.404823732475294,90.0,0.2484157160963244,-0.2918032786885245,,4.0,48.24197006225586,106.58219528198242,175.14297103881836,360.76511001586914,0,"NL_ee.String({
  ""type"": ""Invocation"",
  ""arguments"": {
    ""element"": {
      ""type"": ""ArgumentRef"",
      ""value"": ""_MAPPING_VAR_0_0""
    }
  },
  ""functionName"": ""Feature.id""
})",-9999.0
,,,,,,,,244,2.1518086754298267,329.5025479046991,0.5772357723577236,-0.4521763238148045,,7.0,0.0,176.0022201538086,222.5025177001953,469.1294136047363,0,"NL_ee.String({
  ""type"": ""Invocation"",
  ""arguments"": {
    ""element"": {
      ""type"": ""ArgumentRef"",
      ""value"": ""_MAPPING_VAR_0_0""
    }
  },
  ""functionName"": ""Feature.id""
})",-9999.0
,,,,,,,,262,4.749471138723736,346.9510419896112,0.6628637951105937,-0.598835907768077,,4.0,0.0,14.832295417785645,47.99728488922119,199.40211296081543,0,"NL_ee.String({
  ""type"": ""Invocation"",
  ""arguments"": {
    ""element"": {
      ""type"": ""ArgumentRef"",
      ""value"": ""_MAPPING_VAR_0_0""
    }
  },
  ""functionName"": ""Feature.id""
})",-9999.0
,,,,,,,,4905,3.704791833623834,-0.0,-0.0731158605174353,0.0534175761056863,,,64.14058685302734,64.14058685302734,83.00159454345703,104.00301551818848,0,"NL_ee.String({
  ""type"": ""Invocation"",
  ""arguments"": {
    ""element"": {
      ""type"": ""ArgumentRef"",
      ""value"": ""_MAPPING_VAR_0_0""
    }
  },
  ""functionName"": ""Feature.id""
})",-9999.0
,,,,,,,,303,1.442682906041314,230.00226965915647,0.7473903966597077,-0.694331983805668,,7.0,61.90597915649414,61.90597915649414,193.97396087646484,447.650577545166,0,"NL_ee.String({
  ""type"": ""Invocation"",
  ""arguments"": {
    ""element"": {
      ""type"": ""ArgumentRef"",
      ""value"": ""_MAPPING_VAR_0_0""
    }
  },
  ""functionName"": ""Feature.id""
})",-9999.0
,,,,,,,,4539,29.663074907310573,130.82287500670412,0.0020134228187919,0.0206625122991144,,9.0,0.0,0.0,0.0,3.757667779922485,0,"NL_ee.String({
  ""type"": ""Invocation"",
  ""arguments"": {
    ""element"": {
      ""type"": ""ArgumentRef"",
      ""value"": ""_MAPPING_VAR_0_0""
    }
  },
  ""functionName"": ""Feature.id""
})",-9999.0
,,,,,,,,4658,17.965270479892265,275.7303925204138,0.117786027674654,-0.2239467849223946,,9.0,22.307403087615967,22.307403087615967,22.307403087615967,51.27490472793579,0,"NL_ee.String({
  ""type"": ""Invocation"",
  ""arguments"": {
    ""element"": {
      ""type"": ""ArgumentRef"",
      ""value"": ""_MAPPING_VAR_0_0""
    }
  },
  ""functionName"": ""Feature.id""
})",-9999.0
,,,,,,,,273,1.0871497413504136,270.0,0.3215189873417721,-0.2364784840110541,,7.0,0.0,116.1169776916504,154.58732223510742,371.0070018768311,0,"NL_ee.String({
  ""type"": ""Invocation"",
  ""arguments"": {
    ""element"": {
      ""type"": ""ArgumentRef"",
      ""value"": ""_MAPPING_VAR_0_0""
    }
  },
  ""functionName"": ""Feature.id""
})",-9999.0
,,,,,,,,5461,9.861405854041427,242.2502749591913,0.0474934036939313,-0.1582786287381473,,9.0,10.412907600402832,12.495489120483398,12.495489120483398,12.495489120483398,0,"NL_ee.String({
  ""type"": ""Invocation"",
  ""arguments"": {
    ""element"": {
      ""type"": ""ArgumentRef"",
      ""value"": ""_MAPPING_VAR_0_0""
    }
  },
  ""functionName"": ""Feature.id""
})",-9999.0
,,,,,,,,199,0.9274099368611016,180.0,-0.1827485380116959,0.0386930352536543,,7.0,0.0,0.0,0.0,143.71889209747314,0,"NL_ee.String({
  ""type"": ""Invocation"",
  ""arguments"": {
    ""element"": {
      ""type"": ""ArgumentRef"",
      ""value"": ""_MAPPING_VAR_0_0""
    }
  },
  ""functionName"": ""Feature.id""
})",-9999.0
,,,,,,,,5766,9.461729975028067,166.24664570395737,0.0816831683168316,-0.2494639027877055,,9.0,0.0,0.0,0.0,0.0,0,"NL_ee.String({
  ""type"": ""Invocation"",
  ""arguments"": {
    ""element"": {
      ""type"": ""ArgumentRef"",
      ""value"": ""_MAPPING_VAR_0_0""
    }
  },
  ""functionName"": ""Feature.id""
})",-9999.0
,,,,,,,,4531,25.921144559598112,2.3157491963555685,0.4693877551020408,-0.4693877551020408,,9.0,0.0,0.0,0.0,0.0,0,"NL_ee.String({
  ""type"": ""Invocation"",
  ""arguments"": {
    ""element"": {
      ""type"": ""ArgumentRef"",
      ""value"": ""_MAPPING_VAR_0_0""
    }
  },
  ""functionName"": ""Feature.id""
})",-9999.0
,,,,,,,,1001,3.522126454970792,142.0924033556692,0.890117994100295,-0.7916812303390423,,4.0,47.39045715332031,122.60281181335448,231.1973934173584,417.2361497879028,0,"NL_ee.String({
  ""type"": ""Invocation"",
  ""arguments"": {
    ""element"": {
      ""type"": ""ArgumentRef"",
      ""value"": ""_MAPPING_VAR_0_0""
    }
  },
  ""functionName"": ""Feature.id""
})",-9999.0
,,,,,,,,317,2.1508107407716617,210.45224385422705,0.6303123399897593,-0.5389076848719188,,7.0,0.0,140.58724212646484,172.37055587768555,401.9284477233887,0,"NL_ee.String({
  ""type"": ""Invocation"",
  ""arguments"": {
    ""element"": {
      ""type"": ""ArgumentRef"",
      ""value"": ""_MAPPING_VAR_0_0""
    }
  },
  ""functionName"": ""Feature.id""
})",-9999.0
,,,,,,,,5139,23.930099419850485,170.0327612644709,-0.0040760869565217,-0.0615496017378711,,7.0,32.15690803527832,37.51639270782471,37.51639270782471,37.51639270782471,0,"NL_ee.String({
  ""type"": ""Invocation"",
  ""arguments"": {
    ""element"": {
      ""type"": ""ArgumentRef"",
      ""value"": ""_MAPPING_VAR_0_0""
    }
  },
  ""functionName"": ""Feature.id""
})",-9999.0
,,,,,,,,4539,16.052096161242666,42.99740961152779,0.0026666666666666,-0.0329670329670329,,9.0,11.540570259094238,16.29703378677368,21.053497314453125,68.91474151611328,0,"NL_ee.String({
  ""type"": ""Invocation"",
  ""arguments"": {
    ""element"": {
      ""type"": ""ArgumentRef"",
      ""value"": ""_MAPPING_VAR_0_0""
    }
  },
  ""functionName"": ""Feature.id""
})",-9999.0
,,,,,,,,329,2.3947049985319557,67.22685201989242,0.7546919431279621,-0.623859649122807,,4.0,0.0,98.33781433105467,184.33782386779785,402.0908527374268,0,"NL_ee.String({
  ""type"": ""Invocation"",
  ""arguments"": {
    ""element"": {
      ""type"": ""ArgumentRef"",
      ""value"": ""_MAPPING_VAR_0_0""
    }
  },
  ""functionName"": ""Feature.id""
})",-9999.0
,,,,,,,,2047,23.216125834103565,135.81159219733252,0.8574561403508771,-0.7618304732189287,,4.0,45.003379821777344,94.9602222442627,175.48262977600098,351.24092292785645,0,"NL_ee.String({
  ""type"": ""Invocation"",
  ""arguments"": {
    ""element"": {
      ""type"": ""ArgumentRef"",
      ""value"": ""_MAPPING_VAR_0_0""
    }
  },
  ""functionName"": ""Feature.id""
})",-9999.0
,,,,,,,,215,4.655295334017513,293.4275939885119,0.6206088992974239,-0.5727272727272728,,7.0,0.0,0.0,0.0,108.86249279975893,0,"NL_ee.String({
  ""type"": ""Invocation"",
  ""arguments"": {
    ""element"": {
      ""type"": ""ArgumentRef"",
      ""value"": ""_MAPPING_VAR_0_0""
    }
  },
  ""functionName"": ""Feature.id""
})",-9999.0
,,,,,,,,291,4.199290158640198,270.0,0.5235204855842185,-0.4896142433234421,,6.0,0.0,11.094876289367676,40.71194839477539,170.9281301498413,0,"NL_ee.String({
  ""type"": ""Invocation"",
  ""arguments"": {
    ""element"": {
      ""type"": ""ArgumentRef"",
      ""value"": ""_MAPPING_VAR_0_0""
    }
  },
  ""functionName"": ""Feature.id""
})",-9999.0
,,,,,,,,4016,44.15941730065578,66.41703420160594,0.8613042661153918,-0.7591474245115453,,7.0,12.410659790039062,12.410659790039062,31.2631950378418,48.89917850494385,0,"NL_ee.String({
  ""type"": ""Invocation"",
  ""arguments"": {
    ""element"": {
      ""type"": ""ArgumentRef"",
      ""value"": ""_MAPPING_VAR_0_0""
    }
  },
  ""functionName"": ""Feature.id""
})",-9999.0
,,,,,,,,4854,7.378860558827169,180.0,0.1666666666666666,-0.290181020296215,,9.0,17.583611965179443,17.583611965179443,17.583611965179443,77.42333698272705,0,"NL_ee.String({
  ""type"": ""Invocation"",
  ""arguments"": {
    ""element"": {
      ""type"": ""ArgumentRef"",
      ""value"": ""_MAPPING_VAR_0_0""
    }
  },
  ""functionName"": ""Feature.id""
})",-9999.0
,,,,,,,,5736,18.673960228748264,16.679047122961098,-0.1114341085271317,0.1308056872037914,,,0.0,0.0,0.0,16.803682327270508,0,"NL_ee.String({
  ""type"": ""Invocation"",
  ""arguments"": {
    ""element"": {
      ""type"": ""ArgumentRef"",
      ""value"": ""_MAPPING_VAR_0_0""
    }
  },
  ""functionName"": ""Feature.id""
})",-9999.0
,,,,,,,,5543,16.7537067365925,102.42103438268649,0.0306530430919591,-0.0881801125703564,,9.0,0.0,0.0,0.0,0.0,0,"NL_ee.String({
  ""type"": ""Invocation"",
  ""arguments"": {
    ""element"": {
      ""type"": ""ArgumentRef"",
      ""value"": ""_MAPPING_VAR_0_0""
    }
  },
  ""functionName"": ""Feature.id""
})",-9999.0
,,,,,,,,2946,29.28745398857389,197.74630668792727,0.0152505446623093,0.0223776223776223,,7.0,85.46416854858398,141.28993606567383,214.3548583984375,342.21178245544434,0,"NL_ee.String({
  ""type"": ""Invocation"",
  ""arguments"": {
    ""element"": {
      ""type"": ""ArgumentRef"",
      ""value"": ""_MAPPING_VAR_0_0""
    }
  },
  ""functionName"": ""Feature.id""
})",-9999.0
,,,,,,,,5256,16.263713336002215,160.61349599758543,0.1184713375796178,-0.206043956043956,,9.0,0.0,0.0,0.0,15.882145881652832,0,"NL_ee.String({
  ""type"": ""Invocation"",
  ""arguments"": {
    ""element"": {
      ""type"": ""ArgumentRef"",
      ""value"": ""_MAPPING_VAR_0_0""
    }
  },
  ""functionName"": ""Feature.id""
})",-9999.0
,,,,,,,,2304,24.845630640959104,348.20664606886805,-0.0104265402843601,0.020178320037541,,7.0,87.11246681213379,165.02828979492188,248.0645351409912,407.5164957046509,0,"NL_ee.String({
  ""type"": ""Invocation"",
  ""arguments"": {
    ""element"": {
      ""type"": ""ArgumentRef"",
      ""value"": ""_MAPPING_VAR_0_0""
    }
  },
  ""functionName"": ""Feature.id""
})",-9999.0
,,,,,,,,246,2.837031678218512,130.7917479361409,0.2314507198228128,-0.2508436445444319,,4.0,0.0,0.0,18.58696174621582,134.6086869239807,0,"NL_ee.String({
  ""type"": ""Invocation"",
  ""arguments"": {
    ""element"": {
      ""type"": ""ArgumentRef"",
      ""value"": ""_MAPPING_VAR_0_0""
    }
  },
  ""functionName"": ""Feature.id""
})",-9999.0
,,,,,,,,259,3.335429520085841,73.87354605623769,0.5004694835680751,-0.3950240069838499,,4.0,75.79156398773193,177.04997158050537,267.4551839828491,527.8870010375977,0,"NL_ee.String({
  ""type"": ""Invocation"",
  ""arguments"": {
    ""element"": {
      ""type"": ""ArgumentRef"",
      ""value"": ""_MAPPING_VAR_0_0""
    }
  },
  ""functionName"": ""Feature.id""
})",-9999.0
,,,,,,,,216,2.9746341722944263,20.842916074070803,0.7797140303842717,-0.6916542790401359,,7.0,12.102903366088867,26.912787437438965,67.27599620819092,230.6224250793457,0,"NL_ee.String({
  ""type"": ""Invocation"",
  ""arguments"": {
    ""element"": {
      ""type"": ""ArgumentRef"",
      ""value"": ""_MAPPING_VAR_0_0""
    }
  },
  ""functionName"": ""Feature.id""
})",-9999.0
,,,,,,,,217,1.4069937029150132,311.2288302453172,0.3455076698319941,-0.2854152128401954,,7.0,1.9265869855880735,7.018536925315857,31.86629617214203,162.59758937358856,0,"NL_ee.String({
  ""type"": ""Invocation"",
  ""arguments"": {
    ""element"": {
      ""type"": ""ArgumentRef"",
      ""value"": ""_MAPPING_VAR_0_0""
    }
  },
  ""functionName"": ""Feature.id""
})",-9999.0
,,,,,,,,1736,26.49272436026343,340.3665071730913,0.8257925515543244,-0.7447058823529412,,7.0,60.72817611694336,89.32615566253662,159.56938457489014,303.5310802459717,0,"NL_ee.String({
  ""type"": ""Invocation"",
  ""arguments"": {
    ""element"": {
      ""type"": ""ArgumentRef"",
      ""value"": ""_MAPPING_VAR_0_0""
    }
  },
  ""functionName"": ""Feature.id""
})",-9999.0
,,,,,,,,4599,5.6985842575562495,35.7959142692159,0.0772081531809759,-0.1815718157181571,,9.0,0.0,10.595932006835938,10.595932006835938,29.84541606903076,0,"NL_ee.String({
  ""type"": ""Invocation"",
  ""arguments"": {
    ""element"": {
      ""type"": ""ArgumentRef"",
      ""value"": ""_MAPPING_VAR_0_0""
    }
  },
  ""functionName"": ""Feature.id""
})",-9999.0
,,,,,,,,5212,1.1297341510635226,90.0,0.0329308452250274,-0.1103244837758112,,9.0,0.0,0.0,0.0,0.0,0,"NL_ee.String({
  ""type"": ""Invocation"",
  ""arguments"": {
    ""element"": {
      ""type"": ""ArgumentRef"",
      ""value"": ""_MAPPING_VAR_0_0""
    }
  },
  ""functionName"": ""Feature.id""
})",-9999.0
,,,,,,,,196,1.4275242276291618,130.51035636644517,0.3940546967895362,-0.4273192111029948,,7.0,0.0,6.719906806945801,6.719906806945801,204.09351634979248,0,"NL_ee.String({
  ""type"": ""Invocation"",
  ""arguments"": {
    ""element"": {
      ""type"": ""ArgumentRef"",
      ""value"": ""_MAPPING_VAR_0_0""
    }
  },
  ""functionName"": ""Feature.id""
})",-9999.0
,,,,,,,,207,3.49144099984637,142.74549569143986,0.1237322515212981,-0.208287895310796,,6.0,0.0,0.0,6.902523279190064,139.6810691356659,0,"NL_ee.String({
  ""type"": ""Invocation"",
  ""arguments"": {
    ""element"": {
      ""type"": ""ArgumentRef"",
      ""value"": ""_MAPPING_VAR_0_0""
    }
  },
  ""functionName"": ""Feature.id""
})",-9999.0
,,,,,,,,5256,26.589725648941272,154.89611291209528,0.0472727272727272,-0.1771117166212534,,,0.0,0.0,0.0,21.314926147460938,0,"NL_ee.String({
  ""type"": ""Invocation"",
  ""arguments"": {
    ""element"": {
      ""type"": ""ArgumentRef"",
      ""value"": ""_MAPPING_VAR_0_0""
    }
  },
  ""functionName"": ""Feature.id""
})",-9999.0
,,,,,,,,717,4.301126032932926,149.42178597275716,-0.0097604259094942,0.0774317993937723,,4.0,188.58048248291016,431.5138282775879,598.5501441955566,1015.8137340545654,0,"NL_ee.String({
  ""type"": ""Invocation"",
  ""arguments"": {
    ""element"": {
      ""type"": ""ArgumentRef"",
      ""value"": ""_MAPPING_VAR_0_0""
    }
  },
  ""functionName"": ""Feature.id""
})",-9999.0
,,,,,,,,1703,0.9274099368611016,-0.0,0.862124898621249,-0.7011607804396147,,7.0,12.909733772277832,25.62671566009521,25.62671566009521,138.44456386566162,0,"NL_ee.String({
  ""type"": ""Invocation"",
  ""arguments"": {
    ""element"": {
      ""type"": ""ArgumentRef"",
      ""value"": ""_MAPPING_VAR_0_0""
    }
  },
  ""functionName"": ""Feature.id""
})",-9999.0
,,,,,,,,5354,16.911985381003795,234.1516405586588,0.0515653775322283,-0.0115146147032772,,9.0,24.581408500671387,24.581408500671387,24.581408500671387,24.581408500671387,0,"NL_ee.String({
  ""type"": ""Invocation"",
  ""arguments"": {
    ""element"": {
      ""type"": ""ArgumentRef"",
      ""value"": ""_MAPPING_VAR_0_0""
    }
  },
  ""functionName"": ""Feature.id""
})",-9999.0
,,,,,,,,4921,10.965949161882635,260.3814584639341,0.2297476759628154,-0.3144073811213627,,9.0,19.869001388549805,30.464893341064453,44.938791275024414,69.26889419555664,0,"NL_ee.String({
  ""type"": ""Invocation"",
  ""arguments"": {
    ""element"": {
      ""type"": ""ArgumentRef"",
      ""value"": ""_MAPPING_VAR_0_0""
    }
  },
  ""functionName"": ""Feature.id""
})",-9999.0
,,,,,,,,4336,40.2784387745409,252.20329709756413,0.2767162066525124,-0.2973750449478605,,7.0,1.3099535703659058,1.3099535703659058,2.8977771997451782,45.213985085487366,0,"NL_ee.String({
  ""type"": ""Invocation"",
  ""arguments"": {
    ""element"": {
      ""type"": ""ArgumentRef"",
      ""value"": ""_MAPPING_VAR_0_0""
    }
  },
  ""functionName"": ""Feature.id""
})",-9999.0
,,,,,,,,3762,50.69192958971893,66.5717500416808,0.0590979782270606,-0.1561969439728353,,9.0,0.0,0.0,0.0,13.509501457214355,0,"NL_ee.String({
  ""type"": ""Invocation"",
  ""arguments"": {
    ""element"": {
      ""type"": ""ArgumentRef"",
      ""value"": ""_MAPPING_VAR_0_0""
    }
  },
  ""functionName"": ""Feature.id""
})",-9999.0
,,,,,,,,499,26.615889741831445,256.9308436829082,0.710691823899371,-0.5885788449059053,,7.0,99.63703918457033,200.16976356506348,318.9994983673096,586.515302658081,0,"NL_ee.String({
  ""type"": ""Invocation"",
  ""arguments"": {
    ""element"": {
      ""type"": ""ArgumentRef"",
      ""value"": ""_MAPPING_VAR_0_0""
    }
  },
  ""functionName"": ""Feature.id""
})",-9999.0
,,,,,,,,1078,28.882577548459373,3.856001718457963,0.6333830104321908,-0.5494816211121584,,7.0,87.89776992797852,157.43428993225098,246.23622512817383,465.9765548706055,0,"NL_ee.String({
  ""type"": ""Invocation"",
  ""arguments"": {
    ""element"": {
      ""type"": ""ArgumentRef"",
      ""value"": ""_MAPPING_VAR_0_0""
    }
  },
  ""functionName"": ""Feature.id""
})",-9999.0
,,,,,,,,212,2.8114599705017462,131.24372445476715,0.1468720443183353,-0.2251732101616628,,9.0,0.0,1.992930293083191,9.682214617729189,148.02244198322296,0,"NL_ee.String({
  ""type"": ""Invocation"",
  ""arguments"": {
    ""element"": {
      ""type"": ""ArgumentRef"",
      ""value"": ""_MAPPING_VAR_0_0""
    }
  },
  ""functionName"": ""Feature.id""
})",-9999.0
,,,,,,,,1970,3.868981121919738,16.775796814551242,0.5606557377049181,-0.5583333333333333,,7.0,11.357213020324709,15.24110198020935,33.08471989631653,139.81676030158997,0,"NL_ee.String({
  ""type"": ""Invocation"",
  ""arguments"": {
    ""element"": {
      ""type"": ""ArgumentRef"",
      ""value"": ""_MAPPING_VAR_0_0""
    }
  },
  ""functionName"": ""Feature.id""
})",-9999.0
,,,,,,,,5426,36.24525628301818,273.7982544158218,0.0850914205344585,-0.1658481299584435,,9.0,0.0,0.0,0.0,7.784479141235352,0,"NL_ee.String({
  ""type"": ""Invocation"",
  ""arguments"": {
    ""element"": {
      ""type"": ""ArgumentRef"",
      ""value"": ""_MAPPING_VAR_0_0""
    }
  },
  ""functionName"": ""Feature.id""
})",-9999.0
,,,,,,,,5245,3.000029703530701,337.91605273086367,0.0274118903524385,-0.0571428571428571,,6.0,0.0,0.0,0.0,0.0,0,"NL_ee.String({
  ""type"": ""Invocation"",
  ""arguments"": {
    ""element"": {
      ""type"": ""ArgumentRef"",
      ""value"": ""_MAPPING_VAR_0_0""
    }
  },
  ""functionName"": ""Feature.id""
})",-9999.0
,,,,,,,,2609,44.49613000601453,83.37762067248873,0.8492403583950137,-0.6996061582527748,,7.0,22.19698143005371,22.19698143005371,60.75269079208374,222.17526769638064,0,"NL_ee.String({
  ""type"": ""Invocation"",
  ""arguments"": {
    ""element"": {
      ""type"": ""ArgumentRef"",
      ""value"": ""_MAPPING_VAR_0_0""
    }
  },
  ""functionName"": ""Feature.id""
})",-9999.0
,,,,,,,,4180,30.266057446454315,271.58957515945383,-0.0233795856301083,0.0340289528106787,,9.0,73.69190216064453,73.69190216064453,73.69190216064453,231.0851058959961,0,"NL_ee.String({
  ""type"": ""Invocation"",
  ""arguments"": {
    ""element"": {
      ""type"": ""ArgumentRef"",
      ""value"": ""_MAPPING_VAR_0_0""
    }
  },
  ""functionName"": ""Feature.id""
})",-9999.0
,,,,,,,,2873,54.54622702371664,137.53785588391918,-0.0092983939137785,0.0361842105263157,,7.0,25.817898750305176,69.23565578460693,80.62822151184082,160.87119102478027,0,"NL_ee.String({
  ""type"": ""Invocation"",
  ""arguments"": {
    ""element"": {
      ""type"": ""ArgumentRef"",
      ""value"": ""_MAPPING_VAR_0_0""
    }
  },
  ""functionName"": ""Feature.id""
})",-9999.0
,,,,,,,,213,2.833835984137611,130.84761797428084,0.676923076923077,-0.595608417200366,,7.0,4.450325965881348,4.450325965881348,17.518362045288086,176.62526035308838,0,"NL_ee.String({
  ""type"": ""Invocation"",
  ""arguments"": {
    ""element"": {
      ""type"": ""ArgumentRef"",
      ""value"": ""_MAPPING_VAR_0_0""
    }
  },
  ""functionName"": ""Feature.id""
})",-9999.0
,,,,,,,,5465,21.065587086993173,37.01215535443807,0.0612638687891944,-0.1381272633212623,,9.0,0.0,0.0,0.0,29.94484806060791,0,"NL_ee.String({
  ""type"": ""Invocation"",
  ""arguments"": {
    ""element"": {
      ""type"": ""ArgumentRef"",
      ""value"": ""_MAPPING_VAR_0_0""
    }
  },
  ""functionName"": ""Feature.id""
})",-9999.0
,,,,,,,,4014,36.63773069395518,118.61173022791613,0.430005577244841,-0.4911311427740622,,7.0,18.318233489990234,18.318233489990234,45.74822044372559,107.98020839691162,0,"NL_ee.String({
  ""type"": ""Invocation"",
  ""arguments"": {
    ""element"": {
      ""type"": ""ArgumentRef"",
      ""value"": ""_MAPPING_VAR_0_0""
    }
  },
  ""functionName"": ""Feature.id""
})",-9999.0
,,,,,,,,285,7.615037866065253,316.5917461286967,0.2618369987063389,-0.2951799229849953,,9.0,0.0,3.246511220932007,4.252055525779724,153.79915463924408,0,"NL_ee.String({
  ""type"": ""Invocation"",
  ""arguments"": {
    ""element"": {
      ""type"": ""ArgumentRef"",
      ""value"": ""_MAPPING_VAR_0_0""
    }
  },
  ""functionName"": ""Feature.id""
})",-9999.0
,,,,,,,,5329,34.06115657316061,163.28903922266025,0.0684491978609625,-0.1910581222056631,,9.0,0.0,2.8415346145629883,2.8415346145629883,9.747042655944824,0,"NL_ee.String({
  ""type"": ""Invocation"",
  ""arguments"": {
    ""element"": {
      ""type"": ""ArgumentRef"",
      ""value"": ""_MAPPING_VAR_0_0""
    }
  },
  ""functionName"": ""Feature.id""
})",-9999.0
,,,,,,,,5285,2.4342211250892727,292.3827725853721,0.0463320463320463,-0.1152263374485596,,9.0,0.0,3.8648194074630737,3.8648194074630737,8.21154248714447,0,"NL_ee.String({
  ""type"": ""Invocation"",
  ""arguments"": {
    ""element"": {
      ""type"": ""ArgumentRef"",
      ""value"": ""_MAPPING_VAR_0_0""
    }
  },
  ""functionName"": ""Feature.id""
})",-9999.0
,,,,,,,,220,2.8571367988011693,229.55582954656,0.2533109102375446,-0.279673749731702,,7.0,11.234795570373535,18.44769859313965,26.639028549194336,279.7162952423096,0,"NL_ee.String({
  ""type"": ""Invocation"",
  ""arguments"": {
    ""element"": {
      ""type"": ""ArgumentRef"",
      ""value"": ""_MAPPING_VAR_0_0""
    }
  },
  ""functionName"": ""Feature.id""
})",-9999.0
,,,,,,,,4592,36.24438969166179,50.1802749248801,0.0931880108991825,-0.1608796296296296,,9.0,0.0,0.0,0.0,0.0,0,"NL_ee.String({
  ""type"": ""Invocation"",
  ""arguments"": {
    ""element"": {
      ""type"": ""ArgumentRef"",
      ""value"": ""_MAPPING_VAR_0_0""
    }
  },
  ""functionName"": ""Feature.id""
})",-9999.0
,,,,,,,,4852,37.646805914010784,25.53197906604533,-0.0193482688391038,0.0350701402805611,,9.0,0.0097667193040251,0.0097667193040251,0.0097667193040251,0.0097667193040251,0,"NL_ee.String({
  ""type"": ""Invocation"",
  ""arguments"": {
    ""element"": {
      ""type"": ""ArgumentRef"",
      ""value"": ""_MAPPING_VAR_0_0""
    }
  },
  ""functionName"": ""Feature.id""
})",-9999.0
,,,,,,,,198,7.186684010005459,153.98188251527583,0.7775182481751824,-0.692992213570634,,7.0,46.73705005645752,89.25328731536865,209.17652416229248,351.8685646057129,0,"NL_ee.String({
  ""type"": ""Invocation"",
  ""arguments"": {
    ""element"": {
      ""type"": ""ArgumentRef"",
      ""value"": ""_MAPPING_VAR_0_0""
    }
  },
  ""functionName"": ""Feature.id""
})",-9999.0
,,,,,,,,4201,17.531819903445015,90.0,0.1796469366562824,-0.1615541922290388,,9.0,0.0,0.0,0.0,0.0,0,"NL_ee.String({
  ""type"": ""Invocation"",
  ""arguments"": {
    ""element"": {
      ""type"": ""ArgumentRef"",
      ""value"": ""_MAPPING_VAR_0_0""
    }
  },
  ""functionName"": ""Feature.id""
})",-9999.0
,,,,,,,,4949,22.582583821803315,166.66771913251884,0.0363524337646333,-0.1228304405874499,,9.0,1.3240951299667358,1.3240951299667358,1.3240951299667358,9.499987959861755,0,"NL_ee.String({
  ""type"": ""Invocation"",
  ""arguments"": {
    ""element"": {
      ""type"": ""ArgumentRef"",
      ""value"": ""_MAPPING_VAR_0_0""
    }
  },
  ""functionName"": ""Feature.id""
})",-9999.0
,,,,,,,,4645,1.8543341688295631,180.0,0.0523289246693502,-0.1117861482381531,,9.0,16.54815673828125,26.552173614501957,32.552515506744385,72.68886804580688,0,"NL_ee.String({
  ""type"": ""Invocation"",
  ""arguments"": {
    ""element"": {
      ""type"": ""ArgumentRef"",
      ""value"": ""_MAPPING_VAR_0_0""
    }
  },
  ""functionName"": ""Feature.id""
})",-9999.0
,,,,,,,,3271,54.79897651286549,325.3071158246476,-0.0069065794256633,0.0376893272278971,,7.0,141.03973388671875,307.49295806884766,405.0099983215332,489.5129051208496,0,"NL_ee.String({
  ""type"": ""Invocation"",
  ""arguments"": {
    ""element"": {
      ""type"": ""ArgumentRef"",
      ""value"": ""_MAPPING_VAR_0_0""
    }
  },
  ""functionName"": ""Feature.id""
})",-9999.0
,,,,,,,,206,3.537214510002145,321.7788548633217,0.216243654822335,-0.1284144427001569,,7.0,0.0,0.0,65.67571258544922,153.2515106201172,0,"NL_ee.String({
  ""type"": ""Invocation"",
  ""arguments"": {
    ""element"": {
      ""type"": ""ArgumentRef"",
      ""value"": ""_MAPPING_VAR_0_0""
    }
  },
  ""functionName"": ""Feature.id""
})",-9999.0
,,,,,,,,1248,17.365123736879095,214.08058529240515,0.4660544440800262,-0.4890073284477015,,7.0,35.19620895385742,35.19620895385742,106.74417877197266,422.64385414123535,0,"NL_ee.String({
  ""type"": ""Invocation"",
  ""arguments"": {
    ""element"": {
      ""type"": ""ArgumentRef"",
      ""value"": ""_MAPPING_VAR_0_0""
    }
  },
  ""functionName"": ""Feature.id""
})",-9999.0
,,,,,,,,223,2.7802885155287558,-0.0,0.7499159663865547,-0.6669868715978227,,7.0,64.16813278198242,113.4004364013672,217.829496383667,335.9551525115967,0,"NL_ee.String({
  ""type"": ""Invocation"",
  ""arguments"": {
    ""element"": {
      ""type"": ""ArgumentRef"",
      ""value"": ""_MAPPING_VAR_0_0""
    }
  },
  ""functionName"": ""Feature.id""
})",-9999.0
,,,,,,,,4986,5.661409416679634,191.5472233134772,0.0385756676557863,-0.1513157894736842,,9.0,0.0,0.0,0.0,0.0,0,"NL_ee.String({
  ""type"": ""Invocation"",
  ""arguments"": {
    ""element"": {
      ""type"": ""ArgumentRef"",
      ""value"": ""_MAPPING_VAR_0_0""
    }
  },
  ""functionName"": ""Feature.id""
})",-9999.0
,,,,,,,,4752,43.475165990424266,126.69540113563716,0.1343789741415854,-0.1257888094236432,,9.0,39.62974166870117,39.62974166870117,63.02183532714844,106.71496200561523,0,"NL_ee.String({
  ""type"": ""Invocation"",
  ""arguments"": {
    ""element"": {
      ""type"": ""ArgumentRef"",
      ""value"": ""_MAPPING_VAR_0_0""
    }
  },
  ""functionName"": ""Feature.id""
})",-9999.0
,,,,,,,,457,7.781483735386809,224.7040433362048,0.655448717948718,-0.504734158776402,,7.0,43.82358551025391,124.97190856933594,237.5567970275879,561.1813774108887,0,"NL_ee.String({
  ""type"": ""Invocation"",
  ""arguments"": {
    ""element"": {
      ""type"": ""ArgumentRef"",
      ""value"": ""_MAPPING_VAR_0_0""
    }
  },
  ""functionName"": ""Feature.id""
})",-9999.0
,,,,,,,,5771,25.225517052711485,206.69802377746203,0.1240530303030303,-0.2475039411455596,,9.0,0.0,0.0,6.634234428405762,20.952816009521484,0,"NL_ee.String({
  ""type"": ""Invocation"",
  ""arguments"": {
    ""element"": {
      ""type"": ""ArgumentRef"",
      ""value"": ""_MAPPING_VAR_0_0""
    }
  },
  ""functionName"": ""Feature.id""
})",-9999.0
,,,,,,,,2403,35.07040777503123,202.73132889226625,0.4666050381326554,-0.3864977059209089,,7.0,31.16099548339844,68.59280776977539,100.56096363067628,240.13161945343015,0,"NL_ee.String({
  ""type"": ""Invocation"",
  ""arguments"": {
    ""element"": {
      ""type"": ""ArgumentRef"",
      ""value"": ""_MAPPING_VAR_0_0""
    }
  },
  ""functionName"": ""Feature.id""
})",-9999.0
,,,,,,,,5167,26.44145295499807,254.905775101124,-0.0125911199469847,-0.0773680404916847,,9.0,0.0,0.0,1.2556360960006714,1.2556360960006714,0,"NL_ee.String({
  ""type"": ""Invocation"",
  ""arguments"": {
    ""element"": {
      ""type"": ""ArgumentRef"",
      ""value"": ""_MAPPING_VAR_0_0""
    }
  },
  ""functionName"": ""Feature.id""
})",-9999.0
,,,,,,,,5496,28.254211891937462,6.272953378645023,0.0336134453781512,-0.1314060446780552,,9.0,0.0,0.0,0.0,3.829677104949951,0,"NL_ee.String({
  ""type"": ""Invocation"",
  ""arguments"": {
    ""element"": {
      ""type"": ""ArgumentRef"",
      ""value"": ""_MAPPING_VAR_0_0""
    }
  },
  ""functionName"": ""Feature.id""
})",-9999.0
,,,,,,,,1162,48.98961465241615,124.26897631666674,0.7097404409712531,-0.6074521123064812,,4.0,59.35589790344238,137.98223114013672,273.77778816223145,452.26626205444336,0,"NL_ee.String({
  ""type"": ""Invocation"",
  ""arguments"": {
    ""element"": {
      ""type"": ""ArgumentRef"",
      ""value"": ""_MAPPING_VAR_0_0""
    }
  },
  ""functionName"": ""Feature.id""
})",-9999.0
,,,,,,,,171,3.501607966380661,142.52676330300156,0.015255128879537,-0.1091954022988505,,6.0,0.0,0.6677900552749634,0.6677900552749634,98.70021116733552,0,"NL_ee.String({
  ""type"": ""Invocation"",
  ""arguments"": {
    ""element"": {
      ""type"": ""ArgumentRef"",
      ""value"": ""_MAPPING_VAR_0_0""
    }
  },
  ""functionName"": ""Feature.id""
})",-9999.0
,,,,,,,,4904,28.68677709360561,341.20560532777426,0.3171912832929782,-0.367816091954023,,9.0,5.168094635009766,5.168094635009766,5.168094635009766,5.168094635009766,0,"NL_ee.String({
  ""type"": ""Invocation"",
  ""arguments"": {
    ""element"": {
      ""type"": ""ArgumentRef"",
      ""value"": ""_MAPPING_VAR_0_0""
    }
  },
  ""functionName"": ""Feature.id""
})",-9999.0
,,,,,,,,1211,2.8680969251417605,49.74251303480196,0.4333800841514726,-0.3817034700315457,,7.0,164.10153198242188,457.8451385498047,592.082218170166,953.8519554138184,0,"NL_ee.String({
  ""type"": ""Invocation"",
  ""arguments"": {
    ""element"": {
      ""type"": ""ArgumentRef"",
      ""value"": ""_MAPPING_VAR_0_0""
    }
  },
  ""functionName"": ""Feature.id""
})",-9999.0
,,,,,,,,2260,32.12883837719807,79.60479608451168,0.2090805902383655,-0.1485874487815398,,7.0,47.14598083496094,107.25094985961914,188.96023559570312,409.3263292312622,0,"NL_ee.String({
  ""type"": ""Invocation"",
  ""arguments"": {
    ""element"": {
      ""type"": ""ArgumentRef"",
      ""value"": ""_MAPPING_VAR_0_0""
    }
  },
  ""functionName"": ""Feature.id""
})",-9999.0
,,,,,,,,4672,4.554653218627118,258.2754539992541,0.0430889759373251,-0.1358927483241925,,9.0,4.344064235687256,4.344064235687256,8.769622802734375,42.841641902923584,0,"NL_ee.String({
  ""type"": ""Invocation"",
  ""arguments"": {
    ""element"": {
      ""type"": ""ArgumentRef"",
      ""value"": ""_MAPPING_VAR_0_0""
    }
  },
  ""functionName"": ""Feature.id""
})",-9999.0
,,,,,,,,2396,20.655165893121023,170.98579069962904,0.8885293060050342,-0.7559344700768974,,9.0,0.0,19.986621856689453,39.973243713378906,241.2441177368164,0,"NL_ee.String({
  ""type"": ""Invocation"",
  ""arguments"": {
    ""element"": {
      ""type"": ""ArgumentRef"",
      ""value"": ""_MAPPING_VAR_0_0""
    }
  },
  ""functionName"": ""Feature.id""
})",-9999.0
,,,,,,,,206,1.4062557576447394,311.2551940957419,0.7194712077078198,-0.6352013637332197,,7.0,52.30455732345581,69.19592618942261,159.77186918258667,382.9695477485657,0,"NL_ee.String({
  ""type"": ""Invocation"",
  ""arguments"": {
    ""element"": {
      ""type"": ""ArgumentRef"",
      ""value"": ""_MAPPING_VAR_0_0""
    }
  },
  ""functionName"": ""Feature.id""
})",-9999.0
,,,,,,,,4207,33.440870391707605,107.10619942538231,0.2218928164196123,-0.2568613652357495,,9.0,0.2636593282222748,0.2636593282222748,0.2636593282222748,0.2636593282222748,0,"NL_ee.String({
  ""type"": ""Invocation"",
  ""arguments"": {
    ""element"": {
      ""type"": ""ArgumentRef"",
      ""value"": ""_MAPPING_VAR_0_0""
    }
  },
  ""functionName"": ""Feature.id""
})",-9999.0
,,,,,,,,4065,48.83551866704285,325.17590531130355,0.694516010305484,-0.6308891250442792,,7.0,61.42220211029053,84.45552730560303,92.90316486358644,103.15810108184814,0,"NL_ee.String({
  ""type"": ""Invocation"",
  ""arguments"": {
    ""element"": {
      ""type"": ""ArgumentRef"",
      ""value"": ""_MAPPING_VAR_0_0""
    }
  },
  ""functionName"": ""Feature.id""
})",-9999.0
,,,,,,,,5251,6.560477871619301,304.2655001192693,0.0591966173361522,-0.0809061488673139,,9.0,19.069475650787357,34.33156633377075,34.33156633377075,51.43283653259277,0,"NL_ee.String({
  ""type"": ""Invocation"",
  ""arguments"": {
    ""element"": {
      ""type"": ""ArgumentRef"",
      ""value"": ""_MAPPING_VAR_0_0""
    }
  },
  ""functionName"": ""Feature.id""
})",-9999.0
,,,,,,,,219,5.589312742167229,289.31896066617804,0.4802557352388116,-0.3666666666666666,,7.0,0.0,2.432767629623413,28.20560622215271,182.52506852149963,0,"NL_ee.String({
  ""type"": ""Invocation"",
  ""arguments"": {
    ""element"": {
      ""type"": ""ArgumentRef"",
      ""value"": ""_MAPPING_VAR_0_0""
    }
  },
  ""functionName"": ""Feature.id""
})",-9999.0
,,,,,,,,1568,20.79815349177059,168.5883960010319,0.8578680203045685,-0.701929783771216,,4.0,131.42406463623047,238.6713638305664,387.0366296768189,582.935733795166,0,"NL_ee.String({
  ""type"": ""Invocation"",
  ""arguments"": {
    ""element"": {
      ""type"": ""ArgumentRef"",
      ""value"": ""_MAPPING_VAR_0_0""
    }
  },
  ""functionName"": ""Feature.id""
})",-9999.0
,,,,,,,,247,1.4264021273216314,310.5488930816412,0.4681764935572042,-0.3782991202346041,,7.0,0.0,70.78516006469727,114.60924911499023,228.1467323303223,0,"NL_ee.String({
  ""type"": ""Invocation"",
  ""arguments"": {
    ""element"": {
      ""type"": ""ArgumentRef"",
      ""value"": ""_MAPPING_VAR_0_0""
    }
  },
  ""functionName"": ""Feature.id""
})",-9999.0
,,,,,,,,398,2.990989663910472,201.6523420289626,0.6157112526539278,-0.5800674798858033,,6.0,45.34552383422852,99.70240783691406,169.65735626220703,336.0267601013184,0,"NL_ee.String({
  ""type"": ""Invocation"",
  ""arguments"": {
    ""element"": {
      ""type"": ""ArgumentRef"",
      ""value"": ""_MAPPING_VAR_0_0""
    }
  },
  ""functionName"": ""Feature.id""
})",-9999.0
,,,,,,,,237,1.411770140048009,48.94089215045218,0.811214953271028,-0.7180851063829787,,7.0,0.0,4.471480846405029,53.26520729064941,240.1061291694641,0,"NL_ee.String({
  ""type"": ""Invocation"",
  ""arguments"": {
    ""element"": {
      ""type"": ""ArgumentRef"",
      ""value"": ""_MAPPING_VAR_0_0""
    }
  },
  ""functionName"": ""Feature.id""
})",-9999.0
,,,,,,,,5630,31.840241734034077,310.6685820574148,-0.0571696344892221,0.0670788253477588,,9.0,10.608808517456056,10.608808517456056,10.608808517456056,10.608808517456056,0,"NL_ee.String({
  ""type"": ""Invocation"",
  ""arguments"": {
    ""element"": {
      ""type"": ""ArgumentRef"",
      ""value"": ""_MAPPING_VAR_0_0""
    }
  },
  ""functionName"": ""Feature.id""
})",-9999.0
,,,,,,,,5130,14.38384187635807,97.25249683995082,0.2640883977900553,-0.3014789533560865,,9.0,5.168094635009766,5.168094635009766,5.168094635009766,5.168094635009766,0,"NL_ee.String({
  ""type"": ""Invocation"",
  ""arguments"": {
    ""element"": {
      ""type"": ""ArgumentRef"",
      ""value"": ""_MAPPING_VAR_0_0""
    }
  },
  ""functionName"": ""Feature.id""
})",-9999.0
,,,,,,,,4313,57.84667944479859,184.28380852230245,0.0031659882406151,-0.0151029748283752,,9.0,0.0,0.0,0.0,24.6278018951416,0,"NL_ee.String({
  ""type"": ""Invocation"",
  ""arguments"": {
    ""element"": {
      ""type"": ""ArgumentRef"",
      ""value"": ""_MAPPING_VAR_0_0""
    }
  },
  ""functionName"": ""Feature.id""
})",-9999.0
,,,,,,,,893,2.867067547480793,130.27493775822586,0.5277207392197125,-0.4552567237163814,,7.0,160.4816780090332,391.8060188293457,526.3190422058105,861.6289043426514,0,"NL_ee.String({
  ""type"": ""Invocation"",
  ""arguments"": {
    ""element"": {
      ""type"": ""ArgumentRef"",
      ""value"": ""_MAPPING_VAR_0_0""
    }
  },
  ""functionName"": ""Feature.id""
})",-9999.0
,,,,,,,,261,2.8318857871264926,49.11820178748576,0.5261031194439955,-0.4876319521033559,,7.0,0.0,0.0,58.92913627624512,218.6400184631348,0,"NL_ee.String({
  ""type"": ""Invocation"",
  ""arguments"": {
    ""element"": {
      ""type"": ""ArgumentRef"",
      ""value"": ""_MAPPING_VAR_0_0""
    }
  },
  ""functionName"": ""Feature.id""
})",-9999.0
,,,,,,,,227,0.0,-0.0,0.7868120971740208,-0.692018779342723,,7.0,42.99292755126953,83.71309566497803,208.66026306152344,456.8211975097656,0,"NL_ee.String({
  ""type"": ""Invocation"",
  ""arguments"": {
    ""element"": {
      ""type"": ""ArgumentRef"",
      ""value"": ""_MAPPING_VAR_0_0""
    }
  },
  ""functionName"": ""Feature.id""
})",-9999.0
,,,,,,,,191,2.1493154424386245,210.3843115820399,0.8182989690721649,-0.7259938837920489,,7.0,0.0,0.0,31.43486595153809,152.53044033050537,0,"NL_ee.String({
  ""type"": ""Invocation"",
  ""arguments"": {
    ""element"": {
      ""type"": ""ArgumentRef"",
      ""value"": ""_MAPPING_VAR_0_0""
    }
  },
  ""functionName"": ""Feature.id""
})",-9999.0
,,,,,,,,4792,18.234349968096414,233.869031997382,0.1383259911894273,-0.2281368821292775,,9.0,20.65516805648804,27.540224075317383,27.540224075317383,46.83268070220947,0,"NL_ee.String({
  ""type"": ""Invocation"",
  ""arguments"": {
    ""element"": {
      ""type"": ""ArgumentRef"",
      ""value"": ""_MAPPING_VAR_0_0""
    }
  },
  ""functionName"": ""Feature.id""
})",-9999.0
,,,,,,,,212,1.4324950837895365,49.65937026387695,0.7169230769230769,-0.6119402985074627,,4.0,10.691783905029297,17.21832847595215,17.21832847595215,195.64761924743647,0,"NL_ee.String({
  ""type"": ""Invocation"",
  ""arguments"": {
    ""element"": {
      ""type"": ""ArgumentRef"",
      ""value"": ""_MAPPING_VAR_0_0""
    }
  },
  ""functionName"": ""Feature.id""
})",-9999.0
,,,,,,,,5380,30.091559832783872,227.89923875535277,0.0260099612617598,-0.1016042780748663,,9.0,0.0,1.35006582736969,1.35006582736969,9.48410189151764,0,"NL_ee.String({
  ""type"": ""Invocation"",
  ""arguments"": {
    ""element"": {
      ""type"": ""ArgumentRef"",
      ""value"": ""_MAPPING_VAR_0_0""
    }
  },
  ""functionName"": ""Feature.id""
})",-9999.0
,,,,,,,,2071,19.671753854400343,126.0614941081478,0.6548250265111347,-0.556220393916729,,7.0,61.91807746887207,147.83971405029297,201.59886360168457,371.42728996276855,0,"NL_ee.String({
  ""type"": ""Invocation"",
  ""arguments"": {
    ""element"": {
      ""type"": ""ArgumentRef"",
      ""value"": ""_MAPPING_VAR_0_0""
    }
  },
  ""functionName"": ""Feature.id""
})",-9999.0
,,,,,,,,196,8.410506656597905,228.93561985183945,0.0744970092441544,-0.1706161137440758,,7.0,0.0,0.0,7.232385635375977,144.985689163208,0,"NL_ee.String({
  ""type"": ""Invocation"",
  ""arguments"": {
    ""element"": {
      ""type"": ""ArgumentRef"",
      ""value"": ""_MAPPING_VAR_0_0""
    }
  },
  ""functionName"": ""Feature.id""
})",-9999.0
,,,,,,,,5140,0.0,-0.0,-0.8223495702005731,0.95028067361668,,,0.0,1.229459524154663,1.229459524154663,1.229459524154663,0,"NL_ee.String({
  ""type"": ""Invocation"",
  ""arguments"": {
    ""element"": {
      ""type"": ""ArgumentRef"",
      ""value"": ""_MAPPING_VAR_0_0""
    }
  },
  ""functionName"": ""Feature.id""
})",-9999.0
,,,,,,,,5473,17.270045692696776,102.0212959309731,0.1754780652418447,-0.2272460364063417,,9.0,18.97206115722656,18.97206115722656,18.97206115722656,18.97206115722656,0,"NL_ee.String({
  ""type"": ""Invocation"",
  ""arguments"": {
    ""element"": {
      ""type"": ""ArgumentRef"",
      ""value"": ""_MAPPING_VAR_0_0""
    }
  },
  ""functionName"": ""Feature.id""
})",-9999.0
,,,,,,,,215,6.581479324436747,106.29649770765197,0.3883464566929134,-0.3800876643706951,,4.0,4.972586631774902,16.037938117980957,41.78811168670654,152.8356647491455,0,"NL_ee.String({
  ""type"": ""Invocation"",
  ""arguments"": {
    ""element"": {
      ""type"": ""ArgumentRef"",
      ""value"": ""_MAPPING_VAR_0_0""
    }
  },
  ""functionName"": ""Feature.id""
})",-9999.0
,,,,,,,,5177,26.66472442877971,52.23173603773204,0.0536193029490616,-0.1687732342007435,,9.0,0.0,0.0,0.0,0.0,0,"NL_ee.String({
  ""type"": ""Invocation"",
  ""arguments"": {
    ""element"": {
      ""type"": ""ArgumentRef"",
      ""value"": ""_MAPPING_VAR_0_0""
    }
  },
  ""functionName"": ""Feature.id""
})",-9999.0
,,,,,,,,5046,15.01158921015988,270.0,0.0421267893660531,-0.1720331186752529,,9.0,0.0,0.0,4.649084568023682,18.645053386688232,0,"NL_ee.String({
  ""type"": ""Invocation"",
  ""arguments"": {
    ""element"": {
      ""type"": ""ArgumentRef"",
      ""value"": ""_MAPPING_VAR_0_0""
    }
  },
  ""functionName"": ""Feature.id""
})",-9999.0
,,,,,,,,5031,5.635889124886551,270.0,0.160676532769556,-0.2745211839814277,,9.0,0.0,0.0,0.0,0.0,0,"NL_ee.String({
  ""type"": ""Invocation"",
  ""arguments"": {
    ""element"": {
      ""type"": ""ArgumentRef"",
      ""value"": ""_MAPPING_VAR_0_0""
    }
  },
  ""functionName"": ""Feature.id""
})",-9999.0
,,,,,,,,3008,38.91489755240495,10.734247369354922,0.0302566066641133,-0.0112781954887218,,7.0,17.40409278869629,71.38265991210938,118.4007053375244,205.791166305542,0,"NL_ee.String({
  ""type"": ""Invocation"",
  ""arguments"": {
    ""element"": {
      ""type"": ""ArgumentRef"",
      ""value"": ""_MAPPING_VAR_0_0""
    }
  },
  ""functionName"": ""Feature.id""
})",-9999.0
,,,,,,,,180,1.081573250649556,270.0,0.5613776861937003,-0.5119726339794755,,7.0,0.0,0.0,0.0,135.39901161193848,0,"NL_ee.String({
  ""type"": ""Invocation"",
  ""arguments"": {
    ""element"": {
      ""type"": ""ArgumentRef"",
      ""value"": ""_MAPPING_VAR_0_0""
    }
  },
  ""functionName"": ""Feature.id""
})",-9999.0
,,,,,,,,1252,35.08410997570126,220.488800253022,-0.0088582677165354,0.0571161048689138,,4.0,94.1480541229248,213.34669303894043,305.3181800842285,475.65256118774414,0,"NL_ee.String({
  ""type"": ""Invocation"",
  ""arguments"": {
    ""element"": {
      ""type"": ""ArgumentRef"",
      ""value"": ""_MAPPING_VAR_0_0""
    }
  },
  ""functionName"": ""Feature.id""
})",-9999.0
,,,,,,,,2915,20.53253303963368,24.817693697080717,0.8008449004224502,-0.7061177815894797,,7.0,5.653457164764404,5.653457164764404,11.945368766784668,52.627387046813965,0,"NL_ee.String({
  ""type"": ""Invocation"",
  ""arguments"": {
    ""element"": {
      ""type"": ""ArgumentRef"",
      ""value"": ""_MAPPING_VAR_0_0""
    }
  },
  ""functionName"": ""Feature.id""
})",-9999.0
,,,,,,,,4736,21.025323743950658,239.6434683121676,0.0098463962189838,0.008507347254447,,9.0,0.0,0.0,0.0,6.557891368865967,0,"NL_ee.String({
  ""type"": ""Invocation"",
  ""arguments"": {
    ""element"": {
      ""type"": ""ArgumentRef"",
      ""value"": ""_MAPPING_VAR_0_0""
    }
  },
  ""functionName"": ""Feature.id""
})",-9999.0
,,,,,,,,1162,22.59127057514472,101.2170724158247,0.6884057971014492,-0.6035788024776325,,4.0,77.9648265838623,139.36044883728027,238.2405014038086,417.10227394104,0,"NL_ee.String({
  ""type"": ""Invocation"",
  ""arguments"": {
    ""element"": {
      ""type"": ""ArgumentRef"",
      ""value"": ""_MAPPING_VAR_0_0""
    }
  },
  ""functionName"": ""Feature.id""
})",-9999.0
,,,,,,,,2963,32.26516230225997,-0.0,0.4444195929322299,-0.3417826719301891,,7.0,13.350823402404783,13.350823402404783,34.73879146575928,134.28196048736572,0,"NL_ee.String({
  ""type"": ""Invocation"",
  ""arguments"": {
    ""element"": {
      ""type"": ""ArgumentRef"",
      ""value"": ""_MAPPING_VAR_0_0""
    }
  },
  ""functionName"": ""Feature.id""
})",-9999.0
,,,,,,,,3527,50.3293432757523,135.36063131618184,0.6372473778459964,-0.5732546705998034,,9.0,97.23668670654295,151.18532180786133,168.6702003479004,227.18088912963867,0,"NL_ee.String({
  ""type"": ""Invocation"",
  ""arguments"": {
    ""element"": {
      ""type"": ""ArgumentRef"",
      ""value"": ""_MAPPING_VAR_0_0""
    }
  },
  ""functionName"": ""Feature.id""
})",-9999.0
,,,,,,,,5427,5.699702853472697,80.6660201060917,0.0201117318435754,-0.0339750849377123,,9.0,0.0,0.0,0.0,0.0,0,"NL_ee.String({
  ""type"": ""Invocation"",
  ""arguments"": {
    ""element"": {
      ""type"": ""ArgumentRef"",
      ""value"": ""_MAPPING_VAR_0_0""
    }
  },
  ""functionName"": ""Feature.id""
})",-9999.0
,,,,,,,,4840,39.549866817004144,181.33125156525637,0.0100684655658477,-0.1146666666666666,,9.0,0.4074769616127014,0.4074769616127014,2.09947282075882,2.09947282075882,0,"NL_ee.String({
  ""type"": ""Invocation"",
  ""arguments"": {
    ""element"": {
      ""type"": ""ArgumentRef"",
      ""value"": ""_MAPPING_VAR_0_0""
    }
  },
  ""functionName"": ""Feature.id""
})",-9999.0
,,,,,,,,262,1.8543341688414128,180.0,0.6759493670886076,-0.5916649969945903,,4.0,0.0,9.412863731384276,30.186240196228027,176.69521474838257,0,"NL_ee.String({
  ""type"": ""Invocation"",
  ""arguments"": {
    ""element"": {
      ""type"": ""ArgumentRef"",
      ""value"": ""_MAPPING_VAR_0_0""
    }
  },
  ""functionName"": ""Feature.id""
})",-9999.0
,,,,,,,,5069,38.484655879519885,296.61314167055605,0.1105092091007584,-0.1960326721120186,,9.0,2.2150509357452397,2.2150509357452397,5.899124622344971,9.034607172012327,0,"NL_ee.String({
  ""type"": ""Invocation"",
  ""arguments"": {
    ""element"": {
      ""type"": ""ArgumentRef"",
      ""value"": ""_MAPPING_VAR_0_0""
    }
  },
  ""functionName"": ""Feature.id""
})",-9999.0
,,,,,,,,259,2.9806276044060813,158.85600560560346,0.7993647432503971,-0.682256867112101,,4.0,0.0,24.1262149810791,59.90328025817871,216.95333671569824,0,"NL_ee.String({
  ""type"": ""Invocation"",
  ""arguments"": {
    ""element"": {
      ""type"": ""ArgumentRef"",
      ""value"": ""_MAPPING_VAR_0_0""
    }
  },
  ""functionName"": ""Feature.id""
})",-9999.0
,,,,,,,,332,2.9889148857514827,201.5517514912753,0.3442105263157894,-0.3050587634133878,,7.0,0.0,93.1083869934082,207.3940315246582,527.7252788543701,0,"NL_ee.String({
  ""type"": ""Invocation"",
  ""arguments"": {
    ""element"": {
      ""type"": ""ArgumentRef"",
      ""value"": ""_MAPPING_VAR_0_0""
    }
  },
  ""functionName"": ""Feature.id""
})",-9999.0
,,,,,,,,4316,12.769178384097833,-0.0,0.1733333333333333,-0.2687950566426365,,9.0,18.8848729133606,18.8848729133606,28.578494548797607,72.61389493942261,0,"NL_ee.String({
  ""type"": ""Invocation"",
  ""arguments"": {
    ""element"": {
      ""type"": ""ArgumentRef"",
      ""value"": ""_MAPPING_VAR_0_0""
    }
  },
  ""functionName"": ""Feature.id""
})",-9999.0
,,,,,,,,252,1.4125618122195798,131.03113015968938,0.7637051039697542,-0.6642140468227424,,7.0,49.37374305725098,116.72748756408691,217.54088973999023,509.52620124816895,0,"NL_ee.String({
  ""type"": ""Invocation"",
  ""arguments"": {
    ""element"": {
      ""type"": ""ArgumentRef"",
      ""value"": ""_MAPPING_VAR_0_0""
    }
  },
  ""functionName"": ""Feature.id""
})",-9999.0
,,,,,,,,252,2.3437805146658137,113.29738356818224,0.7467532467532467,-0.6553846153846153,,4.0,0.0,0.0,0.0,185.83121538162231,0,"NL_ee.String({
  ""type"": ""Invocation"",
  ""arguments"": {
    ""element"": {
      ""type"": ""ArgumentRef"",
      ""value"": ""_MAPPING_VAR_0_0""
    }
  },
  ""functionName"": ""Feature.id""
})",-9999.0
,,,,,,,,226,1.8543341688295631,-0.0,0.3992277992277992,-0.3323529411764706,,7.0,10.400276184082031,10.400276184082031,46.855712890625,166.9417245388031,0,"NL_ee.String({
  ""type"": ""Invocation"",
  ""arguments"": {
    ""element"": {
      ""type"": ""ArgumentRef"",
      ""value"": ""_MAPPING_VAR_0_0""
    }
  },
  ""functionName"": ""Feature.id""
})",-9999.0
,,,,,,,,212,2.1524490563707634,329.4735914052686,0.5300823305889804,-0.4355317884729649,,7.0,11.051839828491213,17.29932451248169,17.29932451248169,194.141574382782,0,"NL_ee.String({
  ""type"": ""Invocation"",
  ""arguments"": {
    ""element"": {
      ""type"": ""ArgumentRef"",
      ""value"": ""_MAPPING_VAR_0_0""
    }
  },
  ""functionName"": ""Feature.id""
})",-9999.0
,,,,,,,,224,0.0,-0.0,0.7190775681341719,-0.5819935691318328,,7.0,73.14465522766113,153.9151210784912,264.4486246109009,492.89421558380127,0,"NL_ee.String({
  ""type"": ""Invocation"",
  ""arguments"": {
    ""element"": {
      ""type"": ""ArgumentRef"",
      ""value"": ""_MAPPING_VAR_0_0""
    }
  },
  ""functionName"": ""Feature.id""
})",-9999.0
,,,,,,,,4902,40.41376168473109,239.115744356054,0.0775510204081632,-0.1711026615969581,,9.0,0.0,0.0,4.1963958740234375,68.5775146484375,0,"NL_ee.String({
  ""type"": ""Invocation"",
  ""arguments"": {
    ""element"": {
      ""type"": ""ArgumentRef"",
      ""value"": ""_MAPPING_VAR_0_0""
    }
  },
  ""functionName"": ""Feature.id""
})",-9999.0
,,,,,,,,4787,42.117144534663126,231.1958273769784,0.0056818181818181,0.0056179775280898,,9.0,5.859664916992188,5.859664916992188,5.859664916992188,5.859664916992188,0,"NL_ee.String({
  ""type"": ""Invocation"",
  ""arguments"": {
    ""element"": {
      ""type"": ""ArgumentRef"",
      ""value"": ""_MAPPING_VAR_0_0""
    }
  },
  ""functionName"": ""Feature.id""
})",-9999.0
,,,,,,,,3775,39.60825194586327,147.2630705941595,-0.0351715154146765,0.0604651162790697,,7.0,0.0,0.0,35.44789123535156,64.58055114746094,0,"NL_ee.String({
  ""type"": ""Invocation"",
  ""arguments"": {
    ""element"": {
      ""type"": ""ArgumentRef"",
      ""value"": ""_MAPPING_VAR_0_0""
    }
  },
  ""functionName"": ""Feature.id""
})",-9999.0
,,,,,,,,214,2.7802885155287558,180.0,0.2404458598726114,-0.2549335481272654,,7.0,0.0,0.0,0.0,137.75576448440552,0,"NL_ee.String({
  ""type"": ""Invocation"",
  ""arguments"": {
    ""element"": {
      ""type"": ""ArgumentRef"",
      ""value"": ""_MAPPING_VAR_0_0""
    }
  },
  ""functionName"": ""Feature.id""
})",-9999.0
,,,,,,,,362,0.9274099368670312,-0.0,0.8889952153110048,-0.7574004006231916,,4.0,95.48292541503906,152.76733827590942,314.73055696487427,508.4176602363586,0,"NL_ee.String({
  ""type"": ""Invocation"",
  ""arguments"": {
    ""element"": {
      ""type"": ""ArgumentRef"",
      ""value"": ""_MAPPING_VAR_0_0""
    }
  },
  ""functionName"": ""Feature.id""
})",-9999.0
,,,,,,,,211,0.0,-0.0,0.4275782155272306,-0.368128817323709,,7.0,9.273098945617676,16.32852268218994,16.32852268218994,216.8848066329956,0,"NL_ee.String({
  ""type"": ""Invocation"",
  ""arguments"": {
    ""element"": {
      ""type"": ""ArgumentRef"",
      ""value"": ""_MAPPING_VAR_0_0""
    }
  },
  ""functionName"": ""Feature.id""
})",-9999.0
,,,,,,,,1415,20.498622663799505,69.73304576816159,0.7874622862889709,-0.694312043215761,,7.0,40.71921920776367,54.00473594665527,117.66776084899902,453.4903945922852,0,"NL_ee.String({
  ""type"": ""Invocation"",
  ""arguments"": {
    ""element"": {
      ""type"": ""ArgumentRef"",
      ""value"": ""_MAPPING_VAR_0_0""
    }
  },
  ""functionName"": ""Feature.id""
})",-9999.0
,,,,,,,,232,2.3634498145010627,113.0919810948595,0.6943099273607748,-0.6100086281276963,,7.0,0.0,32.42755508422852,97.92155456542967,323.8015365600586,0,"NL_ee.String({
  ""type"": ""Invocation"",
  ""arguments"": {
    ""element"": {
      ""type"": ""ArgumentRef"",
      ""value"": ""_MAPPING_VAR_0_0""
    }
  },
  ""functionName"": ""Feature.id""
})",-9999.0
,,,,,,,,236,2.9757884548518807,200.90131770727984,0.1547479484173505,-0.2115621156211562,,7.0,68.6489028930664,144.9368085861206,265.62735080718994,465.2483835220337,0,"NL_ee.String({
  ""type"": ""Invocation"",
  ""arguments"": {
    ""element"": {
      ""type"": ""ArgumentRef"",
      ""value"": ""_MAPPING_VAR_0_0""
    }
  },
  ""functionName"": ""Feature.id""
})",-9999.0
,,,,,,,,5141,1.432994743092104,310.3236578504594,0.1643835616438356,-0.26528442317916,,9.0,0.0,0.0,0.0,12.992057800292969,0,"NL_ee.String({
  ""type"": ""Invocation"",
  ""arguments"": {
    ""element"": {
      ""type"": ""ArgumentRef"",
      ""value"": ""_MAPPING_VAR_0_0""
    }
  },
  ""functionName"": ""Feature.id""
})",-9999.0
,,,,,,,,508,14.964072904194364,204.70358957246083,0.8871377732587697,-0.7062744196736382,,7.0,56.52257537841797,170.8619899749756,272.8912172317505,558.8280611038208,0,"NL_ee.String({
  ""type"": ""Invocation"",
  ""arguments"": {
    ""element"": {
      ""type"": ""ArgumentRef"",
      ""value"": ""_MAPPING_VAR_0_0""
    }
  },
  ""functionName"": ""Feature.id""
})",-9999.0
,,,,,,,,1592,2.4247449039530817,247.52487170916,0.8032596041909197,-0.7419173460781557,,7.0,11.2053861618042,15.000754356384276,22.591490745544437,115.814528465271,0,"NL_ee.String({
  ""type"": ""Invocation"",
  ""arguments"": {
    ""element"": {
      ""type"": ""ArgumentRef"",
      ""value"": ""_MAPPING_VAR_0_0""
    }
  },
  ""functionName"": ""Feature.id""
})",-9999.0
,,,,,,,,5233,13.327440735788825,61.423595635957085,-0.0071229482812016,0.0159607120933087,,9.0,32.408565521240234,32.408565521240234,49.51071357727051,62.65572738647461,0,"NL_ee.String({
  ""type"": ""Invocation"",
  ""arguments"": {
    ""element"": {
      ""type"": ""ArgumentRef"",
      ""value"": ""_MAPPING_VAR_0_0""
    }
  },
  ""functionName"": ""Feature.id""
})",-9999.0
,,,,,,,,5038,26.928449947826607,227.99150304597515,0.0623240852432649,-0.0990016638935108,,9.0,23.023380279541016,23.023380279541016,42.0411376953125,92.07218551635742,0,"NL_ee.String({
  ""type"": ""Invocation"",
  ""arguments"": {
    ""element"": {
      ""type"": ""ArgumentRef"",
      ""value"": ""_MAPPING_VAR_0_0""
    }
  },
  ""functionName"": ""Feature.id""
})",-9999.0
,,,,,,,,764,7.7720927372423425,326.1215998065434,0.6469120399251403,-0.5644444444444444,,7.0,92.5526351928711,215.8807182312012,292.0509376525879,434.0445518493652,0,"NL_ee.String({
  ""type"": ""Invocation"",
  ""arguments"": {
    ""element"": {
      ""type"": ""ArgumentRef"",
      ""value"": ""_MAPPING_VAR_0_0""
    }
  },
  ""functionName"": ""Feature.id""
})",-9999.0
,,,,,,,,3070,29.902161343833612,137.04359506627364,0.60546875,-0.5288282703037818,,9.0,12.071837425231934,15.941758632659912,30.460509300231934,159.95774745941162,0,"NL_ee.String({
  ""type"": ""Invocation"",
  ""arguments"": {
    ""element"": {
      ""type"": ""ArgumentRef"",
      ""value"": ""_MAPPING_VAR_0_0""
    }
  },
  ""functionName"": ""Feature.id""
})",-9999.0
,,,,,,,,218,4.211538673079232,311.2608462930185,0.0683102208525937,-0.1212938005390835,,7.0,7.181158065795898,18.540607452392575,48.421613693237305,169.39995050430298,0,"NL_ee.String({
  ""type"": ""Invocation"",
  ""arguments"": {
    ""element"": {
      ""type"": ""ArgumentRef"",
      ""value"": ""_MAPPING_VAR_0_0""
    }
  },
  ""functionName"": ""Feature.id""
})",-9999.0
,,,,,,,,5554,12.072589464153811,10.29007719266364,0.056910569105691,-0.1056591429506051,,9.0,16.190185546875,16.190185546875,25.86686134338379,64.39495658874512,0,"NL_ee.String({
  ""type"": ""Invocation"",
  ""arguments"": {
    ""element"": {
      ""type"": ""ArgumentRef"",
      ""value"": ""_MAPPING_VAR_0_0""
    }
  },
  ""functionName"": ""Feature.id""
})",-9999.0
,,,,,,,,228,3.6632739303162847,300.37666958724185,0.0149982560167422,-0.0246478873239436,,9.0,0.0,3.2122106552124023,3.2122106552124023,150.09761333465576,0,"NL_ee.String({
  ""type"": ""Invocation"",
  ""arguments"": {
    ""element"": {
      ""type"": ""ArgumentRef"",
      ""value"": ""_MAPPING_VAR_0_0""
    }
  },
  ""functionName"": ""Feature.id""
})",-9999.0
,,,,,,,,571,13.005710022780711,204.34136747738367,0.8245614035087719,-0.6945595139464237,,4.0,0.0,203.7069320678711,286.8927936553955,495.34363746643066,0,"NL_ee.String({
  ""type"": ""Invocation"",
  ""arguments"": {
    ""element"": {
      ""type"": ""ArgumentRef"",
      ""value"": ""_MAPPING_VAR_0_0""
    }
  },
  ""functionName"": ""Feature.id""
})",-9999.0
,,,,,,,,3240,12.426431195883406,81.55098970157262,0.139834406623735,-0.1822519083969465,,9.0,23.94623374938965,23.94623374938965,52.74167251586914,163.42420387268066,0,"NL_ee.String({
  ""type"": ""Invocation"",
  ""arguments"": {
    ""element"": {
      ""type"": ""ArgumentRef"",
      ""value"": ""_MAPPING_VAR_0_0""
    }
  },
  ""functionName"": ""Feature.id""
})",-9999.0
,,,,,,,,4628,0.9274099368670312,-0.0,0.2,-0.2831505483549352,,9.0,12.006837844848633,12.006837844848633,16.30634880065918,63.36921310424805,0,"NL_ee.String({
  ""type"": ""Invocation"",
  ""arguments"": {
    ""element"": {
      ""type"": ""ArgumentRef"",
      ""value"": ""_MAPPING_VAR_0_0""
    }
  },
  ""functionName"": ""Feature.id""
})",-9999.0
,,,,,,,,202,3.75157059845677,240.4127793486028,0.5579370395177495,-0.491025641025641,,7.0,9.296263694763184,16.715871810913086,16.715871810913086,192.47090530395508,0,"NL_ee.String({
  ""type"": ""Invocation"",
  ""arguments"": {
    ""element"": {
      ""type"": ""ArgumentRef"",
      ""value"": ""_MAPPING_VAR_0_0""
    }
  },
  ""functionName"": ""Feature.id""
})",-9999.0
,,,,,,,,5681,30.646417454266075,258.9742355144503,0.1081730769230769,-0.246788370520622,,9.0,0.0,0.0,0.0,1.525072693824768,0,"NL_ee.String({
  ""type"": ""Invocation"",
  ""arguments"": {
    ""element"": {
      ""type"": ""ArgumentRef"",
      ""value"": ""_MAPPING_VAR_0_0""
    }
  },
  ""functionName"": ""Feature.id""
})",-9999.0
,,,,,,,,429,4.754521251012653,346.6898223253337,0.0223123732251521,-0.1116012351124834,,7.0,84.36156463623047,274.3667163848877,363.0104656219482,723.7125587463379,0,"NL_ee.String({
  ""type"": ""Invocation"",
  ""arguments"": {
    ""element"": {
      ""type"": ""ArgumentRef"",
      ""value"": ""_MAPPING_VAR_0_0""
    }
  },
  ""functionName"": ""Feature.id""
})",-9999.0
,,,,,,,,5202,8.104902726344974,204.5813156488152,0.1175040518638573,-0.2059466550065588,,9.0,0.0,0.0,0.0,0.0,0,"NL_ee.String({
  ""type"": ""Invocation"",
  ""arguments"": {
    ""element"": {
      ""type"": ""ArgumentRef"",
      ""value"": ""_MAPPING_VAR_0_0""
    }
  },
  ""functionName"": ""Feature.id""
})",-9999.0
,,,,,,,,4224,28.17205801927545,184.10075409405343,0.0222521915037086,-0.0828571428571428,,9.0,4.797620296478272,4.797620296478272,8.025929927825928,19.96395254135132,0,"NL_ee.String({
  ""type"": ""Invocation"",
  ""arguments"": {
    ""element"": {
      ""type"": ""ArgumentRef"",
      ""value"": ""_MAPPING_VAR_0_0""
    }
  },
  ""functionName"": ""Feature.id""
})",-9999.0
,,,,,,,,182,2.1335722920484392,209.65464244289737,0.2923769700868446,-0.2824768592403447,,7.0,48.09560108184815,88.94293308258057,178.59300136566162,320.8993043899536,0,"NL_ee.String({
  ""type"": ""Invocation"",
  ""arguments"": {
    ""element"": {
      ""type"": ""ArgumentRef"",
      ""value"": ""_MAPPING_VAR_0_0""
    }
  },
  ""functionName"": ""Feature.id""
})",-9999.0
,,,,,,,,466,12.403186050888523,291.59438510701267,0.9132369299221356,-0.7145135566188198,,7.0,79.65385437011719,166.41495418548584,310.8347110748291,512.7214488983154,0,"NL_ee.String({
  ""type"": ""Invocation"",
  ""arguments"": {
    ""element"": {
      ""type"": ""ArgumentRef"",
      ""value"": ""_MAPPING_VAR_0_0""
    }
  },
  ""functionName"": ""Feature.id""
})",-9999.0
,,,,,,,,238,1.066369175289449,90.0,0.7428432799611839,-0.6465734586293834,,7.0,0.0,0.0,42.95392608642578,169.64553117752075,0,"NL_ee.String({
  ""type"": ""Invocation"",
  ""arguments"": {
    ""element"": {
      ""type"": ""ArgumentRef"",
      ""value"": ""_MAPPING_VAR_0_0""
    }
  },
  ""functionName"": ""Feature.id""
})",-9999.0
,,,,,,,,1625,40.64417633552976,168.68750024812914,0.1320983169875287,-0.081800300821474,,4.0,53.79303359985352,108.29786682128906,202.6767454147339,445.5644540786743,0,"NL_ee.String({
  ""type"": ""Invocation"",
  ""arguments"": {
    ""element"": {
      ""type"": ""ArgumentRef"",
      ""value"": ""_MAPPING_VAR_0_0""
    }
  },
  ""functionName"": ""Feature.id""
})",-9999.0
,,,,,,,,187,3.704791833671086,-0.0,0.5844544095665172,-0.5429403202328966,,7.0,0.0,0.0,0.0,132.6591968536377,0,"NL_ee.String({
  ""type"": ""Invocation"",
  ""arguments"": {
    ""element"": {
      ""type"": ""ArgumentRef"",
      ""value"": ""_MAPPING_VAR_0_0""
    }
  },
  ""functionName"": ""Feature.id""
})",-9999.0
,,,,,,,,4570,25.832931284950234,137.35903653843684,0.1382297551789077,-0.234981610134859,,9.0,1.1009728908538818,1.3211674690246582,2.406682848930359,2.406682848930359,0,"NL_ee.String({
  ""type"": ""Invocation"",
  ""arguments"": {
    ""element"": {
      ""type"": ""ArgumentRef"",
      ""value"": ""_MAPPING_VAR_0_0""
    }
  },
  ""functionName"": ""Feature.id""
})",-9999.0
,,,,,,,,311,4.75574439519989,13.372609371530553,0.6900935476133365,-0.6205151793928243,,4.0,0.0,0.0,130.91115951538086,282.33096504211426,0,"NL_ee.String({
  ""type"": ""Invocation"",
  ""arguments"": {
    ""element"": {
      ""type"": ""ArgumentRef"",
      ""value"": ""_MAPPING_VAR_0_0""
    }
  },
  ""functionName"": ""Feature.id""
})",-9999.0
,,,,,,,,3754,13.11218675005628,90.0,0.4528973777921657,-0.4389227316447579,,7.0,54.91130065917969,54.91130065917969,152.62398147583008,483.8656578063965,0,"NL_ee.String({
  ""type"": ""Invocation"",
  ""arguments"": {
    ""element"": {
      ""type"": ""ArgumentRef"",
      ""value"": ""_MAPPING_VAR_0_0""
    }
  },
  ""functionName"": ""Feature.id""
})",-9999.0
,,,,,,,,3963,36.286893704533576,263.6709796005124,0.0692041522491349,-0.0564102564102564,,9.0,18.10835647583008,64.68140983581543,139.43825435638428,286.1183652877808,0,"NL_ee.String({
  ""type"": ""Invocation"",
  ""arguments"": {
    ""element"": {
      ""type"": ""ArgumentRef"",
      ""value"": ""_MAPPING_VAR_0_0""
    }
  },
  ""functionName"": ""Feature.id""
})",-9999.0
,,,,,,,,5317,30.858307153043118,285.71932549324833,0.0426356589147286,-0.150392017106201,,9.0,0.0,0.0,7.099470138549805,38.411972999572754,0,"NL_ee.String({
  ""type"": ""Invocation"",
  ""arguments"": {
    ""element"": {
      ""type"": ""ArgumentRef"",
      ""value"": ""_MAPPING_VAR_0_0""
    }
  },
  ""functionName"": ""Feature.id""
})",-9999.0
,,,,,,,,3515,12.960323155718832,50.72433254489637,0.8054818744473917,-0.703796412181894,,9.0,41.930171966552734,41.930171966552734,41.930171966552734,152.81922340393066,0,"NL_ee.String({
  ""type"": ""Invocation"",
  ""arguments"": {
    ""element"": {
      ""type"": ""ArgumentRef"",
      ""value"": ""_MAPPING_VAR_0_0""
    }
  },
  ""functionName"": ""Feature.id""
})",-9999.0
,,,,,,,,4940,21.636049497832914,49.23412336535059,0.0963855421686747,-0.1689723320158102,,9.0,13.578445434570312,13.578445434570312,21.44336748123169,76.7076187133789,0,"NL_ee.String({
  ""type"": ""Invocation"",
  ""arguments"": {
    ""element"": {
      ""type"": ""ArgumentRef"",
      ""value"": ""_MAPPING_VAR_0_0""
    }
  },
  ""functionName"": ""Feature.id""
})",-9999.0
,,,,,,,,220,9.93445614468644,49.68684973955796,-0.0467914438502673,-0.007773851590106,,7.0,8.727043151855469,8.727043151855469,35.37909698486328,286.1278839111328,0,"NL_ee.String({
  ""type"": ""Invocation"",
  ""arguments"": {
    ""element"": {
      ""type"": ""ArgumentRef"",
      ""value"": ""_MAPPING_VAR_0_0""
    }
  },
  ""functionName"": ""Feature.id""
})",-9999.0
,,,,,,,,244,1.0914406904231375,270.0,0.4549583648750946,-0.358303886925795,,7.0,0.0,23.131004333496094,131.92715454101562,466.1805877685547,0,"NL_ee.String({
  ""type"": ""Invocation"",
  ""arguments"": {
    ""element"": {
      ""type"": ""ArgumentRef"",
      ""value"": ""_MAPPING_VAR_0_0""
    }
  },
  ""functionName"": ""Feature.id""
})",-9999.0
,,,,,,,,224,0.9274099368729608,180.0,0.3497234173325138,-0.2737819025522042,,7.0,9.402297019958496,15.394028186798096,35.443148612976074,234.62262058258057,0,"NL_ee.String({
  ""type"": ""Invocation"",
  ""arguments"": {
    ""element"": {
      ""type"": ""ArgumentRef"",
      ""value"": ""_MAPPING_VAR_0_0""
    }
  },
  ""functionName"": ""Feature.id""
})",-9999.0
,,,,,,,,226,1.4058766943996697,48.731248582241925,0.0694025347012673,-0.2184975073061715,,9.0,0.0,0.0,6.809905529022217,178.15495443344116,0,"NL_ee.String({
  ""type"": ""Invocation"",
  ""arguments"": {
    ""element"": {
      ""type"": ""ArgumentRef"",
      ""value"": ""_MAPPING_VAR_0_0""
    }
  },
  ""functionName"": ""Feature.id""
})",-9999.0
,,,,,,,,4584,16.427245564220247,276.3043536922156,0.2035323801513877,-0.2552631578947368,,9.0,4.7729172706604,4.7729172706604,4.7729172706604,4.7729172706604,0,"NL_ee.String({
  ""type"": ""Invocation"",
  ""arguments"": {
    ""element"": {
      ""type"": ""ArgumentRef"",
      ""value"": ""_MAPPING_VAR_0_0""
    }
  },
  ""functionName"": ""Feature.id""
})",-9999.0
,,,,,,,,5808,12.759832329454314,106.61448607543616,-0.0583171938885302,0.0450974687227233,,,0.0,0.0,0.0,12.201048851013184,0,"NL_ee.String({
  ""type"": ""Invocation"",
  ""arguments"": {
    ""element"": {
      ""type"": ""ArgumentRef"",
      ""value"": ""_MAPPING_VAR_0_0""
    }
  },
  ""functionName"": ""Feature.id""
})",-9999.0
,,,,,,,,182,3.85080185606824,195.8510037409383,0.0903816112474894,-0.2199750312109862,,7.0,35.61666488647461,41.12693500518799,114.85114002227785,288.58375549316406,0,"NL_ee.String({
  ""type"": ""Invocation"",
  ""arguments"": {
    ""element"": {
      ""type"": ""ArgumentRef"",
      ""value"": ""_MAPPING_VAR_0_0""
    }
  },
  ""functionName"": ""Feature.id""
})",-9999.0
,,,,,,,,5347,32.443415554822515,65.95570560120113,0.0732893365751997,-0.2379807692307692,,9.0,2.734626054763794,13.344035863876345,13.344035863876345,46.265902280807495,0,"NL_ee.String({
  ""type"": ""Invocation"",
  ""arguments"": {
    ""element"": {
      ""type"": ""ArgumentRef"",
      ""value"": ""_MAPPING_VAR_0_0""
    }
  },
  ""functionName"": ""Feature.id""
})",-9999.0
,,,,,,,,2968,26.74565347167236,227.5798357666483,0.8205736467543671,-0.6870503597122302,,7.0,20.29969787597656,36.48941802978516,52.67913818359375,190.07901763916016,0,"NL_ee.String({
  ""type"": ""Invocation"",
  ""arguments"": {
    ""element"": {
      ""type"": ""ArgumentRef"",
      ""value"": ""_MAPPING_VAR_0_0""
    }
  },
  ""functionName"": ""Feature.id""
})",-9999.0
,,,,,,,,2108,27.90396588821524,27.565845774632702,0.0589045814674474,-0.0019556714471968,,7.0,114.65503692626952,211.64684677124023,301.64379501342773,470.60147857666016,0,"NL_ee.String({
  ""type"": ""Invocation"",
  ""arguments"": {
    ""element"": {
      ""type"": ""ArgumentRef"",
      ""value"": ""_MAPPING_VAR_0_0""
    }
  },
  ""functionName"": ""Feature.id""
})",-9999.0
,,,,,,,,2228,25.664647993692288,129.79843802533145,0.0981884609529608,-0.1113849946079186,,7.0,11.439860343933104,25.708713054656982,33.86416006088257,112.38894987106325,0,"NL_ee.String({
  ""type"": ""Invocation"",
  ""arguments"": {
    ""element"": {
      ""type"": ""ArgumentRef"",
      ""value"": ""_MAPPING_VAR_0_0""
    }
  },
  ""functionName"": ""Feature.id""
})",-9999.0
,,,,,,,,231,4.429399071476514,102.06240813423456,0.4777998674618953,-0.4231014677728143,,7.0,0.0,0.0,27.512357711791992,216.58415985107425,0,"NL_ee.String({
  ""type"": ""Invocation"",
  ""arguments"": {
    ""element"": {
      ""type"": ""ArgumentRef"",
      ""value"": ""_MAPPING_VAR_0_0""
    }
  },
  ""functionName"": ""Feature.id""
})",-9999.0
,,,,,,,,4001,15.932659380286536,164.57588195609387,0.0177690029615004,-0.0656330749354005,,9.0,24.880659103393555,24.880659103393555,24.880659103393555,44.89585304260254,0,"NL_ee.String({
  ""type"": ""Invocation"",
  ""arguments"": {
    ""element"": {
      ""type"": ""ArgumentRef"",
      ""value"": ""_MAPPING_VAR_0_0""
    }
  },
  ""functionName"": ""Feature.id""
})",-9999.0
,,,,,,,,198,2.1353907722111867,29.74030937679756,0.11643719190889,-0.1976659372720642,,6.0,0.0,0.0,9.03925323486328,138.2955985069275,0,"NL_ee.String({
  ""type"": ""Invocation"",
  ""arguments"": {
    ""element"": {
      ""type"": ""ArgumentRef"",
      ""value"": ""_MAPPING_VAR_0_0""
    }
  },
  ""functionName"": ""Feature.id""
})",-9999.0
,,,,,,,,205,3.853617604787977,344.0017715804713,0.1194379391100702,-0.2355411954765751,,6.0,0.0,0.0,0.0,122.54569244384766,0,"NL_ee.String({
  ""type"": ""Invocation"",
  ""arguments"": {
    ""element"": {
      ""type"": ""ArgumentRef"",
      ""value"": ""_MAPPING_VAR_0_0""
    }
  },
  ""functionName"": ""Feature.id""
})",-9999.0
,,,,,,,,4844,4.281576524878885,310.44072059106225,0.0378548895899053,-0.0097186700767263,,9.0,26.71265316009521,35.61687088012695,35.61687088012695,63.7623233795166,0,"NL_ee.String({
  ""type"": ""Invocation"",
  ""arguments"": {
    ""element"": {
      ""type"": ""ArgumentRef"",
      ""value"": ""_MAPPING_VAR_0_0""
    }
  },
  ""functionName"": ""Feature.id""
})",-9999.0
,,,,,,,,5059,31.366085260307344,217.18816730870088,0.0068027210884353,-0.0521327014218009,,9.0,0.0,0.0,0.0,0.0,0,"NL_ee.String({
  ""type"": ""Invocation"",
  ""arguments"": {
    ""element"": {
      ""type"": ""ArgumentRef"",
      ""value"": ""_MAPPING_VAR_0_0""
    }
  },
  ""functionName"": ""Feature.id""
})",-9999.0
,,,,,,,,4579,6.1977148772790125,243.4358837842044,0.1403762662807525,-0.2389937106918239,,9.0,0.0,0.0,0.0,0.0,0,"NL_ee.String({
  ""type"": ""Invocation"",
  ""arguments"": {
    ""element"": {
      ""type"": ""ArgumentRef"",
      ""value"": ""_MAPPING_VAR_0_0""
    }
  },
  ""functionName"": ""Feature.id""
})",-9999.0
,,,,,,,,231,1.0976126555361372,90.0,0.3562559694364852,-0.2948328267477204,,7.0,0.0,0.0,69.43671417236328,222.11734580993647,0,"NL_ee.String({
  ""type"": ""Invocation"",
  ""arguments"": {
    ""element"": {
      ""type"": ""ArgumentRef"",
      ""value"": ""_MAPPING_VAR_0_0""
    }
  },
  ""functionName"": ""Feature.id""
})",-9999.0
,,,,,,,,5471,37.84925942436849,283.24724302891786,0.0952380952380952,-0.1982892690513219,,9.0,0.0,0.0,0.0,0.0,0,"NL_ee.String({
  ""type"": ""Invocation"",
  ""arguments"": {
    ""element"": {
      ""type"": ""ArgumentRef"",
      ""value"": ""_MAPPING_VAR_0_0""
    }
  },
  ""functionName"": ""Feature.id""
})",-9999.0
,,,,,,,,3202,21.887821843442325,337.9323729351787,-0.0133049494411921,0.034375,,7.0,86.2699966430664,132.6828651428223,212.62826251983645,379.4777994155884,0,"NL_ee.String({
  ""type"": ""Invocation"",
  ""arguments"": {
    ""element"": {
      ""type"": ""ArgumentRef"",
      ""value"": ""_MAPPING_VAR_0_0""
    }
  },
  ""functionName"": ""Feature.id""
})",-9999.0
,,,,,,,,5633,20.04330468568132,167.4655025764508,-0.0089086859688195,-0.0748792270531401,,9.0,0.0,0.0,0.0,0.0,0,"NL_ee.String({
  ""type"": ""Invocation"",
  ""arguments"": {
    ""element"": {
      ""type"": ""ArgumentRef"",
      ""value"": ""_MAPPING_VAR_0_0""
    }
  },
  ""functionName"": ""Feature.id""
})",-9999.0
,,,,,,,,5703,15.443727869824244,83.2700862578791,-0.0973389355742296,0.1051718153418951,,9.0,4.161513805389404,4.161513805389404,8.751707553863525,30.39265298843384,0,"NL_ee.String({
  ""type"": ""Invocation"",
  ""arguments"": {
    ""element"": {
      ""type"": ""ArgumentRef"",
      ""value"": ""_MAPPING_VAR_0_0""
    }
  },
  ""functionName"": ""Feature.id""
})",-9999.0
,,,,,,,,1318,20.408194293077838,58.52659889180888,0.2475836431226765,-0.2248175182481751,,7.0,50.91232299804688,88.62203025817871,163.48945426940918,377.9031972885132,0,"NL_ee.String({
  ""type"": ""Invocation"",
  ""arguments"": {
    ""element"": {
      ""type"": ""ArgumentRef"",
      ""value"": ""_MAPPING_VAR_0_0""
    }
  },
  ""functionName"": ""Feature.id""
})",-9999.0
,,,,,,,,5092,2.168948897987418,328.74162733126457,0.1218346870520783,-0.2047203694202155,,9.0,0.0,0.0,0.0,2.6909064054489136,0,"NL_ee.String({
  ""type"": ""Invocation"",
  ""arguments"": {
    ""element"": {
      ""type"": ""ArgumentRef"",
      ""value"": ""_MAPPING_VAR_0_0""
    }
  },
  ""functionName"": ""Feature.id""
})",-9999.0
,,,,,,,,251,1.8543341688295631,-0.0,0.5052754982415005,-0.546366920915295,,6.0,0.0,0.0,15.961512565612791,163.08270502090454,0,"NL_ee.String({
  ""type"": ""Invocation"",
  ""arguments"": {
    ""element"": {
      ""type"": ""ArgumentRef"",
      ""value"": ""_MAPPING_VAR_0_0""
    }
  },
  ""functionName"": ""Feature.id""
})",-9999.0
,,,,,,,,5104,6.73679166259765,303.24099133480087,-0.0342910101946246,0.0466605672461116,,,0.0,0.0,0.0,0.0,0,"NL_ee.String({
  ""type"": ""Invocation"",
  ""arguments"": {
    ""element"": {
      ""type"": ""ArgumentRef"",
      ""value"": ""_MAPPING_VAR_0_0""
    }
  },
  ""functionName"": ""Feature.id""
})",-9999.0
,,,,,,,,1917,28.34256948871881,187.9674385321973,0.2683775554588952,-0.2288242730720606,,4.0,42.879539489746094,88.15942573547363,185.9395532608032,375.8624391555786,0,"NL_ee.String({
  ""type"": ""Invocation"",
  ""arguments"": {
    ""element"": {
      ""type"": ""ArgumentRef"",
      ""value"": ""_MAPPING_VAR_0_0""
    }
  },
  ""functionName"": ""Feature.id""
})",-9999.0
,,,,,,,,4732,41.10028825179408,285.0574131935498,0.11438127090301,-0.1287262872628726,,,16.25702667236328,16.25702667236328,66.82974529266357,163.5693416595459,0,"NL_ee.String({
  ""type"": ""Invocation"",
  ""arguments"": {
    ""element"": {
      ""type"": ""ArgumentRef"",
      ""value"": ""_MAPPING_VAR_0_0""
    }
  },
  ""functionName"": ""Feature.id""
})",-9999.0
,,,,,,,,244,7.734697683105268,326.5415566011491,0.8359433258762118,-0.7975176441956681,,4.0,0.0,5.816544532775879,38.82087802886963,176.60855531692505,0,"NL_ee.String({
  ""type"": ""Invocation"",
  ""arguments"": {
    ""element"": {
      ""type"": ""ArgumentRef"",
      ""value"": ""_MAPPING_VAR_0_0""
    }
  },
  ""functionName"": ""Feature.id""
})",-9999.0
,,,,,,,,199,2.115940322832061,90.0,0.6306954436450839,-0.5127919911012235,,7.0,70.3663444519043,116.34601211547852,212.56604385375977,346.6240329742432,0,"NL_ee.String({
  ""type"": ""Invocation"",
  ""arguments"": {
    ""element"": {
      ""type"": ""ArgumentRef"",
      ""value"": ""_MAPPING_VAR_0_0""
    }
  },
  ""functionName"": ""Feature.id""
})",-9999.0
,,,,,,,,4960,6.450773205955176,210.79207685060695,0.1660482374768089,-0.2359882005899705,,9.0,8.0438232421875,43.828731536865234,43.828731536865234,140.3572940826416,0,"NL_ee.String({
  ""type"": ""Invocation"",
  ""arguments"": {
    ""element"": {
      ""type"": ""ArgumentRef"",
      ""value"": ""_MAPPING_VAR_0_0""
    }
  },
  ""functionName"": ""Feature.id""
})",-9999.0
,,,,,,,,238,4.245644644753303,270.0,0.8092446448703495,-0.7315494173500215,,7.0,0.0,0.0,47.50678253173828,226.51441287994385,0,"NL_ee.String({
  ""type"": ""Invocation"",
  ""arguments"": {
    ""element"": {
      ""type"": ""ArgumentRef"",
      ""value"": ""_MAPPING_VAR_0_0""
    }
  },
  ""functionName"": ""Feature.id""
})",-9999.0
,,,,,,,,215,3.8517484800901394,195.90067126025517,0.7341405633061332,-0.6966263198557816,,7.0,11.98300838470459,22.657992362976078,62.84107494354248,236.26129245758057,0,"NL_ee.String({
  ""type"": ""Invocation"",
  ""arguments"": {
    ""element"": {
      ""type"": ""ArgumentRef"",
      ""value"": ""_MAPPING_VAR_0_0""
    }
  },
  ""functionName"": ""Feature.id""
})",-9999.0
,,,,,,,,5482,28.93434828560108,52.05284481140501,0.065158858373721,-0.0680345572354211,,,58.49071502685547,58.49071502685547,92.59201049804688,127.20608139038086,0,"NL_ee.String({
  ""type"": ""Invocation"",
  ""arguments"": {
    ""element"": {
      ""type"": ""ArgumentRef"",
      ""value"": ""_MAPPING_VAR_0_0""
    }
  },
  ""functionName"": ""Feature.id""
})",-9999.0
,,,,,,,,1746,18.99395117685708,95.3970845938117,0.2525906735751295,-0.2497576736672051,,7.0,75.69304847717285,88.30855655670166,145.16837406158447,200.68361282348636,0,"NL_ee.String({
  ""type"": ""Invocation"",
  ""arguments"": {
    ""element"": {
      ""type"": ""ArgumentRef"",
      ""value"": ""_MAPPING_VAR_0_0""
    }
  },
  ""functionName"": ""Feature.id""
})",-9999.0
,,,,,,,,4423,2.2078095102581727,90.0,0.2598282873926796,-0.2678490222828558,,9.0,0.0,0.0,0.0,11.354389190673828,0,"NL_ee.String({
  ""type"": ""Invocation"",
  ""arguments"": {
    ""element"": {
      ""type"": ""ArgumentRef"",
      ""value"": ""_MAPPING_VAR_0_0""
    }
  },
  ""functionName"": ""Feature.id""
})",-9999.0
,,,,,,,,2395,54.70205862240392,84.07961874301358,-0.00032268473701193933,0.0294486215538847,,9.0,56.93193054199219,56.93193054199219,93.798583984375,191.3901643753052,0,"NL_ee.String({
  ""type"": ""Invocation"",
  ""arguments"": {
    ""element"": {
      ""type"": ""ArgumentRef"",
      ""value"": ""_MAPPING_VAR_0_0""
    }
  },
  ""functionName"": ""Feature.id""
})",-9999.0
,,,,,,,,189,2.32854064945821,246.54086220270415,0.6261476312890195,-0.5690999291282778,,6.0,0.0,0.0,0.0,157.51364994049072,0,"NL_ee.String({
  ""type"": ""Invocation"",
  ""arguments"": {
    ""element"": {
      ""type"": ""ArgumentRef"",
      ""value"": ""_MAPPING_VAR_0_0""
    }
  },
  ""functionName"": ""Feature.id""
})",-9999.0
,,,,,,,,186,1.4058178229024356,48.72914211497997,0.2723112128146453,-0.19121585431173,,7.0,54.27982521057129,99.23021221160889,195.95355033874512,347.988883972168,0,"NL_ee.String({
  ""type"": ""Invocation"",
  ""arguments"": {
    ""element"": {
      ""type"": ""ArgumentRef"",
      ""value"": ""_MAPPING_VAR_0_0""
    }
  },
  ""functionName"": ""Feature.id""
})",-9999.0
,,,,,,,,2223,28.01360089813146,234.68161368742184,-0.0577053632043448,0.0734312416555407,,7.0,77.13571166992188,184.23887062072757,267.51547622680664,386.6504554748535,0,"NL_ee.String({
  ""type"": ""Invocation"",
  ""arguments"": {
    ""element"": {
      ""type"": ""ArgumentRef"",
      ""value"": ""_MAPPING_VAR_0_0""
    }
  },
  ""functionName"": ""Feature.id""
})",-9999.0
,,,,,,,,249,2.7802885155287558,-0.0,0.234313725490196,-0.2403940886699507,,7.0,0.0,0.0,0.0,98.48865127563477,0,"NL_ee.String({
  ""type"": ""Invocation"",
  ""arguments"": {
    ""element"": {
      ""type"": ""ArgumentRef"",
      ""value"": ""_MAPPING_VAR_0_0""
    }
  },
  ""functionName"": ""Feature.id""
})",-9999.0
,,,,,,,,1674,21.893978796049367,76.01407949088872,0.3942407292314067,-0.33983675094565,,7.0,77.95890808105469,113.8232593536377,190.22679615020752,348.4603662490845,0,"NL_ee.String({
  ""type"": ""Invocation"",
  ""arguments"": {
    ""element"": {
      ""type"": ""ArgumentRef"",
      ""value"": ""_MAPPING_VAR_0_0""
    }
  },
  ""functionName"": ""Feature.id""
})",-9999.0
,,,,,,,,261,2.303461982312274,113.73042176643604,0.5213013168086754,-0.4850661625708884,,6.0,0.0,0.0,0.0,181.64653873443604,0,"NL_ee.String({
  ""type"": ""Invocation"",
  ""arguments"": {
    ""element"": {
      ""type"": ""ArgumentRef"",
      ""value"": ""_MAPPING_VAR_0_0""
    }
  },
  ""functionName"": ""Feature.id""
})",-9999.0
,,,,,,,,3943,13.351459384680869,318.6128640148041,0.020440251572327,-0.0446680080482897,,7.0,6.883545398712158,9.314614295959473,19.156668186187744,112.81381845474245,0,"NL_ee.String({
  ""type"": ""Invocation"",
  ""arguments"": {
    ""element"": {
      ""type"": ""ArgumentRef"",
      ""value"": ""_MAPPING_VAR_0_0""
    }
  },
  ""functionName"": ""Feature.id""
})",-9999.0
,,,,,,,,212,1.0949562367855992,270.0,0.2606446478312773,-0.3882559158632778,,7.0,0.0,0.0,49.80463409423828,178.7902956008911,0,"NL_ee.String({
  ""type"": ""Invocation"",
  ""arguments"": {
    ""element"": {
      ""type"": ""ArgumentRef"",
      ""value"": ""_MAPPING_VAR_0_0""
    }
  },
  ""functionName"": ""Feature.id""
})",-9999.0
,,,,,,,,392,1.8543341688414128,180.0,0.5815991237677984,-0.501039501039501,,4.0,63.96409130096436,168.44659996032715,263.0204620361328,496.88648986816406,0,"NL_ee.String({
  ""type"": ""Invocation"",
  ""arguments"": {
    ""element"": {
      ""type"": ""ArgumentRef"",
      ""value"": ""_MAPPING_VAR_0_0""
    }
  },
  ""functionName"": ""Feature.id""
})",-9999.0
,,,,,,,,420,4.958587709788608,318.27266574913176,0.7458563535911602,-0.6308058753473601,,7.0,0.0,105.8844108581543,195.8336334228516,515.2869453430176,0,"NL_ee.String({
  ""type"": ""Invocation"",
  ""arguments"": {
    ""element"": {
      ""type"": ""ArgumentRef"",
      ""value"": ""_MAPPING_VAR_0_0""
    }
  },
  ""functionName"": ""Feature.id""
})",-9999.0
,,,,,,,,5870,19.491258816984,264.75181608002083,0.0987388495847431,-0.2249657064471879,,9.0,0.0,2.1704349517822266,2.1704349517822266,63.82944488525391,0,"NL_ee.String({
  ""type"": ""Invocation"",
  ""arguments"": {
    ""element"": {
      ""type"": ""ArgumentRef"",
      ""value"": ""_MAPPING_VAR_0_0""
    }
  },
  ""functionName"": ""Feature.id""
})",-9999.0
,,,,,,,,5034,40.143467287962416,157.11880657040746,0.0481283422459893,-0.1411935953420669,,9.0,1.1009728908538818,1.3211674690246582,2.406682848930359,2.406682848930359,0,"NL_ee.String({
  ""type"": ""Invocation"",
  ""arguments"": {
    ""element"": {
      ""type"": ""ArgumentRef"",
      ""value"": ""_MAPPING_VAR_0_0""
    }
  },
  ""functionName"": ""Feature.id""
})",-9999.0
,,,,,,,,282,12.422781998368103,42.703880022791246,0.0325732899022801,-0.0346797225622195,,7.0,66.99127960205078,164.97141456604004,238.1104612350464,479.2501659393311,0,"NL_ee.String({
  ""type"": ""Invocation"",
  ""arguments"": {
    ""element"": {
      ""type"": ""ArgumentRef"",
      ""value"": ""_MAPPING_VAR_0_0""
    }
  },
  ""functionName"": ""Feature.id""
})",-9999.0
,,,,,,,,5354,7.10455184525174,112.93192583966773,0.1615091140313692,-0.2638376383763837,,9.0,0.0,0.0,5.593915939331055,9.66335105895996,0,"NL_ee.String({
  ""type"": ""Invocation"",
  ""arguments"": {
    ""element"": {
      ""type"": ""ArgumentRef"",
      ""value"": ""_MAPPING_VAR_0_0""
    }
  },
  ""functionName"": ""Feature.id""
})",-9999.0
,,,,,,,,4306,11.578063248328212,50.793741208093415,0.011063829787234,-0.0889092575618698,,,16.751340866088867,16.751340866088867,37.117820739746094,58.393489360809326,0,"NL_ee.String({
  ""type"": ""Invocation"",
  ""arguments"": {
    ""element"": {
      ""type"": ""ArgumentRef"",
      ""value"": ""_MAPPING_VAR_0_0""
    }
  },
  ""functionName"": ""Feature.id""
})",-9999.0
,,,,,,,,1202,35.542695742336846,355.5475111855916,0.8903553299492386,-0.7557755775577558,,7.0,36.37858486175537,55.98357105255127,120.06252002716064,187.57833194732663,0,"NL_ee.String({
  ""type"": ""Invocation"",
  ""arguments"": {
    ""element"": {
      ""type"": ""ArgumentRef"",
      ""value"": ""_MAPPING_VAR_0_0""
    }
  },
  ""functionName"": ""Feature.id""
})",-9999.0
,,,,,,,,320,1.4212488435000517,229.2730563496936,0.0781633368384157,0.0512029611351017,,7.0,0.0,107.11147689819336,175.19174575805664,334.2980766296387,0,"NL_ee.String({
  ""type"": ""Invocation"",
  ""arguments"": {
    ""element"": {
      ""type"": ""ArgumentRef"",
      ""value"": ""_MAPPING_VAR_0_0""
    }
  },
  ""functionName"": ""Feature.id""
})",-9999.0
,,,,,,,,256,2.1389234326654725,29.905678852698987,0.1741854636591478,-0.0751577739529546,,7.0,47.32334518432617,75.45825386047363,180.05459690093994,440.7488660812378,0,"NL_ee.String({
  ""type"": ""Invocation"",
  ""arguments"": {
    ""element"": {
      ""type"": ""ArgumentRef"",
      ""value"": ""_MAPPING_VAR_0_0""
    }
  },
  ""functionName"": ""Feature.id""
})",-9999.0
,,,,,,,,861,40.541384562030686,273.2548465204192,0.5745007680491552,-0.5298507462686567,,7.0,49.62056350708008,68.18395805358887,148.41236305236816,270.82314014434814,0,"NL_ee.String({
  ""type"": ""Invocation"",
  ""arguments"": {
    ""element"": {
      ""type"": ""ArgumentRef"",
      ""value"": ""_MAPPING_VAR_0_0""
    }
  },
  ""functionName"": ""Feature.id""
})",-9999.0
,,,,,,,,4266,41.186940398207554,182.58681189138215,0.0205761316872428,-0.0570058604155567,,9.0,2.7146403789520264,2.7146403789520264,2.7146403789520264,2.7146403789520264,0,"NL_ee.String({
  ""type"": ""Invocation"",
  ""arguments"": {
    ""element"": {
      ""type"": ""ArgumentRef"",
      ""value"": ""_MAPPING_VAR_0_0""
    }
  },
  ""functionName"": ""Feature.id""
})",-9999.0
,,,,,,,,256,1.8543341688295631,-0.0,0.7068965517241379,-0.5800498753117207,,7.0,0.0,18.4406681060791,74.05257606506348,320.2844791412353,0,"NL_ee.String({
  ""type"": ""Invocation"",
  ""arguments"": {
    ""element"": {
      ""type"": ""ArgumentRef"",
      ""value"": ""_MAPPING_VAR_0_0""
    }
  },
  ""functionName"": ""Feature.id""
})",-9999.0
,,,,,,,,3999,52.44027123071095,354.77935081939546,0.364034319733847,-0.3456555536362066,,9.0,0.0,14.87889003753662,29.75778007507324,85.49595832824707,0,"NL_ee.String({
  ""type"": ""Invocation"",
  ""arguments"": {
    ""element"": {
      ""type"": ""ArgumentRef"",
      ""value"": ""_MAPPING_VAR_0_0""
    }
  },
  ""functionName"": ""Feature.id""
})",-9999.0
,,,,,,,,249,2.103095101682696,90.0,0.0415973377703826,0.0038192234245703,,9.0,1.440030813217163,1.440030813217163,1.440030813217163,136.95715594291687,0,"NL_ee.String({
  ""type"": ""Invocation"",
  ""arguments"": {
    ""element"": {
      ""type"": ""ArgumentRef"",
      ""value"": ""_MAPPING_VAR_0_0""
    }
  },
  ""functionName"": ""Feature.id""
})",-9999.0
,,,,,,,,5004,0.0,-0.0,-0.0251603354711396,0.0670443814919735,,,0.0,2.1740477085113525,2.1740477085113525,6.457751274108887,0,"NL_ee.String({
  ""type"": ""Invocation"",
  ""arguments"": {
    ""element"": {
      ""type"": ""ArgumentRef"",
      ""value"": ""_MAPPING_VAR_0_0""
    }
  },
  ""functionName"": ""Feature.id""
})",-9999.0
,,,,,,,,196,0.9274099368670312,-0.0,0.0751597972228344,-0.19091796875,,7.0,0.0,0.0,0.0,177.06987762451172,0,"NL_ee.String({
  ""type"": ""Invocation"",
  ""arguments"": {
    ""element"": {
      ""type"": ""ArgumentRef"",
      ""value"": ""_MAPPING_VAR_0_0""
    }
  },
  ""functionName"": ""Feature.id""
})",-9999.0
,,,,,,,,4582,29.820907178334288,231.58785551919777,-0.0015698587127158,0.0046948356807511,,9.0,0.0,0.0,0.0,0.0,0,"NL_ee.String({
  ""type"": ""Invocation"",
  ""arguments"": {
    ""element"": {
      ""type"": ""ArgumentRef"",
      ""value"": ""_MAPPING_VAR_0_0""
    }
  },
  ""functionName"": ""Feature.id""
})",-9999.0
,,,,,,,,5000,2.164278929438986,31.05390814574349,-0.1045932484781405,0.1085399449035812,,,10.082964420318604,10.082964420318604,10.082964420318604,88.03087854385376,0,"NL_ee.String({
  ""type"": ""Invocation"",
  ""arguments"": {
    ""element"": {
      ""type"": ""ArgumentRef"",
      ""value"": ""_MAPPING_VAR_0_0""
    }
  },
  ""functionName"": ""Feature.id""
})",-9999.0
,,,,,,,,210,3.861339444902041,163.6057026237553,0.9304865938430984,-0.8602870813397129,,4.0,8.646622657775879,8.646622657775879,8.646622657775879,208.11267185211184,0,"NL_ee.String({
  ""type"": ""Invocation"",
  ""arguments"": {
    ""element"": {
      ""type"": ""ArgumentRef"",
      ""value"": ""_MAPPING_VAR_0_0""
    }
  },
  ""functionName"": ""Feature.id""
})",-9999.0
,,,,,,,,182,2.979182415954264,338.9281180675619,0.5465430668211665,-0.5501355013550135,,7.0,0.0,0.0,0.0,149.56164932250977,0,"NL_ee.String({
  ""type"": ""Invocation"",
  ""arguments"": {
    ""element"": {
      ""type"": ""ArgumentRef"",
      ""value"": ""_MAPPING_VAR_0_0""
    }
  },
  ""functionName"": ""Feature.id""
})",-9999.0
,,,,,,,,190,3.1729621219066284,270.0,0.4420131291028446,-0.388098999473407,,7.0,51.04053497314453,85.2858567237854,169.9416699409485,347.7938504219055,0,"NL_ee.String({
  ""type"": ""Invocation"",
  ""arguments"": {
    ""element"": {
      ""type"": ""ArgumentRef"",
      ""value"": ""_MAPPING_VAR_0_0""
    }
  },
  ""functionName"": ""Feature.id""
})",-9999.0
,,,,,,,,294,2.157717855341913,210.763068946071,0.616201531242282,-0.5529188419553868,,4.0,50.22099304199219,50.22099304199219,166.38616180419922,364.0454559326172,0,"NL_ee.String({
  ""type"": ""Invocation"",
  ""arguments"": {
    ""element"": {
      ""type"": ""ArgumentRef"",
      ""value"": ""_MAPPING_VAR_0_0""
    }
  },
  ""functionName"": ""Feature.id""
})",-9999.0
,,,,,,,,581,8.158643138343052,109.7999952947226,-0.0376202974628171,0.059427105600684,,7.0,0.0,87.9968490600586,195.9499111175537,594.3005886077881,0,"NL_ee.String({
  ""type"": ""Invocation"",
  ""arguments"": {
    ""element"": {
      ""type"": ""ArgumentRef"",
      ""value"": ""_MAPPING_VAR_0_0""
    }
  },
  ""functionName"": ""Feature.id""
})",-9999.0
,,,,,,,,4412,50.161883171151096,236.37731560263157,0.0064254311802502,0.0178217821782178,,9.0,0.0,0.0,0.0,19.70376205444336,0,"NL_ee.String({
  ""type"": ""Invocation"",
  ""arguments"": {
    ""element"": {
      ""type"": ""ArgumentRef"",
      ""value"": ""_MAPPING_VAR_0_0""
    }
  },
  ""functionName"": ""Feature.id""
})",-9999.0
,,,,,,,,5353,43.62498447631286,106.7818163261038,0.0735607675906183,-0.2273004265691651,,9.0,0.0,0.0,0.0,0.0,0,"NL_ee.String({
  ""type"": ""Invocation"",
  ""arguments"": {
    ""element"": {
      ""type"": ""ArgumentRef"",
      ""value"": ""_MAPPING_VAR_0_0""
    }
  },
  ""functionName"": ""Feature.id""
})",-9999.0
,,,,,,,,3880,19.832361339191923,350.91004139080934,0.0182232346241457,-0.0842935112189205,,9.0,24.91032218933105,24.91032218933105,24.91032218933105,24.91032218933105,0,"NL_ee.String({
  ""type"": ""Invocation"",
  ""arguments"": {
    ""element"": {
      ""type"": ""ArgumentRef"",
      ""value"": ""_MAPPING_VAR_0_0""
    }
  },
  ""functionName"": ""Feature.id""
})",-9999.0
,,,,,,,,5517,34.08696102009351,332.26082383800014,0.0091519219035997,-0.1213559322033898,,9.0,0.0,0.0,0.0,0.0,0,"NL_ee.String({
  ""type"": ""Invocation"",
  ""arguments"": {
    ""element"": {
      ""type"": ""ArgumentRef"",
      ""value"": ""_MAPPING_VAR_0_0""
    }
  },
  ""functionName"": ""Feature.id""
})",-9999.0
,,,,,,,,235,1.0669714877195484,270.0,0.7452285841100754,-0.6510602561410875,,7.0,9.33234691619873,9.33234691619873,48.08448553085327,177.73991632461548,0,"NL_ee.String({
  ""type"": ""Invocation"",
  ""arguments"": {
    ""element"": {
      ""type"": ""ArgumentRef"",
      ""value"": ""_MAPPING_VAR_0_0""
    }
  },
  ""functionName"": ""Feature.id""
})",-9999.0
,,,,,,,,5121,20.47889934207093,226.09083740427016,0.0782608695652174,-0.1994472593274988,,9.0,0.0,0.0,10.136954307556152,36.72685241699219,0,"NL_ee.String({
  ""type"": ""Invocation"",
  ""arguments"": {
    ""element"": {
      ""type"": ""ArgumentRef"",
      ""value"": ""_MAPPING_VAR_0_0""
    }
  },
  ""functionName"": ""Feature.id""
})",-9999.0
,,,,,,,,5345,5.007457005670645,222.35365813716336,0.0718954248366013,-0.1910614525139664,,11.0,0.0,0.0,0.0,0.0,0,"NL_ee.String({
  ""type"": ""Invocation"",
  ""arguments"": {
    ""element"": {
      ""type"": ""ArgumentRef"",
      ""value"": ""_MAPPING_VAR_0_0""
    }
  },
  ""functionName"": ""Feature.id""
})",-9999.0
,,,,,,,,160,1.0630367678678614,270.0,0.0904370402423193,-0.2407680945347119,,7.0,0.0,0.0,0.0,103.2176923751831,0,"NL_ee.String({
  ""type"": ""Invocation"",
  ""arguments"": {
    ""element"": {
      ""type"": ""ArgumentRef"",
      ""value"": ""_MAPPING_VAR_0_0""
    }
  },
  ""functionName"": ""Feature.id""
})",-9999.0
,,,,,,,,4089,21.382151849943256,228.58504327362212,0.1033766233766233,-0.1865921787709497,,9.0,0.0,0.0,0.0,9.175837516784668,0,"NL_ee.String({
  ""type"": ""Invocation"",
  ""arguments"": {
    ""element"": {
      ""type"": ""ArgumentRef"",
      ""value"": ""_MAPPING_VAR_0_0""
    }
  },
  ""functionName"": ""Feature.id""
})",-9999.0
,,,,,,,,5316,20.941170663636587,59.4956210777181,0.2123045890065557,-0.2910848549946294,,9.0,0.0,0.0,0.0,0.0,0,"NL_ee.String({
  ""type"": ""Invocation"",
  ""arguments"": {
    ""element"": {
      ""type"": ""ArgumentRef"",
      ""value"": ""_MAPPING_VAR_0_0""
    }
  },
  ""functionName"": ""Feature.id""
})",-9999.0
,,,,,,,,5566,18.54937290634118,39.47777369666605,0.0546334716459197,-0.1762437331276513,,9.0,0.0,11.025721073150637,11.025721073150637,36.48428392410278,0,"NL_ee.String({
  ""type"": ""Invocation"",
  ""arguments"": {
    ""element"": {
      ""type"": ""ArgumentRef"",
      ""value"": ""_MAPPING_VAR_0_0""
    }
  },
  ""functionName"": ""Feature.id""
})",-9999.0
,,,,,,,,4654,36.4300467854906,9.262571247586376,-0.0220770738079686,-0.0005346164127238706,,9.0,0.0,23.556686401367188,82.96585845947266,213.51148223876956,0,"NL_ee.String({
  ""type"": ""Invocation"",
  ""arguments"": {
    ""element"": {
      ""type"": ""ArgumentRef"",
      ""value"": ""_MAPPING_VAR_0_0""
    }
  },
  ""functionName"": ""Feature.id""
})",-9999.0
,,,,,,,,143,1.8543341688414128,-0.0,0.7230142566191446,-0.5917215428033866,,7.0,50.62840080261231,122.71532440185548,223.6339755058289,392.77833795547485,0,"NL_ee.String({
  ""type"": ""Invocation"",
  ""arguments"": {
    ""element"": {
      ""type"": ""ArgumentRef"",
      ""value"": ""_MAPPING_VAR_0_0""
    }
  },
  ""functionName"": ""Feature.id""
})",-9999.0
,,,,,,,,4874,31.99266235162575,218.97714160003903,-0.003076923076923,-0.0741815167840862,,9.0,0.1901462227106094,0.1901462227106094,0.1901462227106094,106.44025303423405,0,"NL_ee.String({
  ""type"": ""Invocation"",
  ""arguments"": {
    ""element"": {
      ""type"": ""ArgumentRef"",
      ""value"": ""_MAPPING_VAR_0_0""
    }
  },
  ""functionName"": ""Feature.id""
})",-9999.0
,,,,,,,,209,1.0788090319944912,270.0,0.3992395437262357,-0.3544733861834654,,4.0,0.0,19.687191009521484,26.553948402404785,266.21308422088623,0,"NL_ee.String({
  ""type"": ""Invocation"",
  ""arguments"": {
    ""element"": {
      ""type"": ""ArgumentRef"",
      ""value"": ""_MAPPING_VAR_0_0""
    }
  },
  ""functionName"": ""Feature.id""
})",-9999.0
,,,,,,,,172,2.345377108658833,293.28057038986066,0.3093877551020408,-0.362786745964316,,7.0,0.0,0.0,0.0,83.32978677749634,0,"NL_ee.String({
  ""type"": ""Invocation"",
  ""arguments"": {
    ""element"": {
      ""type"": ""ArgumentRef"",
      ""value"": ""_MAPPING_VAR_0_0""
    }
  },
  ""functionName"": ""Feature.id""
})",-9999.0
,,,,,,,,214,3.713140278132056,240.074554832215,0.73602957164601,-0.6730930427493713,,4.0,0.0,0.0,0.0,167.25487804412842,0,"NL_ee.String({
  ""type"": ""Invocation"",
  ""arguments"": {
    ""element"": {
      ""type"": ""ArgumentRef"",
      ""value"": ""_MAPPING_VAR_0_0""
    }
  },
  ""functionName"": ""Feature.id""
})",-9999.0
,,,,,,,,4720,33.41677518104915,275.6319374296163,0.0723751274209989,-0.2095429721184248,,9.0,0.0,6.873413562774658,6.873413562774658,35.1152720451355,0,"NL_ee.String({
  ""type"": ""Invocation"",
  ""arguments"": {
    ""element"": {
      ""type"": ""ArgumentRef"",
      ""value"": ""_MAPPING_VAR_0_0""
    }
  },
  ""functionName"": ""Feature.id""
})",-9999.0
,,,,,,,,246,3.51429396142073,37.74288835542592,0.2955398082534389,-0.275338530980714,,7.0,0.0,0.0,0.0,154.49042129516602,0,"NL_ee.String({
  ""type"": ""Invocation"",
  ""arguments"": {
    ""element"": {
      ""type"": ""ArgumentRef"",
      ""value"": ""_MAPPING_VAR_0_0""
    }
  },
  ""functionName"": ""Feature.id""
})",-9999.0
,,,,,,,,5193,13.043373616315543,69.55073575710169,0.0183815761673357,-0.0345567718394505,,9.0,0.0,0.0,0.0,5.354196548461914,0,"NL_ee.String({
  ""type"": ""Invocation"",
  ""arguments"": {
    ""element"": {
      ""type"": ""ArgumentRef"",
      ""value"": ""_MAPPING_VAR_0_0""
    }
  },
  ""functionName"": ""Feature.id""
})",-9999.0
,,,,,,,,4255,24.56158093191485,343.00631339859973,0.1026252983293556,-0.1815856777493606,,9.0,7.773389339447021,7.773389339447021,7.773389339447021,7.773389339447021,0,"NL_ee.String({
  ""type"": ""Invocation"",
  ""arguments"": {
    ""element"": {
      ""type"": ""ArgumentRef"",
      ""value"": ""_MAPPING_VAR_0_0""
    }
  },
  ""functionName"": ""Feature.id""
})",-9999.0
,,,,,,,,262,2.972503899726309,200.7346012371843,0.1947069943289225,-0.2915531335149863,,6.0,1.782705545425415,4.544208288192749,7.49739670753479,153.64441323280334,0,"NL_ee.String({
  ""type"": ""Invocation"",
  ""arguments"": {
    ""element"": {
      ""type"": ""ArgumentRef"",
      ""value"": ""_MAPPING_VAR_0_0""
    }
  },
  ""functionName"": ""Feature.id""
})",-9999.0
,,,,,,,,4874,28.72282159171783,44.85036195530766,0.0553935860058309,-0.1407563025210084,,9.0,0.0,0.0,0.0,0.0,0,"NL_ee.String({
  ""type"": ""Invocation"",
  ""arguments"": {
    ""element"": {
      ""type"": ""ArgumentRef"",
      ""value"": ""_MAPPING_VAR_0_0""
    }
  },
  ""functionName"": ""Feature.id""
})",-9999.0
,,,,,,,,4744,15.115734718870604,38.82373246653295,0.2492073557387444,-0.3483915126625599,,9.0,16.15907859802246,16.15907859802246,16.15907859802246,64.22214221954346,0,"NL_ee.String({
  ""type"": ""Invocation"",
  ""arguments"": {
    ""element"": {
      ""type"": ""ArgumentRef"",
      ""value"": ""_MAPPING_VAR_0_0""
    }
  },
  ""functionName"": ""Feature.id""
})",-9999.0
,,,,,,,,4364,8.617055572544492,309.8611593598227,0.05788876276958,-0.1664580725907384,,9.0,0.0,0.0,6.305729389190674,13.2862229347229,0,"NL_ee.String({
  ""type"": ""Invocation"",
  ""arguments"": {
    ""element"": {
      ""type"": ""ArgumentRef"",
      ""value"": ""_MAPPING_VAR_0_0""
    }
  },
  ""functionName"": ""Feature.id""
})",-9999.0
,,,,,,,,206,1.4085243327856063,311.17426874705734,0.4414310444316214,-0.4033707865168539,,7.0,67.47741794586182,117.22347354888916,223.830023765564,419.96496963500977,0,"NL_ee.String({
  ""type"": ""Invocation"",
  ""arguments"": {
    ""element"": {
      ""type"": ""ArgumentRef"",
      ""value"": ""_MAPPING_VAR_0_0""
    }
  },
  ""functionName"": ""Feature.id""
})",-9999.0
,,,,,,,,200,2.3076463203614863,293.6847094836521,0.9155251141552512,-0.7593709043250327,,7.0,57.90267181396485,98.98194122314452,208.85147380828855,359.21793270111084,0,"NL_ee.String({
  ""type"": ""Invocation"",
  ""arguments"": {
    ""element"": {
      ""type"": ""ArgumentRef"",
      ""value"": ""_MAPPING_VAR_0_0""
    }
  },
  ""functionName"": ""Feature.id""
})",-9999.0
,,,,,,,,4909,4.256785844682667,49.27321864997046,-0.0033222591362126,0.0254466702761234,,9.0,0.0,0.0,15.786755561828612,57.88218021392822,0,"NL_ee.String({
  ""type"": ""Invocation"",
  ""arguments"": {
    ""element"": {
      ""type"": ""ArgumentRef"",
      ""value"": ""_MAPPING_VAR_0_0""
    }
  },
  ""functionName"": ""Feature.id""
})",-9999.0
,,,,,,,,566,5.707116515887096,229.6159487009179,0.8842669624699575,-0.7524071526822559,,4.0,38.29076385498047,213.7825164794922,289.7705383300781,486.8557014465332,0,"NL_ee.String({
  ""type"": ""Invocation"",
  ""arguments"": {
    ""element"": {
      ""type"": ""ArgumentRef"",
      ""value"": ""_MAPPING_VAR_0_0""
    }
  },
  ""functionName"": ""Feature.id""
})",-9999.0
,,,,,,,,244,2.3064639220535663,113.69760830504676,0.5419956927494616,-0.5042016806722689,,6.0,0.0,0.0,0.0,179.88920211791992,0,"NL_ee.String({
  ""type"": ""Invocation"",
  ""arguments"": {
    ""element"": {
      ""type"": ""ArgumentRef"",
      ""value"": ""_MAPPING_VAR_0_0""
    }
  },
  ""functionName"": ""Feature.id""
})",-9999.0
,,,,,,,,4565,28.96074289977592,5.997862290593613,0.0219839142091152,-0.0364328439369222,,9.0,2.3680124282836914,2.3680124282836914,2.3680124282836914,8.14755892753601,0,"NL_ee.String({
  ""type"": ""Invocation"",
  ""arguments"": {
    ""element"": {
      ""type"": ""ArgumentRef"",
      ""value"": ""_MAPPING_VAR_0_0""
    }
  },
  ""functionName"": ""Feature.id""
})",-9999.0
,,,,,,,,5294,30.350131169401937,185.57277084416293,0.1312309257375381,-0.3113207547169811,,9.0,31.89715003967285,31.89715003967285,31.89715003967285,49.18767356872559,0,"NL_ee.String({
  ""type"": ""Invocation"",
  ""arguments"": {
    ""element"": {
      ""type"": ""ArgumentRef"",
      ""value"": ""_MAPPING_VAR_0_0""
    }
  },
  ""functionName"": ""Feature.id""
})",-9999.0
,,,,,,,,4086,21.32833781972461,354.2756413910477,0.0099140779907468,0.0201987816607887,,7.0,39.96363830566406,39.96363830566406,123.2622413635254,428.1315040588379,0,"NL_ee.String({
  ""type"": ""Invocation"",
  ""arguments"": {
    ""element"": {
      ""type"": ""ArgumentRef"",
      ""value"": ""_MAPPING_VAR_0_0""
    }
  },
  ""functionName"": ""Feature.id""
})",-9999.0
,,,,,,,,209,2.349511642250552,293.2371470126288,0.5489576753000631,-0.429737609329446,,7.0,0.0,17.704991817474365,23.602635860443115,269.8579068183899,0,"NL_ee.String({
  ""type"": ""Invocation"",
  ""arguments"": {
    ""element"": {
      ""type"": ""ArgumentRef"",
      ""value"": ""_MAPPING_VAR_0_0""
    }
  },
  ""functionName"": ""Feature.id""
})",-9999.0
,,,,,,,,5330,40.669825258994784,113.30600054608618,0.0378171373863092,-0.1089514066496163,,9.0,0.0,0.0,0.0,5.081440448760986,0,"NL_ee.String({
  ""type"": ""Invocation"",
  ""arguments"": {
    ""element"": {
      ""type"": ""ArgumentRef"",
      ""value"": ""_MAPPING_VAR_0_0""
    }
  },
  ""functionName"": ""Feature.id""
})",-9999.0
,,,,,,,,242,0.0,-0.0,0.8256787099408043,-0.7353511835467598,,7.0,36.091346740722656,67.06983757019043,175.31805896759033,449.57096576690674,0,"NL_ee.String({
  ""type"": ""Invocation"",
  ""arguments"": {
    ""element"": {
      ""type"": ""ArgumentRef"",
      ""value"": ""_MAPPING_VAR_0_0""
    }
  },
  ""functionName"": ""Feature.id""
})",-9999.0
,,,,,,,,232,1.4102735411571357,48.88788392262092,0.3426695842450766,-0.3368191721132897,,7.0,76.09484195709229,144.36085510253906,267.31779861450195,463.2187204360962,0,"NL_ee.String({
  ""type"": ""Invocation"",
  ""arguments"": {
    ""element"": {
      ""type"": ""ArgumentRef"",
      ""value"": ""_MAPPING_VAR_0_0""
    }
  },
  ""functionName"": ""Feature.id""
})",-9999.0
,,,,,,,,4991,11.266335056793045,43.000899014284165,0.0942557918121231,-0.2248667850799289,,9.0,3.307206630706787,6.614413261413574,9.668883085250854,43.93936228752136,0,"NL_ee.String({
  ""type"": ""Invocation"",
  ""arguments"": {
    ""element"": {
      ""type"": ""ArgumentRef"",
      ""value"": ""_MAPPING_VAR_0_0""
    }
  },
  ""functionName"": ""Feature.id""
})",-9999.0
,,,,,,,,190,1.0575175199925784,270.0,0.5934323690383112,-0.4903107861060329,,7.0,65.3854751586914,108.95342636108398,207.31235122680664,350.7656021118164,0,"NL_ee.String({
  ""type"": ""Invocation"",
  ""arguments"": {
    ""element"": {
      ""type"": ""ArgumentRef"",
      ""value"": ""_MAPPING_VAR_0_0""
    }
  },
  ""functionName"": ""Feature.id""
})",-9999.0
,,,,,,,,236,2.372735244058508,292.9963052957492,0.3891771682727946,-0.311406578026592,,7.0,0.0,0.0,87.63365936279297,399.63633728027344,0,"NL_ee.String({
  ""type"": ""Invocation"",
  ""arguments"": {
    ""element"": {
      ""type"": ""ArgumentRef"",
      ""value"": ""_MAPPING_VAR_0_0""
    }
  },
  ""functionName"": ""Feature.id""
})",-9999.0
,,,,,,,,5345,10.157721752532982,6.355834402261591,0.0786516853932584,-0.2145492883500263,,9.0,0.0,0.0,0.0,0.0,0,"NL_ee.String({
  ""type"": ""Invocation"",
  ""arguments"": {
    ""element"": {
      ""type"": ""ArgumentRef"",
      ""value"": ""_MAPPING_VAR_0_0""
    }
  },
  ""functionName"": ""Feature.id""
})",-9999.0
,,,,,,,,4878,3.254889596210642,270.0,0.0073505912432086,-0.0210560414642047,,9.0,46.23123550415039,46.23123550415039,63.47930335998535,102.56662559509276,0,"NL_ee.String({
  ""type"": ""Invocation"",
  ""arguments"": {
    ""element"": {
      ""type"": ""ArgumentRef"",
      ""value"": ""_MAPPING_VAR_0_0""
    }
  },
  ""functionName"": ""Feature.id""
})",-9999.0
,,,,,,,,5338,32.11470179737288,328.3311720979621,0.02803738317757,-0.1356170811825434,,9.0,0.0,0.0,0.0,0.0,0,"NL_ee.String({
  ""type"": ""Invocation"",
  ""arguments"": {
    ""element"": {
      ""type"": ""ArgumentRef"",
      ""value"": ""_MAPPING_VAR_0_0""
    }
  },
  ""functionName"": ""Feature.id""
})",-9999.0
,,,,,,,,3223,12.659208502481665,200.46103961153932,0.0339359340310815,-0.0805435863440503,,9.0,0.0,0.0,0.0,4.722776412963867,0,"NL_ee.String({
  ""type"": ""Invocation"",
  ""arguments"": {
    ""element"": {
      ""type"": ""ArgumentRef"",
      ""value"": ""_MAPPING_VAR_0_0""
    }
  },
  ""functionName"": ""Feature.id""
})",-9999.0
,,,,,,,,521,1.0913586306875895,270.0,-0.100966344551816,0.0985633144002672,,4.0,0.0,197.39337921142575,318.7350158691406,576.6830024719238,0,"NL_ee.String({
  ""type"": ""Invocation"",
  ""arguments"": {
    ""element"": {
      ""type"": ""ArgumentRef"",
      ""value"": ""_MAPPING_VAR_0_0""
    }
  },
  ""functionName"": ""Feature.id""
})",-9999.0
,,,,,,,,160,1.4179633634644595,310.8413864127377,0.8645701242708598,-0.8279462953754351,,7.0,0.0,0.0,0.0,109.1120262145996,0,"NL_ee.String({
  ""type"": ""Invocation"",
  ""arguments"": {
    ""element"": {
      ""type"": ""ArgumentRef"",
      ""value"": ""_MAPPING_VAR_0_0""
    }
  },
  ""functionName"": ""Feature.id""
})",-9999.0
,,,,,,,,4961,27.94063593341322,280.55189880351713,0.1568848758465011,-0.2693498452012384,,9.0,3.311264991760254,6.622529983520508,6.622529983520508,19.728276252746586,0,"NL_ee.String({
  ""type"": ""Invocation"",
  ""arguments"": {
    ""element"": {
      ""type"": ""ArgumentRef"",
      ""value"": ""_MAPPING_VAR_0_0""
    }
  },
  ""functionName"": ""Feature.id""
})",-9999.0
,,,,,,,,212,1.4102648604390418,131.11242399389408,0.0730566919929865,-0.1539912005028284,,7.0,0.0,1.058125615119934,8.444821953773499,199.94591677188876,0,"NL_ee.String({
  ""type"": ""Invocation"",
  ""arguments"": {
    ""element"": {
      ""type"": ""ArgumentRef"",
      ""value"": ""_MAPPING_VAR_0_0""
    }
  },
  ""functionName"": ""Feature.id""
})",-9999.0
,,,,,,,,4740,46.14214779779064,354.5714254037861,0.0242587601078167,-0.0291130670277589,,9.0,0.0,0.0,0.0,2.7724497318267822,0,"NL_ee.String({
  ""type"": ""Invocation"",
  ""arguments"": {
    ""element"": {
      ""type"": ""ArgumentRef"",
      ""value"": ""_MAPPING_VAR_0_0""
    }
  },
  ""functionName"": ""Feature.id""
})",-9999.0
,,,,,,,,3707,11.933660712143157,185.3062149148826,-0.0415679019483147,0.0699579242636746,,9.0,0.0,7.967431545257568,15.934863090515137,273.0970335006714,0,"NL_ee.String({
  ""type"": ""Invocation"",
  ""arguments"": {
    ""element"": {
      ""type"": ""ArgumentRef"",
      ""value"": ""_MAPPING_VAR_0_0""
    }
  },
  ""functionName"": ""Feature.id""
})",-9999.0
,,,,,,,,204,0.9274099368670312,180.0,0.7996146435452793,-0.6978388204403151,,7.0,31.722883224487305,40.76275825500488,109.33967590332033,333.5471577644348,0,"NL_ee.String({
  ""type"": ""Invocation"",
  ""arguments"": {
    ""element"": {
      ""type"": ""ArgumentRef"",
      ""value"": ""_MAPPING_VAR_0_0""
    }
  },
  ""functionName"": ""Feature.id""
})",-9999.0
,,,,,,,,5165,8.962211217194284,101.84631935588484,0.2990586531498914,-0.3736600306278713,,7.0,0.0,0.0,0.0,19.039649963378903,0,"NL_ee.String({
  ""type"": ""Invocation"",
  ""arguments"": {
    ""element"": {
      ""type"": ""ArgumentRef"",
      ""value"": ""_MAPPING_VAR_0_0""
    }
  },
  ""functionName"": ""Feature.id""
})",-9999.0
,,,,,,,,455,13.265336055974618,145.4847512130991,0.7744759883258159,-0.6272506082725061,,7.0,85.43499755859375,277.5026016235352,438.070930480957,744.9985065460205,0,"NL_ee.String({
  ""type"": ""Invocation"",
  ""arguments"": {
    ""element"": {
      ""type"": ""ArgumentRef"",
      ""value"": ""_MAPPING_VAR_0_0""
    }
  },
  ""functionName"": ""Feature.id""
})",-9999.0
,,,,,,,,1950,34.0748519207327,123.39670368994432,0.0491803278688524,-0.0049586776859504,,4.0,122.16127395629884,232.02900314331052,367.18836975097656,584.2057456970215,0,"NL_ee.String({
  ""type"": ""Invocation"",
  ""arguments"": {
    ""element"": {
      ""type"": ""ArgumentRef"",
      ""value"": ""_MAPPING_VAR_0_0""
    }
  },
  ""functionName"": ""Feature.id""
})",-9999.0
,,,,,,,,198,2.1470652155380336,149.71835624118597,0.7805800756620429,-0.7001806140878989,,7.0,0.0,8.229133605957031,8.229133605957031,159.15568733215332,0,"NL_ee.String({
  ""type"": ""Invocation"",
  ""arguments"": {
    ""element"": {
      ""type"": ""ArgumentRef"",
      ""value"": ""_MAPPING_VAR_0_0""
    }
  },
  ""functionName"": ""Feature.id""
})",-9999.0
,,,,,,,,219,2.7802885155465065,-0.0,0.8329691672736101,-0.7288756583466911,,7.0,0.9062713384628296,0.9062713384628296,0.9062713384628296,139.4898408651352,0,"NL_ee.String({
  ""type"": ""Invocation"",
  ""arguments"": {
    ""element"": {
      ""type"": ""ArgumentRef"",
      ""value"": ""_MAPPING_VAR_0_0""
    }
  },
  ""functionName"": ""Feature.id""
})",-9999.0
,,,,,,,,288,3.2900583645070385,286.35555515560213,0.2241346699451484,-0.3325097796994029,,6.0,0.0,0.0,0.0,205.42160511016849,0,"NL_ee.String({
  ""type"": ""Invocation"",
  ""arguments"": {
    ""element"": {
      ""type"": ""ArgumentRef"",
      ""value"": ""_MAPPING_VAR_0_0""
    }
  },
  ""functionName"": ""Feature.id""
})",-9999.0
,,,,,,,,1706,38.45461660002198,182.79202895956172,0.3957055214723926,-0.3027916964924839,,7.0,34.21097946166992,81.08839082717896,129.09708070755005,317.60725450515747,0,"NL_ee.String({
  ""type"": ""Invocation"",
  ""arguments"": {
    ""element"": {
      ""type"": ""ArgumentRef"",
      ""value"": ""_MAPPING_VAR_0_0""
    }
  },
  ""functionName"": ""Feature.id""
})",-9999.0
,,,,,,,,222,2.7802885155287558,180.0,0.790633608815427,-0.7071569271175312,,7.0,10.22300148010254,24.07677459716797,61.18781280517578,225.04332733154297,0,"NL_ee.String({
  ""type"": ""Invocation"",
  ""arguments"": {
    ""element"": {
      ""type"": ""ArgumentRef"",
      ""value"": ""_MAPPING_VAR_0_0""
    }
  },
  ""functionName"": ""Feature.id""
})",-9999.0
,,,,,,,,4033,15.42391533275316,103.57362397895572,0.15711739241151,-0.2208490059108006,,9.0,62.18909454345703,72.5539436340332,84.09028148651123,84.09028148651123,0,"NL_ee.String({
  ""type"": ""Invocation"",
  ""arguments"": {
    ""element"": {
      ""type"": ""ArgumentRef"",
      ""value"": ""_MAPPING_VAR_0_0""
    }
  },
  ""functionName"": ""Feature.id""
})",-9999.0
,,,,,,,,3653,69.62569358429535,170.38565168097776,0.0286433742524394,-0.119561493662213,,9.0,0.0,0.0,0.0,3.833969593048096,0,"NL_ee.String({
  ""type"": ""Invocation"",
  ""arguments"": {
    ""element"": {
      ""type"": ""ArgumentRef"",
      ""value"": ""_MAPPING_VAR_0_0""
    }
  },
  ""functionName"": ""Feature.id""
})",-9999.0
,,,,,,,,5309,27.286527052090943,79.14710888446473,0.1048689138576779,-0.2240663900414937,,9.0,5.501094341278076,5.501094341278076,5.501094341278076,22.99353265762329,0,"NL_ee.String({
  ""type"": ""Invocation"",
  ""arguments"": {
    ""element"": {
      ""type"": ""ArgumentRef"",
      ""value"": ""_MAPPING_VAR_0_0""
    }
  },
  ""functionName"": ""Feature.id""
})",-9999.0
,,,,,,,,246,1.8543341688295631,180.0,0.4570268074735987,-0.4497251859036534,,9.0,0.0,1.9933335781097408,1.9933335781097408,164.9467990398407,0,"NL_ee.String({
  ""type"": ""Invocation"",
  ""arguments"": {
    ""element"": {
      ""type"": ""ArgumentRef"",
      ""value"": ""_MAPPING_VAR_0_0""
    }
  },
  ""functionName"": ""Feature.id""
})",-9999.0
,,,,,,,,237,5.089800114275557,335.33031089371235,0.2585421412300683,-0.2169603524229074,,,19.799945831298828,19.799945831298828,65.93380165100098,237.01930046081543,0,"NL_ee.String({
  ""type"": ""Invocation"",
  ""arguments"": {
    ""element"": {
      ""type"": ""ArgumentRef"",
      ""value"": ""_MAPPING_VAR_0_0""
    }
  },
  ""functionName"": ""Feature.id""
})",-9999.0
,,,,,,,,4764,14.765455203179512,119.42904488055323,0.1433389544688027,-0.2951289398280802,,9.0,9.312973976135254,9.312973976135254,9.312973976135254,34.129252433776855,0,"NL_ee.String({
  ""type"": ""Invocation"",
  ""arguments"": {
    ""element"": {
      ""type"": ""ArgumentRef"",
      ""value"": ""_MAPPING_VAR_0_0""
    }
  },
  ""functionName"": ""Feature.id""
})",-9999.0
,,,,,,,,171,0.0,-0.0,0.4335289614697627,-0.4364612631040654,,7.0,67.10446357727051,156.88409996032715,285.7520923614502,472.7400217056274,0,"NL_ee.String({
  ""type"": ""Invocation"",
  ""arguments"": {
    ""element"": {
      ""type"": ""ArgumentRef"",
      ""value"": ""_MAPPING_VAR_0_0""
    }
  },
  ""functionName"": ""Feature.id""
})",-9999.0
,,,,,,,,4623,28.53186932186192,140.72722811011792,0.0157418339236521,0.0237044508889169,,7.0,104.0575351715088,118.9228973388672,162.54632377624512,185.24655723571777,0,"NL_ee.String({
  ""type"": ""Invocation"",
  ""arguments"": {
    ""element"": {
      ""type"": ""ArgumentRef"",
      ""value"": ""_MAPPING_VAR_0_0""
    }
  },
  ""functionName"": ""Feature.id""
})",-9999.0
,,,,,,,,185,1.0783526586469458,270.0,0.8475021910604733,-0.7955706984667802,,7.0,0.0,0.0,0.0,112.14860010147096,0,"NL_ee.String({
  ""type"": ""Invocation"",
  ""arguments"": {
    ""element"": {
      ""type"": ""ArgumentRef"",
      ""value"": ""_MAPPING_VAR_0_0""
    }
  },
  ""functionName"": ""Feature.id""
})",-9999.0
,,,,,,,,1372,41.5875974058531,97.33582235657845,0.8284132841328413,-0.7234782608695652,,4.0,87.4245662689209,227.5858554840088,340.72571563720703,506.20829820632935,0,"NL_ee.String({
  ""type"": ""Invocation"",
  ""arguments"": {
    ""element"": {
      ""type"": ""ArgumentRef"",
      ""value"": ""_MAPPING_VAR_0_0""
    }
  },
  ""functionName"": ""Feature.id""
})",-9999.0
,,,,,,,,1662,38.88557647251013,131.4814875083648,0.2139240506329114,-0.2515497553017944,,7.0,58.9741096496582,160.5989990234375,245.30988311767575,353.73549365997314,0,"NL_ee.String({
  ""type"": ""Invocation"",
  ""arguments"": {
    ""element"": {
      ""type"": ""ArgumentRef"",
      ""value"": ""_MAPPING_VAR_0_0""
    }
  },
  ""functionName"": ""Feature.id""
})",-9999.0
,,,,,,,,2070,37.24902646953469,191.6831255533935,0.6200808338651351,-0.5105117017056724,,7.0,89.0962142944336,198.4686584472656,266.0451126098633,421.03574562072754,0,"NL_ee.String({
  ""type"": ""Invocation"",
  ""arguments"": {
    ""element"": {
      ""type"": ""ArgumentRef"",
      ""value"": ""_MAPPING_VAR_0_0""
    }
  },
  ""functionName"": ""Feature.id""
})",-9999.0
,,,,,,,,227,1.4162327769674703,229.09803891989276,0.330379746835443,-0.2534287418008348,,7.0,0.0,0.0,0.0,106.83966016769408,0,"NL_ee.String({
  ""type"": ""Invocation"",
  ""arguments"": {
    ""element"": {
      ""type"": ""ArgumentRef"",
      ""value"": ""_MAPPING_VAR_0_0""
    }
  },
  ""functionName"": ""Feature.id""
})",-9999.0
,,,,,,,,1945,52.09677966444952,257.62811506412135,0.5123255123255124,-0.4615384615384615,,4.0,86.69686889648438,180.15336799621585,309.92472982406616,476.3129096031189,0,"NL_ee.String({
  ""type"": ""Invocation"",
  ""arguments"": {
    ""element"": {
      ""type"": ""ArgumentRef"",
      ""value"": ""_MAPPING_VAR_0_0""
    }
  },
  ""functionName"": ""Feature.id""
})",-9999.0
,,,,,,,,5756,30.72249054248526,29.34946709640438,0.1064289573203673,-0.2603076923076923,,9.0,0.7185418009757996,0.7185418009757996,0.7185418009757996,0.7185418009757996,0,"NL_ee.String({
  ""type"": ""Invocation"",
  ""arguments"": {
    ""element"": {
      ""type"": ""ArgumentRef"",
      ""value"": ""_MAPPING_VAR_0_0""
    }
  },
  ""functionName"": ""Feature.id""
})",-9999.0
,,,,,,,,1926,39.685429013029655,276.7218881121547,0.7688764269977969,-0.6385899814471243,,7.0,73.61170101165771,179.6761713027954,300.3598299026489,448.2574605941773,0,"NL_ee.String({
  ""type"": ""Invocation"",
  ""arguments"": {
    ""element"": {
      ""type"": ""ArgumentRef"",
      ""value"": ""_MAPPING_VAR_0_0""
    }
  },
  ""functionName"": ""Feature.id""
})",-9999.0
,,,,,,,,5829,27.17686338135165,203.88643380623387,0.0232192050373868,-0.0038610038610038,,9.0,12.242802619934082,15.303503274917604,21.484543085098267,86.88736653327942,0,"NL_ee.String({
  ""type"": ""Invocation"",
  ""arguments"": {
    ""element"": {
      ""type"": ""ArgumentRef"",
      ""value"": ""_MAPPING_VAR_0_0""
    }
  },
  ""functionName"": ""Feature.id""
})",-9999.0
,,,,,,,,288,0.9274099368611016,180.0,0.565402339595888,-0.4913880445795339,,7.0,57.18230056762695,162.79393577575684,245.75027084350583,560.3495540618896,0,"NL_ee.String({
  ""type"": ""Invocation"",
  ""arguments"": {
    ""element"": {
      ""type"": ""ArgumentRef"",
      ""value"": ""_MAPPING_VAR_0_0""
    }
  },
  ""functionName"": ""Feature.id""
})",-9999.0
,,,,,,,,718,4.789679218139326,292.7297320745629,0.7687175685693106,-0.6767392832044975,,7.0,55.092323303222656,55.092323303222656,168.83465385437012,480.1993579864502,0,"NL_ee.String({
  ""type"": ""Invocation"",
  ""arguments"": {
    ""element"": {
      ""type"": ""ArgumentRef"",
      ""value"": ""_MAPPING_VAR_0_0""
    }
  },
  ""functionName"": ""Feature.id""
})",-9999.0
,,,,,,,,5764,55.25741541015198,177.68098268503255,-0.0455041863851474,0.0568345323741007,,,49.39896011352539,72.52156257629395,72.52156257629395,109.88673210144044,0,"NL_ee.String({
  ""type"": ""Invocation"",
  ""arguments"": {
    ""element"": {
      ""type"": ""ArgumentRef"",
      ""value"": ""_MAPPING_VAR_0_0""
    }
  },
  ""functionName"": ""Feature.id""
})",-9999.0
,,,,,,,,4125,48.98566370032812,138.260822172964,0.0886075949367088,-0.1285067873303167,,9.0,15.578084945678713,21.913246631622314,28.24840831756592,101.26372814178468,0,"NL_ee.String({
  ""type"": ""Invocation"",
  ""arguments"": {
    ""element"": {
      ""type"": ""ArgumentRef"",
      ""value"": ""_MAPPING_VAR_0_0""
    }
  },
  ""functionName"": ""Feature.id""
})",-9999.0
,,,,,,,,4020,38.77146881176396,161.30553741207538,0.0766762913057427,-0.1850282485875706,,9.0,0.0,0.0,0.0,11.259960412979126,0,"NL_ee.String({
  ""type"": ""Invocation"",
  ""arguments"": {
    ""element"": {
      ""type"": ""ArgumentRef"",
      ""value"": ""_MAPPING_VAR_0_0""
    }
  },
  ""functionName"": ""Feature.id""
})",-9999.0
,,,,,,,,273,1.4205772297814232,49.24972114168325,0.6716521739130434,-0.5639440286365116,,7.0,0.0,64.50979042053223,117.53020572662354,269.32744312286377,0,"NL_ee.String({
  ""type"": ""Invocation"",
  ""arguments"": {
    ""element"": {
      ""type"": ""ArgumentRef"",
      ""value"": ""_MAPPING_VAR_0_0""
    }
  },
  ""functionName"": ""Feature.id""
})",-9999.0
,,,,,,,,3646,39.66246995923605,174.7081651624261,-0.0555555555555555,0.0834181078331637,,7.0,202.84915924072263,339.4104232788086,385.48575592041016,538.2618370056152,0,"NL_ee.String({
  ""type"": ""Invocation"",
  ""arguments"": {
    ""element"": {
      ""type"": ""ArgumentRef"",
      ""value"": ""_MAPPING_VAR_0_0""
    }
  },
  ""functionName"": ""Feature.id""
})",-9999.0
,,,,,,,,210,1.0597946011891772,90.0,0.3945793734600493,-0.3733102253032929,,7.0,69.11338424682617,118.98956155776978,239.2992157936096,386.7580676078797,0,"NL_ee.String({
  ""type"": ""Invocation"",
  ""arguments"": {
    ""element"": {
      ""type"": ""ArgumentRef"",
      ""value"": ""_MAPPING_VAR_0_0""
    }
  },
  ""functionName"": ""Feature.id""
})",-9999.0
,,,,,,,,3776,18.295450795372645,290.0428216537302,0.0406599882144961,0.0073074761101742,,7.0,64.72083282470703,82.29745101928711,178.13514709472656,654.6348495483398,0,"NL_ee.String({
  ""type"": ""Invocation"",
  ""arguments"": {
    ""element"": {
      ""type"": ""ArgumentRef"",
      ""value"": ""_MAPPING_VAR_0_0""
    }
  },
  ""functionName"": ""Feature.id""
})",-9999.0
,,,,,,,,1030,19.631026871831963,312.9016044401863,0.7492270697354861,-0.6415215989684074,,7.0,45.322078704833984,84.33067226409912,160.53571939468384,313.3698401451111,0,"NL_ee.String({
  ""type"": ""Invocation"",
  ""arguments"": {
    ""element"": {
      ""type"": ""ArgumentRef"",
      ""value"": ""_MAPPING_VAR_0_0""
    }
  },
  ""functionName"": ""Feature.id""
})",-9999.0
,,,,,,,,765,31.42980959692193,320.1903718510617,0.9090285714285714,-0.753884922301554,,4.0,66.0461483001709,148.00896549224854,290.0088138580322,476.01819229125977,0,"NL_ee.String({
  ""type"": ""Invocation"",
  ""arguments"": {
    ""element"": {
      ""type"": ""ArgumentRef"",
      ""value"": ""_MAPPING_VAR_0_0""
    }
  },
  ""functionName"": ""Feature.id""
})",-9999.0
,,,,,,,,225,1.4176503345455262,229.14767188058096,0.6079077429983526,-0.5345911949685535,,7.0,0.0,0.0,0.0,113.68824768066406,0,"NL_ee.String({
  ""type"": ""Invocation"",
  ""arguments"": {
    ""element"": {
      ""type"": ""ArgumentRef"",
      ""value"": ""_MAPPING_VAR_0_0""
    }
  },
  ""functionName"": ""Feature.id""
})",-9999.0
,,,,,,,,226,2.2974954356852466,246.20408022700505,0.0224129709108249,0.0201096892138939,,6.0,0.0,0.0,0.0,158.15415048599243,0,"NL_ee.String({
  ""type"": ""Invocation"",
  ""arguments"": {
    ""element"": {
      ""type"": ""ArgumentRef"",
      ""value"": ""_MAPPING_VAR_0_0""
    }
  },
  ""functionName"": ""Feature.id""
})",-9999.0
,,,,,,,,241,0.0,-0.0,0.6031168831168832,-0.5097847358121331,,7.0,0.0,0.0,29.76881599426269,206.5382175445557,0,"NL_ee.String({
  ""type"": ""Invocation"",
  ""arguments"": {
    ""element"": {
      ""type"": ""ArgumentRef"",
      ""value"": ""_MAPPING_VAR_0_0""
    }
  },
  ""functionName"": ""Feature.id""
})",-9999.0
,,,,,,,,177,0.9274099368611016,-0.0,0.6642794759825328,-0.5975855130784709,,7.0,0.0,0.0,0.0,126.83564949035645,0,"NL_ee.String({
  ""type"": ""Invocation"",
  ""arguments"": {
    ""element"": {
      ""type"": ""ArgumentRef"",
      ""value"": ""_MAPPING_VAR_0_0""
    }
  },
  ""functionName"": ""Feature.id""
})",-9999.0
,,,,,,,,166,4.2581469540348325,29.58109786481546,0.1325811001410437,-0.0940054495912806,,7.0,22.423046112060547,33.57510566711426,106.08733654022215,254.1271152496338,0,"NL_ee.String({
  ""type"": ""Invocation"",
  ""arguments"": {
    ""element"": {
      ""type"": ""ArgumentRef"",
      ""value"": ""_MAPPING_VAR_0_0""
    }
  },
  ""functionName"": ""Feature.id""
})",-9999.0
,,,,,,,,4719,41.1344712564486,102.8504131642425,0.0191339375629405,-0.0563674321503131,,9.0,37.70602798461914,37.70602798461914,37.70602798461914,66.0002965927124,0,"NL_ee.String({
  ""type"": ""Invocation"",
  ""arguments"": {
    ""element"": {
      ""type"": ""ArgumentRef"",
      ""value"": ""_MAPPING_VAR_0_0""
    }
  },
  ""functionName"": ""Feature.id""
})",-9999.0
,,,,,,,,283,0.9274099368729608,180.0,0.2621951219512195,-0.1951501154734411,,7.0,39.68486404418945,110.29838180541992,192.7442283630371,425.200834274292,0,"NL_ee.String({
  ""type"": ""Invocation"",
  ""arguments"": {
    ""element"": {
      ""type"": ""ArgumentRef"",
      ""value"": ""_MAPPING_VAR_0_0""
    }
  },
  ""functionName"": ""Feature.id""
})",-9999.0
,,,,,,,,4973,30.13716417494913,296.49621589261466,0.1430219146482122,-0.2811893988364576,,9.0,0.0,3.793326139450073,8.846933126449585,8.846933126449585,0,"NL_ee.String({
  ""type"": ""Invocation"",
  ""arguments"": {
    ""element"": {
      ""type"": ""ArgumentRef"",
      ""value"": ""_MAPPING_VAR_0_0""
    }
  },
  ""functionName"": ""Feature.id""
})",-9999.0
,,,,,,,,1577,22.485045969699016,258.7232609795834,0.8085470085470086,-0.6309182999339352,,7.0,40.082356452941895,95.72546482086182,131.61613750457764,260.9288034439087,0,"NL_ee.String({
  ""type"": ""Invocation"",
  ""arguments"": {
    ""element"": {
      ""type"": ""ArgumentRef"",
      ""value"": ""_MAPPING_VAR_0_0""
    }
  },
  ""functionName"": ""Feature.id""
})",-9999.0
,,,,,,,,3935,17.894646842674938,113.64537018398056,0.7506420733130983,-0.6906426155580608,,9.0,4.567636013031006,4.567636013031006,8.196452617645264,8.196452617645264,0,"NL_ee.String({
  ""type"": ""Invocation"",
  ""arguments"": {
    ""element"": {
      ""type"": ""ArgumentRef"",
      ""value"": ""_MAPPING_VAR_0_0""
    }
  },
  ""functionName"": ""Feature.id""
})",-9999.0
,,,,,,,,431,1.4175248490222112,310.85671624223096,0.5850847457627119,-0.5181818181818182,,7.0,92.87411880493164,232.61329650878903,349.0376672744751,601.0981016159058,0,"NL_ee.String({
  ""type"": ""Invocation"",
  ""arguments"": {
    ""element"": {
      ""type"": ""ArgumentRef"",
      ""value"": ""_MAPPING_VAR_0_0""
    }
  },
  ""functionName"": ""Feature.id""
})",-9999.0
,,,,,,,,5288,26.60858234634984,303.3217724234242,-0.0269607843137254,0.019147621988882,,9.0,0.0,0.0,0.0,0.0,0,"NL_ee.String({
  ""type"": ""Invocation"",
  ""arguments"": {
    ""element"": {
      ""type"": ""ArgumentRef"",
      ""value"": ""_MAPPING_VAR_0_0""
    }
  },
  ""functionName"": ""Feature.id""
})",-9999.0
,,,,,,,,1105,31.897052666772385,261.02181833770345,0.3552662721893491,-0.3381631222248188,,7.0,60.71370124816895,97.77708053588869,172.48408889770508,330.11804389953613,0,"NL_ee.String({
  ""type"": ""Invocation"",
  ""arguments"": {
    ""element"": {
      ""type"": ""ArgumentRef"",
      ""value"": ""_MAPPING_VAR_0_0""
    }
  },
  ""functionName"": ""Feature.id""
})",-9999.0
,,,,,,,,547,7.731541056992969,135.675806291986,0.2723492723492723,-0.2037765538945712,,4.0,62.52079772949219,154.16711044311523,265.39385986328125,392.817735671997,0,"NL_ee.String({
  ""type"": ""Invocation"",
  ""arguments"": {
    ""element"": {
      ""type"": ""ArgumentRef"",
      ""value"": ""_MAPPING_VAR_0_0""
    }
  },
  ""functionName"": ""Feature.id""
})",-9999.0
,,,,,,,,4644,29.05538767097156,7.837143657768995,0.4258555133079847,-0.4553686934023286,,9.0,34.634010314941406,34.634010314941406,34.634010314941406,34.634010314941406,0,"NL_ee.String({
  ""type"": ""Invocation"",
  ""arguments"": {
    ""element"": {
      ""type"": ""ArgumentRef"",
      ""value"": ""_MAPPING_VAR_0_0""
    }
  },
  ""functionName"": ""Feature.id""
})",-9999.0
,,,,,,,,199,5.413402894347334,270.0,0.4949880668257757,-0.539066339066339,,7.0,6.586455821990967,14.012344360351562,14.012344360351562,213.71489810943604,0,"NL_ee.String({
  ""type"": ""Invocation"",
  ""arguments"": {
    ""element"": {
      ""type"": ""ArgumentRef"",
      ""value"": ""_MAPPING_VAR_0_0""
    }
  },
  ""functionName"": ""Feature.id""
})",-9999.0
,,,,,,,,4973,32.11945412976699,338.17108639186057,-0.0345733041575492,0.0112057373375168,,9.0,4.480828642845154,4.480828642845154,4.480828642845154,45.49288308620453,0,"NL_ee.String({
  ""type"": ""Invocation"",
  ""arguments"": {
    ""element"": {
      ""type"": ""ArgumentRef"",
      ""value"": ""_MAPPING_VAR_0_0""
    }
  },
  ""functionName"": ""Feature.id""
})",-9999.0
,,,,,,,,4741,0.9274099368611016,180.0,0.0756805264732276,-0.1899404367968233,,9.0,0.0,11.158672332763672,11.158672332763672,43.454734802246094,0,"NL_ee.String({
  ""type"": ""Invocation"",
  ""arguments"": {
    ""element"": {
      ""type"": ""ArgumentRef"",
      ""value"": ""_MAPPING_VAR_0_0""
    }
  },
  ""functionName"": ""Feature.id""
})",-9999.0
,,,,,,,,258,3.2909667450255484,73.6490962646712,0.662674004532211,-0.5822550831792976,,4.0,0.0,0.0,18.79185485839844,155.50894451141355,0,"NL_ee.String({
  ""type"": ""Invocation"",
  ""arguments"": {
    ""element"": {
      ""type"": ""ArgumentRef"",
      ""value"": ""_MAPPING_VAR_0_0""
    }
  },
  ""functionName"": ""Feature.id""
})",-9999.0
,,,,,,,,197,1.4189731253564255,49.193863928907206,0.351578947368421,-0.3776824034334764,,7.0,0.0,0.0,0.0,170.41744422912598,0,"NL_ee.String({
  ""type"": ""Invocation"",
  ""arguments"": {
    ""element"": {
      ""type"": ""ArgumentRef"",
      ""value"": ""_MAPPING_VAR_0_0""
    }
  },
  ""functionName"": ""Feature.id""
})",-9999.0
,,,,,,,,5501,16.729784992072048,41.06464826547917,0.0307002414625733,-0.1387195121951219,,9.0,0.0,0.0,0.0,0.0,0,"NL_ee.String({
  ""type"": ""Invocation"",
  ""arguments"": {
    ""element"": {
      ""type"": ""ArgumentRef"",
      ""value"": ""_MAPPING_VAR_0_0""
    }
  },
  ""functionName"": ""Feature.id""
})",-9999.0
,,,,,,,,162,1.0521449293795857,90.0,0.2234891676168757,-0.2433371958285052,,7.0,22.811397552490234,29.299097537994385,132.51489114761353,221.27839517593384,0,"NL_ee.String({
  ""type"": ""Invocation"",
  ""arguments"": {
    ""element"": {
      ""type"": ""ArgumentRef"",
      ""value"": ""_MAPPING_VAR_0_0""
    }
  },
  ""functionName"": ""Feature.id""
})",-9999.0
,,,,,,,,216,3.855679364910856,163.8949361500661,0.728088336783989,-0.6351763169351328,,7.0,0.0,0.0,0.0,118.4464874267578,0,"NL_ee.String({
  ""type"": ""Invocation"",
  ""arguments"": {
    ""element"": {
      ""type"": ""ArgumentRef"",
      ""value"": ""_MAPPING_VAR_0_0""
    }
  },
  ""functionName"": ""Feature.id""
})",-9999.0
,,,,,,,,3800,14.497435330493303,97.19288607984971,0.6094510076441974,-0.6286919831223629,,7.0,1.995943903923035,1.995943903923035,1.995943903923035,1.995943903923035,0,"NL_ee.String({
  ""type"": ""Invocation"",
  ""arguments"": {
    ""element"": {
      ""type"": ""ArgumentRef"",
      ""value"": ""_MAPPING_VAR_0_0""
    }
  },
  ""functionName"": ""Feature.id""
})",-9999.0
,,,,,,,,4549,43.32704334516442,271.96698474983504,0.0432822362488728,-0.1119654012493993,,9.0,0.0,0.0,0.0,60.89831161499024,0,"NL_ee.String({
  ""type"": ""Invocation"",
  ""arguments"": {
    ""element"": {
      ""type"": ""ArgumentRef"",
      ""value"": ""_MAPPING_VAR_0_0""
    }
  },
  ""functionName"": ""Feature.id""
})",-9999.0
,,,,,,,,1988,10.307872578380415,249.14377693640532,0.1397435897435897,-0.1053776810693192,,7.0,88.60842895507812,181.63806343078613,244.7307415008545,377.0976781845093,0,"NL_ee.String({
  ""type"": ""Invocation"",
  ""arguments"": {
    ""element"": {
      ""type"": ""ArgumentRef"",
      ""value"": ""_MAPPING_VAR_0_0""
    }
  },
  ""functionName"": ""Feature.id""
})",-9999.0
,,,,,,,,5847,13.877843121302526,141.83594304750466,-0.0067174205105239,0.0237676056338028,,9.0,17.172450065612793,26.30669212341309,26.30669212341309,37.06694984436035,0,"NL_ee.String({
  ""type"": ""Invocation"",
  ""arguments"": {
    ""element"": {
      ""type"": ""ArgumentRef"",
      ""value"": ""_MAPPING_VAR_0_0""
    }
  },
  ""functionName"": ""Feature.id""
})",-9999.0
,,,,,,,,4572,4.7513106654677895,193.1447632336693,0.0767441860465116,-0.2005185825410544,,9.0,13.646451950073242,20.94571208953857,28.80782699584961,55.48799896240234,0,"NL_ee.String({
  ""type"": ""Invocation"",
  ""arguments"": {
    ""element"": {
      ""type"": ""ArgumentRef"",
      ""value"": ""_MAPPING_VAR_0_0""
    }
  },
  ""functionName"": ""Feature.id""
})",-9999.0
,,,,,,,,167,0.9274099368611016,-0.0,0.5626666666666666,-0.4709758393473486,,7.0,0.0,0.0,0.0,84.55649280548096,0,"NL_ee.String({
  ""type"": ""Invocation"",
  ""arguments"": {
    ""element"": {
      ""type"": ""ArgumentRef"",
      ""value"": ""_MAPPING_VAR_0_0""
    }
  },
  ""functionName"": ""Feature.id""
})",-9999.0
,,,,,,,,1176,8.564136125217601,165.3355542514223,0.8076516592686536,-0.6735812133072407,,7.0,176.0886402130127,267.3031597137451,317.7201805114746,417.1741256713867,0,"NL_ee.String({
  ""type"": ""Invocation"",
  ""arguments"": {
    ""element"": {
      ""type"": ""ArgumentRef"",
      ""value"": ""_MAPPING_VAR_0_0""
    }
  },
  ""functionName"": ""Feature.id""
})",-9999.0
,,,,,,,,5295,2.9257018752096404,129.30723152168508,0.0915576694411414,-0.2416591523895401,,9.0,0.0,0.0,0.0,0.0,0,"NL_ee.String({
  ""type"": ""Invocation"",
  ""arguments"": {
    ""element"": {
      ""type"": ""ArgumentRef"",
      ""value"": ""_MAPPING_VAR_0_0""
    }
  },
  ""functionName"": ""Feature.id""
})",-9999.0
,,,,,,,,6015,35.080846096498256,315.6044102354228,-0.0618136178224035,0.0679551122194513,,,13.356432914733888,13.356432914733888,13.356432914733888,21.616117477416992,0,"NL_ee.String({
  ""type"": ""Invocation"",
  ""arguments"": {
    ""element"": {
      ""type"": ""ArgumentRef"",
      ""value"": ""_MAPPING_VAR_0_0""
    }
  },
  ""functionName"": ""Feature.id""
})",-9999.0
,,,,,,,,3091,43.24540808637406,3.4090020454074685,0.1278375149342891,-0.0844342331993107,,7.0,30.04094123840332,30.04094123840332,96.93450260162354,224.83386325836184,0,"NL_ee.String({
  ""type"": ""Invocation"",
  ""arguments"": {
    ""element"": {
      ""type"": ""ArgumentRef"",
      ""value"": ""_MAPPING_VAR_0_0""
    }
  },
  ""functionName"": ""Feature.id""
})",-9999.0
,,,,,,,,1950,20.40191572132447,203.937847212362,0.0922180322248885,-0.0435637078283655,,7.0,129.8201141357422,129.8201141357422,238.78039932250977,376.044807434082,0,"NL_ee.String({
  ""type"": ""Invocation"",
  ""arguments"": {
    ""element"": {
      ""type"": ""ArgumentRef"",
      ""value"": ""_MAPPING_VAR_0_0""
    }
  },
  ""functionName"": ""Feature.id""
})",-9999.0
,,,,,,,,4971,20.051246495925103,158.65306710632615,0.0610649731314118,-0.2026578073089701,,9.0,21.85799789428711,21.85799789428711,21.85799789428711,21.85799789428711,0,"NL_ee.String({
  ""type"": ""Invocation"",
  ""arguments"": {
    ""element"": {
      ""type"": ""ArgumentRef"",
      ""value"": ""_MAPPING_VAR_0_0""
    }
  },
  ""functionName"": ""Feature.id""
})",-9999.0
,,,,,,,,363,1.080418405248356,270.0,0.8950744558991982,-0.7532852903772785,,4.0,0.0,129.29352569580078,199.8983154296875,361.9332194328308,0,"NL_ee.String({
  ""type"": ""Invocation"",
  ""arguments"": {
    ""element"": {
      ""type"": ""ArgumentRef"",
      ""value"": ""_MAPPING_VAR_0_0""
    }
  },
  ""functionName"": ""Feature.id""
})",-9999.0
,,,,,,,,205,1.4031430635470226,228.63317865386088,0.3259259259259259,-0.3838422883649014,,9.0,0.0,0.6275961399078369,0.6275961399078369,149.406676530838,0,"NL_ee.String({
  ""type"": ""Invocation"",
  ""arguments"": {
    ""element"": {
      ""type"": ""ArgumentRef"",
      ""value"": ""_MAPPING_VAR_0_0""
    }
  },
  ""functionName"": ""Feature.id""
})",-9999.0
,,,,,,,,4563,2.16089805236234,30.904569153382106,0.0471436494731003,-0.0875576036866359,,9.0,0.0,0.0,0.0,0.0,0,"NL_ee.String({
  ""type"": ""Invocation"",
  ""arguments"": {
    ""element"": {
      ""type"": ""ArgumentRef"",
      ""value"": ""_MAPPING_VAR_0_0""
    }
  },
  ""functionName"": ""Feature.id""
})",-9999.0
,,,,,,,,254,4.289513585390232,329.6863113593389,0.7969130787977254,-0.6859756097560976,,7.0,0.0,53.55395126342773,115.21245574951172,294.66338634490967,0,"NL_ee.String({
  ""type"": ""Invocation"",
  ""arguments"": {
    ""element"": {
      ""type"": ""ArgumentRef"",
      ""value"": ""_MAPPING_VAR_0_0""
    }
  },
  ""functionName"": ""Feature.id""
})",-9999.0
,,,,,,,,1188,37.92344258119861,12.446278947034626,0.0945261336957864,-0.0614739364889155,,4.0,39.10713577270508,61.94126176834106,139.1396632194519,290.86620569229126,0,"NL_ee.String({
  ""type"": ""Invocation"",
  ""arguments"": {
    ""element"": {
      ""type"": ""ArgumentRef"",
      ""value"": ""_MAPPING_VAR_0_0""
    }
  },
  ""functionName"": ""Feature.id""
})",-9999.0
,,,,,,,,1294,26.813713081723883,305.20413004635026,0.7899045020463847,-0.6272147413182141,,7.0,31.59712028503418,70.1813850402832,119.77463150024414,254.15765762329104,0,"NL_ee.String({
  ""type"": ""Invocation"",
  ""arguments"": {
    ""element"": {
      ""type"": ""ArgumentRef"",
      ""value"": ""_MAPPING_VAR_0_0""
    }
  },
  ""functionName"": ""Feature.id""
})",-9999.0
,,,,,,,,5164,21.303456775285884,231.48779986245847,0.198989898989899,-0.2494736842105263,,9.0,0.0,0.0,0.0,18.933351516723636,0,"NL_ee.String({
  ""type"": ""Invocation"",
  ""arguments"": {
    ""element"": {
      ""type"": ""ArgumentRef"",
      ""value"": ""_MAPPING_VAR_0_0""
    }
  },
  ""functionName"": ""Feature.id""
})",-9999.0
,,,,,,,,5781,34.48445355697253,188.1839853358396,0.111282248748556,-0.2333333333333333,,9.0,0.0,0.0,0.0,7.817781925201416,0,"NL_ee.String({
  ""type"": ""Invocation"",
  ""arguments"": {
    ""element"": {
      ""type"": ""ArgumentRef"",
      ""value"": ""_MAPPING_VAR_0_0""
    }
  },
  ""functionName"": ""Feature.id""
})",-9999.0
,,,,,,,,163,3.3293279130357143,106.1568856061594,0.4496753246753247,-0.4609406952965235,,6.0,0.0,0.0,0.0,82.34296417236328,0,"NL_ee.String({
  ""type"": ""Invocation"",
  ""arguments"": {
    ""element"": {
      ""type"": ""ArgumentRef"",
      ""value"": ""_MAPPING_VAR_0_0""
    }
  },
  ""functionName"": ""Feature.id""
})",-9999.0
,,,,,,,,199,2.362910332994417,113.09756503912443,0.5657967795669073,-0.5816040381379697,,7.0,7.795596122741699,15.260673999786375,21.33568334579468,215.20861291885376,0,"NL_ee.String({
  ""type"": ""Invocation"",
  ""arguments"": {
    ""element"": {
      ""type"": ""ArgumentRef"",
      ""value"": ""_MAPPING_VAR_0_0""
    }
  },
  ""functionName"": ""Feature.id""
})",-9999.0
,,,,,,,,4437,11.971159137487408,313.40238858934606,0.0852713178294573,-0.1965811965811965,,9.0,14.21947956085205,14.21947956085205,14.21947956085205,22.70732593536377,0,"NL_ee.String({
  ""type"": ""Invocation"",
  ""arguments"": {
    ""element"": {
      ""type"": ""ArgumentRef"",
      ""value"": ""_MAPPING_VAR_0_0""
    }
  },
  ""functionName"": ""Feature.id""
})",-9999.0
,,,,,,,,4892,31.65935317390632,230.94656176468996,-0.0026041666666666,-0.0633965756594169,,9.0,3.154388666152954,3.154388666152954,7.388885259628296,22.75789475440979,0,"NL_ee.String({
  ""type"": ""Invocation"",
  ""arguments"": {
    ""element"": {
      ""type"": ""ArgumentRef"",
      ""value"": ""_MAPPING_VAR_0_0""
    }
  },
  ""functionName"": ""Feature.id""
})",-9999.0
,,,,,,,,226,2.8234657978923257,228.9698822080481,-0.0652631578947368,0.1672025723472668,,7.0,45.77082443237305,83.74993133544922,200.68577766418457,439.2820692062378,0,"NL_ee.String({
  ""type"": ""Invocation"",
  ""arguments"": {
    ""element"": {
      ""type"": ""ArgumentRef"",
      ""value"": ""_MAPPING_VAR_0_0""
    }
  },
  ""functionName"": ""Feature.id""
})",-9999.0
,,,,,,,,4117,23.07692278753552,142.9277500274678,0.2996207332490518,-0.3179487179487179,,7.0,0.0,0.0,15.666598320007324,59.41293525695801,0,"NL_ee.String({
  ""type"": ""Invocation"",
  ""arguments"": {
    ""element"": {
      ""type"": ""ArgumentRef"",
      ""value"": ""_MAPPING_VAR_0_0""
    }
  },
  ""functionName"": ""Feature.id""
})",-9999.0
,,,,,,,,5646,6.059654541306252,62.77623519433136,-0.1294343240651965,0.1775362318840579,,,0.0,0.0,41.88730239868164,82.09722900390625,0,"NL_ee.String({
  ""type"": ""Invocation"",
  ""arguments"": {
    ""element"": {
      ""type"": ""ArgumentRef"",
      ""value"": ""_MAPPING_VAR_0_0""
    }
  },
  ""functionName"": ""Feature.id""
})",-9999.0
,,,,,,,,797,4.749745746885691,193.0633085511585,0.8194945848375451,-0.6920863309352518,,4.0,138.62664413452148,331.61242294311523,480.561918258667,782.744462966919,0,"NL_ee.String({
  ""type"": ""Invocation"",
  ""arguments"": {
    ""element"": {
      ""type"": ""ArgumentRef"",
      ""value"": ""_MAPPING_VAR_0_0""
    }
  },
  ""functionName"": ""Feature.id""
})",-9999.0
,,,,,,,,208,1.8543341688414128,180.0,0.0289179104477611,-0.0445075757575757,,6.0,0.0,1.6008505821228027,9.816656589508057,147.60594034194946,0,"NL_ee.String({
  ""type"": ""Invocation"",
  ""arguments"": {
    ""element"": {
      ""type"": ""ArgumentRef"",
      ""value"": ""_MAPPING_VAR_0_0""
    }
  },
  ""functionName"": ""Feature.id""
})",-9999.0
,,,,,,,,193,2.1231791095972907,90.0,0.594826015667699,-0.5719159633686479,,9.0,0.0,2.877403497695923,2.877403497695923,120.98127770423888,0,"NL_ee.String({
  ""type"": ""Invocation"",
  ""arguments"": {
    ""element"": {
      ""type"": ""ArgumentRef"",
      ""value"": ""_MAPPING_VAR_0_0""
    }
  },
  ""functionName"": ""Feature.id""
})",-9999.0
,,,,,,,,212,2.9801445737297447,21.119925895328183,0.6,-0.5306859205776173,,7.0,0.0,0.0,0.0,161.8393383026123,0,"NL_ee.String({
  ""type"": ""Invocation"",
  ""arguments"": {
    ""element"": {
      ""type"": ""ArgumentRef"",
      ""value"": ""_MAPPING_VAR_0_0""
    }
  },
  ""functionName"": ""Feature.id""
})",-9999.0
,,,,,,,,3590,7.288690061123908,152.36800934293956,0.0048254328697133,-0.1000621504039776,,7.0,39.53681945800781,39.53681945800781,87.88405227661133,238.1146092414856,0,"NL_ee.String({
  ""type"": ""Invocation"",
  ""arguments"": {
    ""element"": {
      ""type"": ""ArgumentRef"",
      ""value"": ""_MAPPING_VAR_0_0""
    }
  },
  ""functionName"": ""Feature.id""
})",-9999.0
,,,,,,,,4756,10.62255810393508,161.698450251732,0.153160453808752,-0.258735072976559,,9.0,20.61239242553711,20.61239242553711,20.61239242553711,20.61239242553711,0,"NL_ee.String({
  ""type"": ""Invocation"",
  ""arguments"": {
    ""element"": {
      ""type"": ""ArgumentRef"",
      ""value"": ""_MAPPING_VAR_0_0""
    }
  },
  ""functionName"": ""Feature.id""
})",-9999.0
,,,,,,,,5265,31.12180942432241,15.15524911086814,0.0960167714884696,-0.1104502973661852,,9.0,0.0,0.0,0.0,0.0,0,"NL_ee.String({
  ""type"": ""Invocation"",
  ""arguments"": {
    ""element"": {
      ""type"": ""ArgumentRef"",
      ""value"": ""_MAPPING_VAR_0_0""
    }
  },
  ""functionName"": ""Feature.id""
})",-9999.0
,,,,,,,,3935,24.45888080965269,304.7094916073316,0.0596899224806201,-0.0629860031104199,,9.0,0.0,0.0,0.0,4.460778713226318,0,"NL_ee.String({
  ""type"": ""Invocation"",
  ""arguments"": {
    ""element"": {
      ""type"": ""ArgumentRef"",
      ""value"": ""_MAPPING_VAR_0_0""
    }
  },
  ""functionName"": ""Feature.id""
})",-9999.0
,,,,,,,,4821,9.99677228813249,95.2692201807114,0.0247116968698517,-0.048314606741573,,9.0,0.0,0.0,0.0,0.0,0,"NL_ee.String({
  ""type"": ""Invocation"",
  ""arguments"": {
    ""element"": {
      ""type"": ""ArgumentRef"",
      ""value"": ""_MAPPING_VAR_0_0""
    }
  },
  ""functionName"": ""Feature.id""
})",-9999.0
,,,,,,,,5529,2.987135101268793,338.53500657332404,-0.0155402963498373,0.0032930845225027,,9.0,19.250857830047607,30.59382486343384,30.59382486343384,30.59382486343384,0,"NL_ee.String({
  ""type"": ""Invocation"",
  ""arguments"": {
    ""element"": {
      ""type"": ""ArgumentRef"",
      ""value"": ""_MAPPING_VAR_0_0""
    }
  },
  ""functionName"": ""Feature.id""
})",-9999.0
,,,,,,,,190,0.0,-0.0,0.7241379310344828,-0.6359918200408998,,7.0,0.0,0.0,4.898565769195557,137.37191247940063,0,"NL_ee.String({
  ""type"": ""Invocation"",
  ""arguments"": {
    ""element"": {
      ""type"": ""ArgumentRef"",
      ""value"": ""_MAPPING_VAR_0_0""
    }
  },
  ""functionName"": ""Feature.id""
})",-9999.0
,,,,,,,,4876,18.19698143833876,293.20069275101315,-0.0384180790960452,0.0780065005417118,,,76.54010772705078,114.81016159057616,190.3243503570557,329.76046562194824,0,"NL_ee.String({
  ""type"": ""Invocation"",
  ""arguments"": {
    ""element"": {
      ""type"": ""ArgumentRef"",
      ""value"": ""_MAPPING_VAR_0_0""
    }
  },
  ""functionName"": ""Feature.id""
})",-9999.0
,,,,,,,,3635,44.33936745442919,72.65180361145147,0.1100856954515491,-0.0945726356841079,,9.0,0.0,0.0,0.0,2.6772348880767822,0,"NL_ee.String({
  ""type"": ""Invocation"",
  ""arguments"": {
    ""element"": {
      ""type"": ""ArgumentRef"",
      ""value"": ""_MAPPING_VAR_0_0""
    }
  },
  ""functionName"": ""Feature.id""
})",-9999.0
,,,,,,,,256,5.114375979384787,302.8610534017969,0.9070866141732284,-0.815592203898051,,4.0,0.0,11.515616416931152,34.826645851135254,167.0192174911499,0,"NL_ee.String({
  ""type"": ""Invocation"",
  ""arguments"": {
    ""element"": {
      ""type"": ""ArgumentRef"",
      ""value"": ""_MAPPING_VAR_0_0""
    }
  },
  ""functionName"": ""Feature.id""
})",-9999.0
,,,,,,,,582,1.098111657622977,90.0,0.3219047619047619,-0.2774965485503912,,4.0,82.11429405212402,368.382402420044,441.6905155181885,837.799877166748,0,"NL_ee.String({
  ""type"": ""Invocation"",
  ""arguments"": {
    ""element"": {
      ""type"": ""ArgumentRef"",
      ""value"": ""_MAPPING_VAR_0_0""
    }
  },
  ""functionName"": ""Feature.id""
})",-9999.0
,,,,,,,,239,1.4109479078491094,311.088211386647,0.8011152416356877,-0.7211367673179396,,7.0,32.5095329284668,65.12020492553711,137.6260280609131,376.04639053344727,0,"NL_ee.String({
  ""type"": ""Invocation"",
  ""arguments"": {
    ""element"": {
      ""type"": ""ArgumentRef"",
      ""value"": ""_MAPPING_VAR_0_0""
    }
  },
  ""functionName"": ""Feature.id""
})",-9999.0
,,,,,,,,231,2.134108542611956,29.67994325794301,-0.0094310921813203,0.0454412195836997,,6.0,4.54889440536499,4.54889440536499,4.54889440536499,135.93800687789917,0,"NL_ee.String({
  ""type"": ""Invocation"",
  ""arguments"": {
    ""element"": {
      ""type"": ""ArgumentRef"",
      ""value"": ""_MAPPING_VAR_0_0""
    }
  },
  ""functionName"": ""Feature.id""
})",-9999.0
,,,,,,,,232,0.0,-0.0,0.7962003454231433,-0.6726980297547246,,7.0,17.68265151977539,17.68265151977539,53.42930030822754,230.3521237373352,0,"NL_ee.String({
  ""type"": ""Invocation"",
  ""arguments"": {
    ""element"": {
      ""type"": ""ArgumentRef"",
      ""value"": ""_MAPPING_VAR_0_0""
    }
  },
  ""functionName"": ""Feature.id""
})",-9999.0
