event_id,landslide_trigger,landslide_size,fatality_count,admin_division_name,longitude,latitude,event_date,elevation,slope,aspect,ndvi,ndwi,population,soil_type,rainfall_3d,rainfall_7d,rainfall_14d,rainfall_30d,label,system:index,point_id,road_distance_m,.geo,rainfall_ratio_3d_7d,rainfall_ratio_7d_14d,rainfall_ratio_14d_30d,rainfall_acceleration,high_short_term_rain,sustained_heavy_rain,slope_elevation_product,steep_low_elevation,north_facing,low_veg_steep
35.0,rain,medium,2.0,Kashmir,74.91120324,34.09349739,2007-3-12,1964,17.38948134,267.0371473,0.501254499,-0.5101647973,28.87492561,7.0,51.64063072,51.64063072,68.38983154,117.4752132,1,,,,,1.0,0.7550922345787079,0.5821639278369916,0.0,0,0,34.15294135176,0,0,0
37.0,rain,medium,2.0,Kashmir,74.33329928,33.87780176,2007-3-19,2709,29.24790096,303.3154887,0.3556796908,-0.3639537692,0.2586887181,7.0,36.48324966,115.530426,189.7191181,260.8350611,1,,,,,0.3157891035561489,0.6089551077245915,0.7273528232742634,2.1666703782329684,0,0,79.23256370063999,0,0,0
43.0,downpour,medium,10.0,Kashmir,74.33129715,33.96590022,2007-3-23,3677,34.40571613,94.066242,-0.01003978774,0.002596222097,4.849047184,7.0,40.36266851,115.11622,252.0530791,300.3047345,1,,,,,0.35062538111484204,0.4567141984975656,0.839324360036022,1.852046810816771,0,0,126.50981821001001,0,0,1
73.0,rain,medium,0.0,Kashmir,75.23100105,33.24200083,2007-05-08,691,15.5389891,150.8397375,0.3602558374,-0.3641346097,8.500190735,7.0,0.0,10.64019215,16.6526953,27.91233599,1,,,,,0.0,0.6389471468921911,0.5966070093870349,0.0,0,0,10.7374414681,0,0,0
111.0,downpour,medium,0.0,Kashmir,75.22742039,33.24431511,2007-07-02,836,38.40528794,244.6072866,0.2671207488,-0.2996205688,4.247404099,7.0,2.829915047,22.96715093,22.96715093,35.63453007,1,,,,,0.12321576392409767,1.0,0.6445195400327612,7.115844662668419,0,0,32.10682071784,1,0,1
146.0,downpour,medium,0.0,Uttarakhand,78.4390032,30.73299844,2007-7-30,1430,46.24334928,172.7483503,0.6977897882,-0.6812915206,3.239362001,7.0,13.86089802,66.32531643,85.62707615,214.7464564,1,,,,,0.20898351890456257,0.7745834543481607,0.3987356885205394,3.7850663307888617,0,0,66.1279894704,1,0,0
149.0,downpour,medium,0.0,Uttarakhand,79.55999891,30.55699773,2007-7-30,1851,15.45995564,297.9201297,0.2906882465,-0.3658302128,3.645549297,7.0,19.37277603,42.84219551,42.84219551,138.9717035,1,,,,,0.45218915135845705,1.0,0.3082799910414857,1.21146393493922,0,0,28.61637788964,0,0,0
150.0,downpour,medium,2.0,Uttarakhand,79.34899871,30.4000017,2007-7-30,1342,42.28108622,36.76598701,0.5558273196,-0.5561246276,1.970486283,7.0,5.552551746,62.19361305,62.19361305,189.4041209,1,,,,,0.08927848815498265,1.0,0.3283646245629284,10.20090651920599,0,0,56.741217707240004,1,1,0
157.0,rain,medium,0.0,Kashmir,75.22569918,33.24509991,2007-08-06,771,37.21035235,215.89363,0.2619942427,-0.2642342746,2.765582323,7.0,5.106586456,15.31975937,15.31975937,100.0557632,1,,,,,0.3333333332898165,1.0,0.15311221343020048,2.0000000003916516,0,0,28.68918166185,1,0,1
173.0,rain,medium,0.0,Uttarakhand,78.3026974,30.07020212,2007-8-11,468,4.278963277,270.0,0.7357951403,-0.667983532,6.508765697,7.0,30.91347599,53.48510075,155.7184448,324.7158413,1,,,,,0.5779829439696811,0.3434731243218787,0.479552965991992,0.7301548608542615,0,0,2.002554813636,0,0,0
177.0,rain,large,2.0,Himachal Pradesh,77.59139944,32.73340023,2007-8-12,5761,15.48722457,283.5142496,-0.05427479744,0.07759251446,0.001432946301,,1.993797719,1.993797719,1.993797719,1.993797719,1,,,,,1.0,1.0,1.0,0.0,0,0,89.22190074777001,0,0,0
178.0,rain,medium,11.0,Himachal Pradesh,76.26650241,32.09850004,2007-8-12,774,6.604858232,261.9635538,0.2495967448,-0.2734382749,9.025399208,4.0,22.41358757,62.83369446,96.72623634,172.1153717,1,,,,,0.35671287137617724,0.649603425477394,0.5619848790065972,1.8033751519592185,0,0,5.112160271568,0,0,0
234.0,rain,medium,0.0,Kashmir,75.30979782,33.16620058,2007-09-05,946,28.84262459,357.9876943,0.2351304442,-0.2834295034,3.310926437,7.0,5.207120895,11.99086475,45.97051239,119.4482698,1,,,,,0.4342573286884918,0.26083817922830854,0.38485708053345113,1.3027820924061722,0,0,27.28512286214,1,1,1
237.0,rain,large,0.0,Uttarakhand,80.21669964,29.5832995,2007-09-06,1579,10.88920522,255.3779454,0.389834851,-0.4269765317,47.18540573,4.0,122.0335236,140.816246,189.1653261,299.037333,1,,,,,0.8666153733426468,0.7444083379506833,0.6325809697480147,0.15391444781653435,1,0,17.194055042379997,0,0,0
395.0,rain,medium,13.0,Kashmir,76.83271015,34.93977235,2007-12-16,4782,48.88679464,271.6191724,0.00834149681,-0.02784186788,0.008055598475,9.0,2.120476007,4.255450755,7.407230824,11.78144976,1,,,,,0.49829645061889577,0.5744995472818277,0.6287198074000021,1.0068374935401945,0,0,233.77665196848,0,0,1
410.0,rain,medium,1.0,Kashmir,75.54640218,33.15169958,2008-01-06,1200,37.04404653,92.45846509,0.3364379704,-0.3857414424,13.68445492,7.0,2.596991062,2.596991062,2.596991062,16.97579241,1,,,,,1.0,1.0,0.15298202282858853,0.0,0,0,44.452855836000005,1,0,0
416.0,rain,medium,0.0,Kashmir,75.19230051,33.43409891,2008-01-07,1703,35.28768849,61.29253374,0.6032790542,-0.5854474902,4.919126511,7.0,6.05556345,8.759898663,8.759898663,45.11641741,1,,,,,0.6912823632969006,1.0,0.19416210696415756,0.446586884165172,0,0,60.094933498470006,1,0,0
419.0,rain,medium,0.0,Kashmir,75.24528355,33.23738121,2008-01-09,875,32.85292085,219.0045166,0.1671039462,-0.2202363312,7.944568634,7.0,22.34680796,22.34680796,22.34680796,47.62740898,1,,,,,1.0,1.0,0.46920058089626526,0.0,0,0,28.746305743749996,1,0,1
428.0,snowfall_snowmelt,medium,0.0,Kashmir,75.2005989,33.25370152,2008-1-16,670,15.28023151,219.6203408,0.268257767,-0.3222849965,,4.0,5.371487141,23.50770283,57.50246906,65.6661129,1,,,,,0.22849902348369955,0.4088120599738296,0.8756795022657722,3.376386317779328,0,0,10.2377551117,0,0,0
443.0,downpour,medium,0.0,Kashmir,75.21320478,33.33280597,2008-02-03,1488,40.78724992,208.1371663,0.2631290257,-0.3296877742,2.500746965,7.0,0.0,3.142256021,3.142256021,100.2395704,1,,,,,0.0,1.0,0.03134746097235867,0.0,0,0,60.69142788096,1,0,1
452.0,rain,medium,0.0,Kashmir,75.24199719,33.24180017,2008-2-13,827,36.98310401,257.5873576,0.5795305967,-0.5506577492,8.179836273,7.0,0.0,6.010285378,6.010285378,48.53116274,1,,,,,0.0,1.0,0.12384383638610509,0.0,0,0,30.58502701627,1,0,0
481.0,snowfall_snowmelt,medium,25.0,Himachal Pradesh,77.1613013,32.28620144,2008-3-17,2388,41.61113805,165.0067118,0.6511496305,-0.6454626322,0.9140514135,7.0,0.0,5.135344148,5.135344148,12.41198075,1,,,,,0.0,1.0,0.4137409049719965,0.0,0,0,99.3673976634,0,0,0
488.0,rain,medium,2.0,Kashmir,77.26650042,34.21900325,2008-3-30,3379,2.166701657,211.1602426,0.05233136192,-0.1507654786,0.391712606,9.0,3.047153711,4.570730567,6.73754108,6.73754108,1,,,,,0.6666666665937389,0.6783974320494979,1.0,0.5000000001640875,0,0,7.3212848990029995,0,0,0
492.0,rain,medium,0.0,Kashmir,74.99849906,33.93370105,2008-04-05,1590,0.9274099369,0.0,0.3695057929,-0.3900036812,6.991352081,7.0,9.751368284,16.58445525,22.67378706,29.16781777,1,,,,,0.5879824291485244,0.7314373733030904,0.7773563054593919,0.700731094036485,0,0,1.474581799671,0,1,0
516.0,unknown,medium,12.0,Kashmir,75.74539849,33.14629961,2008-05-01,1278,33.05855199,340.9281215,0.5625329018,-0.5609793067,2.345854759,7.0,1.02122438,1.02122438,1.02122438,21.60353535,1,,,,,1.0,1.0,0.04727116943847804,0.0,0,0,42.24882944322,1,1,0
523.0,downpour,medium,0.0,Kashmir,74.98449748,33.95130112,2008-05-05,1596,2.419500107,292.5265818,0.1454045027,-0.1823872328,7.011182785,7.0,4.76798439,10.08704805,13.83456802,59.72661829,1,,,,,0.47268381853301467,0.7291191192538586,0.2316315307326937,1.1155790843518263,0,0,3.861522170772,0,0,0
568.0,rain,medium,0.0,Himachal Pradesh,77.19300105,31.20770097,2008-06-03,863,28.00075771,214.7162521,0.7530508041,-0.6975744963,3.027746201,7.0,0.0,0.0,14.74694157,20.26976824,1,,,,,0.0,0.0,0.7275338028235887,0.0,0,0,24.16465390373,1,0,0
588.0,rain,medium,0.0,Kashmir,75.09439649,32.56589855,2008-6-15,346,10.8066246,115.0892786,0.5288136601,-0.5209366679,10.48916817,7.0,6.253404617,10.75988388,15.6116147,23.46040547,1,,,,,0.5811777047727767,0.6892229975416957,0.6654452208834735,0.7206441193248635,0,0,3.7390921115999998,0,0,0
592.0,rain,medium,0.0,Himachal Pradesh,77.24659945,32.37120083,2008-6-18,3971,7.51810232,119.382353,-0.007048627827,-0.009127235971,0.08035057783,7.0,4.556630611,6.834945917,10.4067471,15.52103591,1,,,,,0.6666666666178978,0.6567802456735015,0.6704930753555611,0.5000000001097301,0,0,29.854384312719997,0,0,0
653.0,rain,medium,14.0,Uttarakhand,80.10000051,29.33000027,2008-7-18,1622,12.5004036,48.91766156,0.5293320417,-0.5604258776,5.987045288,4.0,35.49407387,63.62571335,117.0990658,199.9647913,1,,,,,0.5578573818850552,0.5433494530064816,0.5855984197954153,0.7925728554866501,0,0,20.275654639200003,0,0,0
697.0,rain,medium,0.0,Himachal Pradesh,77.08999582,31.13000113,2008-08-08,1684,27.17915324,203.8991554,0.4905585349,-0.545134306,1.162033677,7.0,15.66091514,21.11376452,47.6853435,102.4543684,1,,,,,0.7417395948110157,0.44277262089975294,0.46543006652315666,0.3481820398906778,0,0,45.769694056160006,1,0,0
715.0,monsoon,medium,0.0,Himachal Pradesh,77.12000111,31.0000005,2008-8-14,1440,28.02313098,54.69789115,0.5160865188,-0.5601782203,1.206344247,7.0,20.32681847,42.64458179,72.87363386,106.6475425,1,,,,,0.47665653212635245,0.5851853342722821,0.6833128279538181,1.0979467029204988,0,0,40.3533086112,1,0,0
717.0,downpour,medium,0.0,Kashmir,74.92769745,33.00000096,2008-8-15,968,24.69231765,189.6668447,0.7623720765,-0.695753336,4.684641361,4.0,0.0,33.18674088,102.8524952,329.2927952,1,,,,,0.0,0.322663449393885,0.3123435942093154,0.0,0,0,23.9021634852,0,0,0
725.0,rain,medium,0.0,Himachal Pradesh,77.16000371,31.1000003,2008-8-17,1962,14.66807271,171.6944872,0.4812481403,-0.5440385342,175.2233429,4.0,12.4178009,44.6878047,80.3504622,109.0580351,1,,,,,0.27787896459366684,0.5561611405391518,0.7367679247688921,2.5986890963922606,0,0,28.77875865702,0,0,0
796.0,downpour,medium,0.0,Himachal Pradesh,77.30000164,30.5599987,2008-9-19,897,6.552460502,9.419649756,0.08641295135,-0.1378223598,13.20971107,4.0,14.12536144,14.12536144,23.17146873,40.915766,1,,,,,1.0,0.6096014717319993,0.5663212740536252,0.0,0,0,5.877557070293999,0,1,0
797.0,downpour,large,38.0,Himachal Pradesh,77.16449848,31.1000003,2008-9-19,1883,15.31098475,229.4276441,0.3457968831,-0.374890238,165.8868408,4.0,0.0,0.0,8.12681675,21.40093637,1,,,,,0.0,0.0,0.379741176250224,0.0,0,0,28.830584284249998,0,0,0
798.0,downpour,medium,6.0,Himachal Pradesh,78.31500452,31.58700102,2008-9-19,2792,25.42429645,271.9515329,0.6667419672,-0.5648804903,1.124491572,9.0,0.0,0.0,14.60398197,27.63256884,1,,,,,0.0,0.0,0.5285061282054875,0.0,0,0,70.9846356884,0,0,0
804.0,rain,medium,0.0,Haryana,77.08000297,30.7000011,2008-9-22,939,31.50843533,79.34754323,0.7077285051,-0.6761023402,1.100900173,7.0,25.57441235,34.09921646,34.09921646,43.75060177,1,,,,,0.7500000001466309,1.0,0.7793999414970789,0.33333333307265617,0,0,29.586420774870003,1,0,0
858.0,downpour,medium,2.0,Kashmir,74.63259861,33.65490021,2008-10-22,3010,44.83693775,186.7391963,0.5252385139,-0.5499731898,1.134512305,7.0,0.0,39.11452866,65.19087982,138.2460451,1,,,,,0.0,0.6000000117807889,0.4715569242711017,0.0,0,0,134.95918262749998,0,0,0
940.0,rain,medium,0.0,Kashmir,75.2470003,33.24499735,2008-12-20,1211,10.99181332,274.7807153,0.4374826849,-0.4786918461,2.83843255,7.0,31.20114946,54.6857028,110.6439052,110.6439052,1,,,,,0.5705540545782288,0.4942495720948215,1.0,0.752682312877841,0,0,13.31108593052,0,0,0
942.0,unknown,medium,1.0,Himachal Pradesh,77.08899698,30.89500204,2008-12-21,1655,33.45827122,11.52664432,0.56800735,-0.5716911554,12.16016006,7.0,18.62998009,21.73497677,21.73497677,28.89008904,1,,,,,0.857142857208584,1.0,0.7523333257958003,0.16666666657720508,0,0,55.3734388691,1,1,0
1072.0,downpour,large,15.0,Uttarakhand,80.20980141,29.58849881,2009-08-08,1640,4.258462806,90.0,0.1159780696,-0.1707836539,19.86385918,4.0,38.90457249,60.72250462,155.3443098,314.8811626,1,,,,,0.6406944630078073,0.39088978990075635,0.4933426582819661,0.5608063714260854,0,0,6.983879001839999,0,0,0
1097.0,continuous_rain,medium,0.0,Uttarakhand,80.1326991,29.40850274,2009-8-17,1646,20.40510258,87.50594412,0.6778227687,-0.6421214342,1.637311697,7.0,58.94232464,95.85460377,173.5616722,341.9181137,1,,,,,0.6149138624726903,0.5522797893969588,0.5076118089265185,0.6262440335607367,0,0,33.586798846680004,0,0,0
1130.0,downpour,medium,3.0,Uttarakhand,78.5658022,29.70360159,2009-09-01,432,30.39457556,335.6041124,0.6681839228,-0.5800254941,1.06324017,7.0,0.0,56.58259964,56.58259964,315.0776358,1,,,,,0.0,1.0,0.17958303989533744,0.0,0,0,13.13045664192,1,1,0
1134.0,rain,medium,0.0,Himachal Pradesh,77.22339429,32.3510011,2009-09-03,3272,11.93173647,174.7972153,0.2569794953,-0.3721671104,0.4953711331,7.0,27.6710434,47.69182014,47.69182014,112.8987751,1,,,,,0.5802052284599596,1.0,0.42242991651377093,0.7235280741166413,0,0,39.040641729840004,0,0,0
1149.0,downpour,medium,0.0,Himachal Pradesh,76.90010054,31.54940188,2009-09-09,861,1.854334169,0.0,0.5718998313,-0.5425184965,14.07085609,4.0,0.0,28.35188293,220.2834396,323.9469452,1,,,,,0.0,0.12870637475736962,0.6799985085952895,0.0,0,0,1.596581719509,0,1,0
1153.0,downpour,medium,0.0,Himachal Pradesh,78.61669838,31.88329937,2009-9-10,3296,29.40437876,329.5086705,0.09433431923,-0.176762253,0.4603001475,9.0,28.94133067,42.43570209,42.43570209,42.43570209,1,,,,,0.6820042851799556,1.0,1.0,0.466266446897965,0,0,96.91683239296,0,1,1
1154.0,downpour,medium,0.0,Himachal Pradesh,77.5795962,32.40349809,2009-9-10,4373,4.627367506,0.0,-0.05050310493,0.05299560353,0.002441520104,9.0,5.505983353,11.47355652,41.58548069,48.19197607,1,,,,,0.4798846236912075,0.27590294327796555,0.8629129594021231,1.083834218958998,0,0,20.235478103737996,0,1,0
1157.0,downpour,small,0.0,Himachal Pradesh,77.16249634,31.10320193,2009-9-12,2032,30.66779271,144.9795921,0.6926863194,-0.6534693241,186.5897217,7.0,0.0,0.0,258.9176941,378.8428879,1,,,,,0.0,0.0,0.6834434599926932,0.0,0,0,62.316954786720004,0,0,0
1384.0,downpour,medium,0.0,Kashmir,74.94890048,33.02890039,2010-01-03,1759,41.06800136,330.8249235,0.1665779799,-0.1673519313,4.429538727,4.0,0.0,0.0,8.18110466,29.14419198,1,,,,,0.0,0.0,0.28071132202307164,0.0,0,0,72.23861439224,1,1,1
1475.0,downpour,medium,0.0,Kashmir,75.80110158,33.15949855,2010-02-06,1134,35.31251983,295.7339005,0.4143538475,-0.4699385464,1.726761699,7.0,4.874398232,4.874398232,19.89952707,23.52687311,1,,,,,1.0,0.2449504561014675,0.8458211585092363,0.0,0,0,40.044397487219996,1,0,0
1487.0,downpour,medium,1.0,Kashmir,74.02249994,34.08760246,2010-02-08,1391,7.844665282,96.74740103,0.6263076067,-0.6303425431,5.314298153,7.0,67.98355007,67.98355007,86.41662765,102.7560549,1,,,,,1.0,0.786695245101942,0.8409881805417581,0.0,0,0,10.911929407261999,0,0,0
1498.0,rain,medium,0.0,Kashmir,74.12130024,34.15100196,2010-2-10,1444,11.20817047,191.3867451,0.3195876181,-0.3312825263,3.060091496,7.0,49.37096024,87.32422543,102.8687086,115.5268714,1,,,,,0.5653753010334603,0.8488900718055674,0.8904310084173196,0.768736621801626,0,0,16.18459815868,0,0,0
1521.0,downpour,medium,2.0,Uttarakhand,78.50939903,30.38299914,2010-2-23,725,7.063613384,229.216866,-0.4088027775,0.7110117674,1.546506643,4.0,0.0,0.0,5.012580395,52.60159338,1,,,,,0.0,0.0,0.09529331856524838,0.0,0,0,5.1211197034,0,0,0
1526.0,downpour,medium,2.0,Kashmir,74.94020077,33.00969951,2010-2-26,1386,30.78374342,218.0000553,0.6729179025,-0.6353572011,4.367264271,4.0,4.140175223,4.140175223,4.140175223,79.60019362,1,,,,,1.0,1.0,0.052012125030305924,0.0,0,0,42.66626838012,1,0,0
1768.0,downpour,medium,0.0,Kashmir,76.34158922,34.38662978,2010-4-20,3268,22.89124234,232.1634724,0.05893417075,-0.1362586617,0.5433402061,9.0,5.598295629,5.598295629,10.71009678,33.56761688,1,,,,,1.0,0.5227119552695583,0.3190603854389558,0.0,0,0,74.80857996712001,0,0,1
1769.0,downpour,medium,0.0,Kashmir,76.34149112,34.38667437,2010-4-20,3260,25.59656578,227.4810804,0.05256199837,-0.1178903803,0.5433402061,9.0,5.598295629,5.598295629,10.71009678,33.56761688,1,,,,,1.0,0.5227119552695583,0.3190603854389558,0.0,0,0,83.4448044428,0,0,1
1871.0,downpour,medium,0.0,Kashmir,75.62329938,34.39509761,2010-5-17,3873,27.97783901,347.1981769,-0.007905383594,0.003964469302,0.2812661231,7.0,15.48680067,49.9033308,87.8384757,132.0182707,1,,,,,0.31033601208038,0.5681261019423632,0.665350903585196,2.222313753716054,0,0,108.35817048573,0,1,1
1901.0,downpour,medium,0.0,Kashmir,74.02559456,34.09000146,2010-5-25,1314,16.32661026,27.84663036,0.4909233153,-0.4782005847,11.07407379,7.0,9.77986145,9.77986145,49.26773834,138.4040961,1,,,,,1.0,0.19850437181647174,0.3559702330226049,0.0,0,0,21.453165881639997,0,1,0
1908.0,rain,medium,0.0,Kashmir,77.60009914,34.56279994,2010-5-27,3117,0.0,0.0,0.009015653282,-0.03241564706,0.01900626346,9.0,0.0,4.962259769,18.23122597,24.37190104,1,,,,,0.0,0.2721846450241766,0.7480428358903266,0.0,0,0,0.0,0,1,0
1946.0,downpour,medium,0.0,Kashmir,74.02559456,34.09009956,2010-06-05,1314,16.32661026,27.84663036,0.4909233153,-0.4782005847,11.07407379,7.0,133.9133797,133.9133797,160.5367317,255.0224848,1,,,,,1.0,0.8341603711619602,0.6295003039669229,0.0,1,0,21.453165881639997,0,1,0
1962.0,downpour,medium,0.0,Himachal Pradesh,77.17235987,31.0990728,2010-06-09,2071,18.68215548,231.5113643,0.4174957573,-0.4690861702,192.4033356,7.0,99.9968605,126.325634,126.325634,126.325634,1,,,,,0.7915801198353772,1.0,1.0,0.263296001177957,0,0,38.69074399908,0,0,0
2040.0,downpour,medium,0.0,Uttarakhand,78.32969726,30.63800176,2010-07-06,905,41.52803343,273.1434912,0.7361952662,-0.6668501496,5.531934738,4.0,129.7547913,129.7547913,234.0347061,234.0347061,1,,,,,1.0,0.5544254245973136,1.0,0.0,1,0,37.58287025415,1,0,0
2041.0,downpour,medium,0.0,Uttarakhand,78.88469481,30.24849928,2010-07-06,929,26.67449429,42.17521758,0.6966044903,-0.6618102193,1.367909908,7.0,64.119133,64.119133,80.59339809,126.0054672,1,,,,,1.0,0.795587908185694,0.639602390919114,0.0,0,0,24.78060519541,1,1,0
2046.0,downpour,medium,0.0,Himachal Pradesh,77.24980108,32.3732966,2010-07-07,3948,7.790474485,325.918294,-0.01734160632,0.01384021249,0.08052168041,7.0,0.0,0.0,0.0,42.09329319,1,,,,,0.0,0.0,0.0,0.0,0,0,30.756793266779997,0,1,0
2047.0,downpour,medium,0.0,Himachal Pradesh,78.07199689,32.21900279,2010-07-07,3597,3.413141369,105.7487605,0.1383663118,-0.2440266162,0.3334175944,9.0,9.648777962,9.648777962,9.648777962,44.96586227,1,,,,,1.0,1.0,0.214580071968005,0.0,0,0,12.277069504293,0,0,0
2048.0,downpour,medium,0.0,Himachal Pradesh,76.8529946,32.65980276,2010-07-07,3669,26.18268971,188.9994026,0.2409567237,-0.2719784081,0.05917047709,9.0,0.0,0.0,0.0,0.0,1,,,,,0.0,0.0,0.0,0.0,0,0,96.06428854599,0,0,1
2049.0,downpour,medium,0.0,Himachal Pradesh,77.95210058,31.50410187,2010-07-07,3587,35.67414292,208.427978,0.2205604166,-0.3695403636,0.06399606913,9.0,81.99653244,81.99653244,129.8859215,177.7753105,1,,,,,1.0,0.6312965369383778,0.7306184482799708,0.0,0,0,127.96315065404,0,0,1
2050.0,downpour,medium,0.0,Himachal Pradesh,78.43540025,31.64500055,2010-07-07,2874,26.04448665,76.59270059,0.1061726436,-0.173951894,0.1329344809,9.0,48.80460262,48.80460262,62.05448246,136.7220483,1,,,,,1.0,0.7864798913029238,0.45387326500432484,0.0,0,0,74.8518546321,0,0,1
2051.0,downpour,medium,0.0,Himachal Pradesh,77.17929824,31.1011017,2010-07-07,2270,22.23075682,283.7471042,0.6114932299,-0.591766119,13.91370201,4.0,199.4525795,199.4525795,227.951932,384.9971759,1,,,,,1.0,0.8749764818839089,0.5920872834122002,0.0,1,0,50.463817981400005,0,0,0
2056.0,downpour,medium,0.0,Himachal Pradesh,77.21060113,32.30400217,2010-7-11,3100,17.85532021,197.2938362,0.7626421452,-0.7309815288,0.2567324042,7.0,0.0,0.0,0.0,21.29440594,1,,,,,0.0,0.0,0.0,0.0,0,0,55.351492650999994,0,0,0
2091.0,downpour,medium,0.0,Himachal Pradesh,77.54350423,30.63579896,2010-7-17,1646,30.54266259,322.7124173,0.675943315,-0.6443399787,1.004412651,7.0,13.31385136,100.1839609,340.0127945,451.0935974,1,,,,,0.13289404052700016,0.29464762067946243,0.7537522067698493,6.524791902138226,0,1,50.27322262314,1,1,0
2103.0,downpour,medium,0.0,Uttarakhand,78.61150353,29.98620158,2010-7-20,1025,35.78134233,164.970696,0.619197309,-0.6477811933,0.6931651831,6.0,62.05520248,62.05520248,182.394928,375.1857834,1,,,,,1.0,0.34022438650267733,0.48614562723327326,0.0,0,0,36.675875888250005,1,0,0
2104.0,downpour,medium,0.0,Uttarakhand,80.12600153,29.3600011,2010-7-20,1380,22.97868216,74.50059436,0.776843369,-0.676184535,0.6051058173,7.0,37.17757225,63.53882122,146.696681,234.1414452,1,,,,,0.5851158635958087,0.4331305983671164,0.626530176555005,0.7090632167354609,0,0,31.7105813808,0,0,0
2105.0,downpour,medium,1.0,Uttarakhand,79.55190118,29.35759764,2010-7-20,1338,4.248813237,270.0,0.2417061329,-0.3222682178,8.648342133,4.0,56.41221619,72.52999115,170.1840591,285.228817,1,,,,,0.7777777895123872,0.42618557539153207,0.5966580126439329,0.2857142663162583,0,0,5.684912111106001,0,0,0
2118.0,downpour,medium,1.0,Uttarakhand,75.20300235,33.38930278,2010-7-22,1556,4.434450612,270.0,0.425411731,-0.4825031757,4.850820065,7.0,33.57326794,47.00257492,93.72508717,133.6249461,1,,,,,0.7142857172642745,0.5014940646013593,0.7014041158142701,0.399999994162022,0,0,6.900005152272,0,0,0
2120.0,downpour,medium,0.0,Kashmir,79.66280349,29.60950118,2010-7-22,1489,23.41786317,261.4018728,0.5572407246,-0.5634099245,12.02193928,4.0,26.17913628,69.81102848,127.6648397,268.8060179,1,,,,,0.37500000859463056,0.5468305027762472,0.47493296726523926,1.6666666055492951,0,0,34.869198260130005,0,0,0
2135.0,downpour,medium,0.0,Himachal Pradesh,76.36409876,32.20670013,2010-7-25,1311,9.162713798,225.3704132,0.681233108,-0.6307144761,4.784786224,7.0,130.9026947,224.6452084,424.3415451,645.7875214,1,,,,,0.58270859918328,0.5293971589490731,0.6570915835909493,0.716123636070572,1,1,12.012317789177999,0,0,0
2136.0,downpour,medium,0.0,Himachal Pradesh,77.09690297,30.90400051,2010-7-25,1445,20.20227443,235.1177418,0.5523190498,-0.5682430863,16.43463516,7.0,120.908041,136.1322489,298.8226318,513.9704247,1,,,,,0.8881660442472863,0.45556204387863236,0.5814004414250492,0.12591559481143202,1,1,29.19228655135,0,0,0
2137.0,downpour,medium,0.0,Himachal Pradesh,77.28890294,30.55890176,2010-7-25,883,11.03895424,240.1411004,0.11998564,-0.1533529758,13.84407902,4.0,73.18729401,95.65033913,237.0990496,451.3516874,1,,,,,0.7651545689820284,0.40341932745562553,0.5253088804559546,0.3069254769404475,0,1,9.747396593920001,0,0,0
2138.0,downpour,medium,0.0,Himachal Pradesh,77.16750391,31.09309761,2010-7-25,1920,26.00028668,195.7419466,0.3452976346,-0.4160844982,10.92442608,4.0,55.29340744,72.73439598,225.7105293,440.7260141,1,,,,,0.7602098937510143,0.32224635778212235,0.5121334390957614,0.31542618455781674,0,1,49.9205504256,1,0,0
2139.0,downpour,medium,2.0,Himachal Pradesh,77.17269877,31.10540027,2010-7-25,2199,20.89802234,43.88509068,0.2380951345,-0.3169685304,211.3073883,4.0,55.29340744,72.73439598,225.7105293,440.7260141,1,,,,,0.7602098937510143,0.32224635778212235,0.5121334390957614,0.31542618455781674,0,1,45.95475112566,0,1,1
2161.0,downpour,medium,0.0,Uttarakhand,78.45169826,30.74670126,2010-7-29,1174,20.14859954,77.25596783,0.5878775716,-0.5682473183,3.788622618,7.0,81.01282501,188.3612061,304.8350334,564.6824188,1,,,,,0.4300929405123404,0.6179119374800837,0.5398344684571574,1.325078851117082,0,1,23.65445585996,0,0,0
2162.0,downpour,medium,0.0,Uttarakhand,79.3425999,30.40539721,2010-7-29,1052,39.57189005,340.0828408,0.1851444244,-0.1669293493,5.749558449,7.0,34.70096111,91.89253902,165.2205458,292.1910791,1,,,,,0.37762544685425975,0.5561810643770432,0.5654537650804,1.6481266247556103,0,0,41.6296283326,1,1,1
2183.0,downpour,medium,0.0,Himachal Pradesh,77.13249997,31.06550023,2010-7-31,1861,34.96618903,283.3839815,0.6875200868,-0.6465870142,4.531736374,4.0,23.22540283,228.5419922,297.8972168,602.6133499,1,,,,,0.10162422496814132,0.7671840464136891,0.4943422127130676,8.840173445981948,0,1,65.07207778483,1,0,0
2198.0,downpour,medium,0.0,Himachal Pradesh,77.41380236,32.75710035,2010-08-04,4884,9.357350627,207.8559182,-0.01624913886,0.00897213351,0.004040925298,9.0,4.817196369,4.817196369,49.78919649,78.51579142,1,,,,,1.0,0.09675183992912034,0.6341297156856704,0.0,0,0,45.701300462268,0,0,0
2202.0,downpour,medium,5.0,Uttarakhand,79.33509969,30.40679737,2010-08-05,1002,36.81164853,185.7573586,0.5262595415,-0.551515162,5.443369389,7.0,42.44707489,146.5499601,238.4424992,384.2132263,1,,,,,0.2896423503700429,0.6146134208108485,0.6205994038680495,2.452533784242582,0,0,36.88527182706,1,0,0
2206.0,downpour,large,182.0,Kashmir,77.4870966,34.14160218,2010-08-06,3189,8.578389292,164.9707173,0.04218300432,-0.1080051959,2.015679121,9.0,22.50573468,22.50573468,57.96774793,57.96774793,1,,,,,1.0,0.3882458001849098,1.0,0.0,0,0,27.356483452188005,0,0,0
2207.0,downpour,very_large,234.0,Kashmir,77.6538001,34.14810355,2010-08-06,3758,5.547544895,180.0,0.2696130276,-0.3867883086,0.3138296008,9.0,21.22812819,21.22812819,59.30592132,59.30592132,1,,,,,1.0,0.35794281106364234,1.0,0.0,0,0,20.847673715409996,0,0,0
2208.0,downpour,large,0.0,Kashmir,77.35040286,34.21160114,2010-08-06,3317,42.60008862,128.0348364,0.07021341473,-0.1675361395,0.1700970978,9.0,27.26562238,27.26562238,92.00396466,92.00396466,1,,,,,1.0,0.29635268959071404,1.0,0.0,0,0,141.30449395254,0,0,1
2209.0,downpour,large,0.0,Kashmir,77.51010111,34.20799819,2010-08-06,3784,9.310805061,107.2300002,0.1503277421,-0.2568368316,0.3146003783,9.0,40.31436396,40.31436396,129.5529428,129.5529428,1,,,,,1.0,0.31118061148357024,1.0,0.0,0,0,35.232086350824,0,0,0
2210.0,downpour,very_large,0.0,Kashmir,77.55280146,34.1619,2010-08-06,3643,24.20390049,205.7996206,0.05199786276,-0.1431755871,2.726959229,9.0,22.50573468,22.50573468,57.96774793,57.96774793,1,,,,,1.0,0.3882458001849098,1.0,0.0,0,0,88.17480948507,0,0,1
2211.0,downpour,large,0.0,Kashmir,77.32650208,34.30609841,2010-08-06,4043,17.25686204,297.9693992,0.07380926609,-0.161248669,0.07077653706,9.0,10.34895313,10.34895313,39.60864246,39.60864246,1,,,,,1.0,0.2612801774373158,1.0,0.0,0,0,69.76949322772,0,0,0
2212.0,downpour,large,0.0,Kashmir,77.59709817,34.14820165,2010-08-06,3563,23.36896698,193.0817501,0.04847231135,-0.1275252104,1.67845428,9.0,20.8995862,20.8995862,55.5741353,55.5741353,1,,,,,1.0,0.3760667815554838,1.0,0.0,0,0,83.26362934974,0,0,1
2213.0,downpour,large,11.0,Kashmir,77.58740408,34.11140068,2010-08-06,3231,2.780288516,0.0,0.08459471166,-0.1589183807,1.908077121,9.0,10.51183605,10.51183605,29.26150608,29.26150608,1,,,,,1.0,0.3592376968314954,1.0,0.0,0,0,8.983112195196002,0,1,0
2215.0,downpour,medium,0.0,Himachal Pradesh,77.24680457,32.37100017,2010-08-06,3969,6.812700984,285.7236908,-0.01257071551,0.001471623546,0.08035057783,7.0,38.18976593,53.19855499,116.5109482,167.3694363,1,,,,,0.7178722417775957,0.4565970478472168,0.6961303734760802,0.3930055263368303,0,0,27.039610205496,0,0,0
2226.0,downpour,medium,0.0,Uttarakhand,75.76270426,33.33400101,2010-08-09,1612,4.315405751,210.8987702,0.4709663093,-0.5208632946,1.338478923,7.0,18.39157104,47.34637833,87.28025055,175.7567358,1,,,,,0.3884472622554655,0.5424638223612431,0.4965969022622233,1.5743520348003943,0,0,6.9564340706120005,0,0,0
2227.0,downpour,medium,0.0,Uttarakhand,79.53060006,30.64630014,2010-08-09,2051,26.59832339,52.10304352,0.6626967192,-0.6276561618,0.7240485549,7.0,0.0,139.6525059,300.4802055,440.0561943,1,,,,,0.0,0.4647644115778535,0.6828223517634506,0.0,0,1,54.55316127289,0,0,0
2228.0,downpour,medium,0.0,Uttarakhand,78.34750245,30.67849931,2010-08-09,949,37.34443544,150.4387379,0.4083626568,-0.4512135684,2.725782633,7.0,74.19651794,221.3048,405.5191212,713.4983711,1,,,,,0.33526845301141234,0.5457320960479533,0.5683532543666657,1.9826844459056832,0,1,35.43986923256,1,0,0
2229.0,downpour,medium,1.0,Kashmir,78.36840225,30.51510001,2010-08-09,826,22.60496643,54.32499906,0.4354598224,-0.44935444,1.703456163,7.0,32.76087952,145.5307913,268.5336199,519.6614141,1,,,,,0.22511304465091575,0.5419462611578938,0.5167472754641069,3.442212585017925,0,1,18.671702271180003,0,0,0
2234.0,downpour,medium,0.0,Himachal Pradesh,77.11039621,31.95799823,2010-8-11,1232,1.433324484,130.3124664,0.2284738719,-0.3532932103,8.523755074,7.0,26.92288589,69.50293255,121.281167,364.5905724,1,,,,,0.38736330831266486,0.5730727553932591,0.3326503101866822,1.5815558121804303,0,0,1.7658557642879997,0,0,0
2241.0,rain,medium,0.0,Himachal Pradesh,78.6178622,30.80199857,2010-8-13,1629,33.61723338,166.8925451,0.3268329501,-0.4644767046,1.426962495,7.0,23.53434181,97.49941635,317.0687981,553.6003666,1,,,,,0.24137930965163157,0.3075023999026538,0.5727395016865944,3.14285715475465,0,1,54.76247317602,1,0,0
2242.0,downpour,medium,0.0,Uttarakhand,76.99099932,30.85219913,2010-8-13,1244,13.88824263,97.52384013,0.6463620663,-0.631608367,3.438817501,4.0,101.5877609,152.2045784,271.2577782,584.0680857,1,,,,,0.6674422147343236,0.5611067797207224,0.46442835149073447,0.4982570444664658,1,1,17.27697383172,0,0,0
2246.0,downpour,medium,2.0,Himachal Pradesh,77.09580157,30.90120019,2010-8-14,1403,13.24987864,74.03854441,0.8245883584,-0.7480949759,15.70255756,7.0,54.05412674,144.6357307,237.3000164,581.8699007,1,,,,,0.37372595608562165,0.6095057762499169,0.4078231510420522,1.6757574198857552,0,1,18.58957973192,0,0,0
2257.0,downpour,medium,0.0,Uttarakhand,79.49709883,30.72840111,2010-8-16,3062,22.18331606,236.2342019,0.5969733596,-0.5772448182,0.2732054591,7.0,41.93262863,41.93262863,195.6033344,419.4196949,1,,,,,1.0,0.21437583750106054,0.4663665936017541,0.0,0,1,67.92531377572,0,0,0
2268.0,downpour,large,18.0,Uttarakhand,79.92610003,30.01339763,2010-8-18,1702,22.29271057,50.82088859,0.5884793401,-0.5991675258,0.8711296916,4.0,49.53808212,49.53808212,166.1098232,421.8959656,1,,,,,1.0,0.2982248801767432,0.39372223662714256,0.0,0,1,37.942193390140005,0,0,0
2290.0,downpour,medium,0.0,Uttarakhand,79.02639612,30.65090193,2010-8-20,1985,33.3999714,267.1856377,0.690739572,-0.605661869,0.8234710693,7.0,25.97656441,77.92969322,158.7446423,608.7176676,1,,,,,0.33333333337610693,0.4909122732641667,0.2607853373566186,1.9999999996150375,0,1,66.298943229,1,0,0
2291.0,downpour,medium,0.0,Uttarakhand,78.41509796,30.96599985,2010-8-20,2428,53.53674291,257.5656555,0.5380165577,-0.5846148133,0.4435012341,7.0,68.05470276,99.08674812,238.8609085,659.4188156,1,,,,,0.6868194188548974,0.4148303242344906,0.3622294403029163,0.45598678859030256,0,1,129.98721178548,0,0,0
2292.0,downpour,medium,0.0,Uttarakhand,78.61859796,30.81830105,2010-8-20,1609,21.4291082,54.73037792,0.3731324971,-0.4432783127,3.815018892,7.0,54.96814156,73.29085541,138.8658094,495.5630159,1,,,,,0.7500000000341106,0.5277818616884108,0.2802182667885406,0.33333333327269227,0,1,34.47943509380001,0,0,0
2293.0,downpour,medium,0.0,Uttarakhand,78.64369824,30.7221004,2010-8-20,3286,41.53589445,224.5465511,0.8076699376,-0.784834981,0.09605431557,7.0,72.9920578,87.59046936,184.823245,628.528161,1,,,,,0.8333333333333333,0.4739147901012127,0.29405722204386636,0.20000000000000004,0,1,136.4869491627,0,0,0
2294.0,downpour,medium,0.0,Uttarakhand,78.83709837,30.38459996,2010-8-20,2172,6.464860749,0.0,0.2282839864,-0.2983339727,1.600059032,7.0,49.80385208,49.80385208,125.4349241,472.6083431,1,,,,,1.0,0.3970493260736146,0.2654098809962375,0.0,0,1,14.041677546828,0,1,0
2305.0,downpour,medium,0.0,Himachal Pradesh,77.77549788,31.53039719,2010-8-21,1239,22.75803145,295.1171912,0.6832485795,-0.666990459,3.368414402,9.0,34.86203003,57.94271851,141.4433098,425.3040123,1,,,,,0.6016636934972832,0.40965329920468246,0.3325698928516786,0.6620580746485003,0,1,28.19720096655,0,0,0
2309.0,downpour,medium,1.0,Haryana,79.67239947,30.42379992,2010-8-22,5056,48.94135458,94.04297313,-0.01838274859,0.02107491158,0.05215783045,7.0,0.0,34.89582443,62.27996826,356.7740126,1,,,,,0.0,0.5603057516715568,0.17456419486983676,0.0,0,0,247.44748875648003,0,0,1
2310.0,downpour,medium,0.0,Uttarakhand,77.06659892,30.40839818,2010-8-22,301,0.9274099369,180.0,0.3352390826,-0.3991336226,2.234534979,7.0,54.74129105,144.9550056,308.618763,527.3525467,1,,,,,0.37764333024178093,0.4696895424987495,0.5852228550544326,1.6480012221048994,0,1,0.27915039100690003,0,0,0
2339.0,downpour,medium,0.0,Himachal Pradesh,78.06410428,30.36499775,2010-8-26,776,3.715081822,299.9081624,0.2705649734,-0.2951335609,40.63285065,7.0,151.5863342,288.670208,456.7250366,908.7821026,1,,,,,0.5251194269413489,0.6320437568935322,0.5025682562336148,0.9043287082800897,1,1,2.882903493872,0,0,0
2340.0,downpour,medium,0.0,Uttarakhand,75.95680447,32.70289998,2010-8-26,1995,41.19582198,98.50819676,0.5749408603,-0.582418263,0.9323754311,4.0,53.69686508,190.2952671,242.7068033,489.8734941,1,,,,,0.2821765664396811,0.784054111844503,0.4954479191528889,2.543880388854909,0,1,82.1856648501,1,0,0
2378.0,downpour,medium,0.0,Uttarakhand,78.38960082,30.13500178,2010-09-03,373,5.653069406,49.14527804,0.1852749884,-0.2351841629,2.148894072,7.0,114.9809418,181.2312622,317.5858154,529.2033834,1,,,,,0.634443199281542,0.5706528862812681,0.6001205308998409,0.5761852300291387,1,1,2.108594888438,0,0,0
2379.0,downpour,medium,0.0,Uttarakhand,78.98290205,30.28509958,2010-09-03,651,9.255536064,6.605659996,0.3181288242,-0.3489864469,11.22694588,7.0,28.03042412,87.89925575,137.8489437,234.0775928,1,,,,,0.31889262179560607,0.6376491062658756,0.5889027738668714,2.1358517935261268,0,0,6.0253539776639995,0,1,0
2380.0,downpour,medium,0.0,Uttarakhand,79.02780074,30.40079987,2010-09-03,1023,25.25389797,84.09088379,0.5519143939,-0.5620706677,6.161543369,7.0,59.39830971,97.56360435,97.56360435,239.7300205,1,,,,,0.6088162702242355,1.0,0.4069728277940059,0.6425316616976845,0,0,25.83473762331,1,0,0
2389.0,downpour,medium,0.0,Uttarakhand,79.38880064,30.50039836,2010-09-04,2139,35.8992531,317.5599382,0.8103574514,-0.7399909496,0.1093022674,7.0,63.93435669,142.7378616,142.7378616,276.2588253,1,,,,,0.44791449145543316,1.0,0.5166816352201437,1.232568981527356,0,0,76.78850238090001,0,1,0
2390.0,downpour,medium,0.0,Uttarakhand,78.62299909,30.79600108,2010-09-04,1876,15.70278673,290.2107617,0.8106402755,-0.756100297,0.6362124085,7.0,63.57370377,63.57370377,165.2002945,413.2636833,1,,,,,1.0,0.38482802928659426,0.39974549222627037,0.0,0,1,29.45842790548,0,0,0
2391.0,downpour,medium,0.0,Uttarakhand,78.33989522,30.89869864,2010-09-04,1904,47.53350399,353.0579624,0.6056842208,-0.519048214,0.6193025112,7.0,48.57941818,171.3261986,287.2663002,526.2212315,1,,,,,0.2835492678701155,0.5964020091487223,0.5459040475830743,2.526723971151521,0,1,90.50379159696,1,1,0
2397.0,downpour,medium,0.0,Himachal Pradesh,77.14949806,32.0987007,2010-09-06,1591,6.35235079,316.6391424,0.7059754729,-0.6737300754,6.538250446,7.0,29.2250061,78.70459938,90.27171135,250.1519613,1,,,,,0.3713252634562867,0.871863380044362,0.36086749382604183,1.6930567306194677,0,0,10.10659010689,0,1,0
2414.0,downpour,medium,0.0,Haryana,76.98439985,30.70590049,2010-9-11,767,10.81530079,99.75715848,0.7003381252,-0.6677684188,1.015586615,4.0,41.5909462,122.0871086,218.5127163,392.7038517,1,,,,,0.34066615776991216,0.5587185527106094,0.556431304032458,1.935425128654563,0,0,8.29533570593,0,0,0
2416.0,downpour,medium,0.0,Uttarakhand,78.4403008,30.7332972,2010-9-12,1466,40.43180914,188.9008229,0.7215046287,-0.7081902623,3.412759781,7.0,97.34723663,220.8124084,473.481781,690.9680786,1,,,,,0.44085944868485927,0.4663588278595243,0.6852440737339729,1.2682966260179502,0,1,59.27303219924,1,0,0
2427.0,downpour,medium,0.0,Himachal Pradesh,77.21949703,32.3109004,2010-9-13,3388,30.77665927,324.6281399,0.2329277992,-0.124714382,0.3251068294,7.0,0.0,0.0,40.31135559,105.6395054,1,,,,,0.0,0.0,0.3815935661319368,0.0,0,0,104.27132160676,0,1,1
2432.0,downpour,medium,0.0,Himachal Pradesh,77.89499733,31.41350186,2010-9-15,3838,54.05620551,3.942947457,0.08070467412,-0.05270779133,0.5605778098,7.0,0.0,53.83430862,96.07678604,139.6307068,1,,,,,0.0,0.5603258689105917,0.6880777748809619,0.0,0,0,207.46771674737997,0,1,1
2440.0,downpour,very_large,0.0,Uttarakhand,79.49970295,30.75402311,2010-9-17,3145,15.05209603,302.8029453,0.2009920925,-0.3027369976,0.3945244253,7.0,0.0,0.0,0.0,130.2344398,1,,,,,0.0,0.0,0.0,0.0,0,0,47.33884201435,0,0,0
2443.0,downpour,medium,4.0,Uttarakhand,79.53430111,29.60419931,2010-9-18,1788,2.977266995,20.97583263,0.3448160887,-0.3976206481,0.78481251,7.0,20.71163559,82.84654236,145.5092468,326.3261375,1,,,,,0.25,0.5693558600703306,0.44590129345676455,3.0,0,0,5.323353387059999,0,1,0
2444.0,downpour,medium,0.0,Uttarakhand,79.53710143,29.24839872,2010-9-18,490,2.318273359,113.5694255,0.2684737742,-0.2904735804,31.32933044,4.0,0.0,107.319252,201.7800426,495.9968004,1,,,,,0.0,0.5318625698416817,0.4068172263153172,0.0,0,1,1.1359539459099999,0,0,0
2445.0,downpour,large,24.0,Uttarakhand,78.60069912,30.1454004,2010-9-18,487,23.04392255,197.9414965,0.1162502617,-0.196162641,5.165060043,4.0,0.0,83.72859192,193.0165291,476.408287,1,,,,,0.0,0.4337897500820824,0.4051493946829687,0.0,0,1,11.22239028185,0,0,1
2452.0,downpour,medium,0.0,Himachal Pradesh,77.91369434,30.1977012,2010-9-19,520,13.78394463,142.3554823,0.4736284018,-0.4949663281,1.356271982,7.0,0.0,63.6578331,280.7013206,682.2265387,1,,,,,0.0,0.22678138087819172,0.41144884386186953,0.0,0,1,7.1676512076,0,0,0
2453.0,downpour,medium,0.0,Himachal Pradesh,79.49400422,29.61309967,2010-9-19,1715,25.08656575,61.04673111,0.6546405554,-0.6343286037,1.246611357,4.0,106.547905,200.7879505,260.3693218,471.3409481,1,,,,,0.5306488996708993,0.7711659311930503,0.5524012349225383,0.8844852040966924,1,1,43.023460261249994,1,0,0
2454.0,downpour,medium,0.0,Himachal Pradesh,79.53220533,30.9012983,2010-9-19,5775,56.63517381,78.93788481,-0.01032712124,0.00447165966,0.009726488031,9.0,205.1586304,205.1586304,205.1586304,225.2926064,1,,,,,1.0,1.0,0.9106318830354656,0.0,1,0,327.06812875275,0,0,1
2455.0,downpour,medium,0.0,Himachal Pradesh,78.42649988,30.10349823,2010-9-19,700,38.51200581,159.3472226,0.7361784577,-0.697729528,0.6400857568,7.0,0.0,69.0749588,248.9986229,662.4018898,1,,,,,0.0,0.27741100732007307,0.3759026457113226,0.0,0,1,26.958404067,1,0,0
2456.0,downpour,medium,0.0,Himachal Pradesh,79.43559891,30.79910016,2010-9-19,4148,28.99648388,242.1392808,0.07675480843,-0.1180295572,0.04658617452,7.0,132.125946,172.1079445,172.1079445,263.8390007,1,,,,,0.7676923130065039,1.0,0.6523218479579392,0.3026052014038182,1,0,120.27741513424,0,0,1
2457.0,downpour,medium,0.0,Himachal Pradesh,77.97959986,31.56299768,2010-9-19,1558,50.36384988,11.80493649,0.513256371,-0.510989964,2.952478647,9.0,0.0,0.0,79.35762024,149.8586273,1,,,,,0.0,0.0,0.5295498942555709,0.0,0,0,78.46687811303998,1,1,0
2458.0,downpour,medium,0.0,Himachal Pradesh,78.77559844,30.90149895,2010-9-19,5200,45.33488013,237.0444803,0.00434732344,-0.02839704603,0.03064219654,,30.76639366,30.76639366,147.9039974,327.8283749,1,,,,,1.0,0.20801597117617862,0.45116289108627744,0.0,0,0,235.74137667600002,0,0,1
2459.0,downpour,medium,0.0,Himachal Pradesh,79.32109811,29.5477025,2010-9-19,855,27.03853352,10.50353957,0.6970508099,-0.6444275975,1.546770334,7.0,93.40499115,184.5499573,276.2050896,598.3774815,1,,,,,0.506123071045544,0.6681627683518254,0.4615900466501763,0.9758040231878978,0,1,23.1179461596,1,1,0
2460.0,downpour,medium,0.0,Himachal Pradesh,77.18890314,31.98430246,2010-9-19,2288,39.13570116,206.4637038,0.3647501767,-0.5094447732,1.088352799,7.0,0.0,0.0,0.0,72.34842587,1,,,,,0.0,0.0,0.0,0.0,0,0,89.54248425408001,0,0,0
2461.0,downpour,medium,1.0,Himachal Pradesh,78.21140177,31.45819988,2010-9-19,3044,23.57982655,270.0,0.7461182475,-0.6271293759,0.1858427078,7.0,0.0,0.0,47.2699852,94.60771561,1,,,,,0.0,0.0,0.4996419678375955,0.0,0,0,71.7769920182,0,0,0
2462.0,downpour,medium,0.0,Himachal Pradesh,77.11029811,30.90859784,2010-9-19,1572,20.54193677,30.23187562,0.2284118235,-0.2870797515,21.39668655,7.0,0.0,0.0,184.7977753,373.8773346,1,,,,,0.0,0.0,0.4942738117508769,0.0,0,0,32.29192460244,0,1,1
2463.0,downpour,medium,0.0,Uttarakhand,77.50920037,31.11909863,2010-9-19,1561,31.23109563,171.0298313,0.3471467495,-0.4857852161,12.04228973,7.0,0.0,0.0,159.6561241,288.6104889,1,,,,,0.0,0.0,0.5531889180760817,0.0,0,0,48.75174027843,1,0,0
2464.0,downpour,medium,0.0,Uttarakhand,77.50630195,30.95439727,2010-9-19,2582,14.62360416,60.24263263,0.7640387416,-0.7053191662,0.09287475049,7.0,0.0,0.0,117.2547989,339.921669,1,,,,,0.0,0.0,0.3449465261951276,0.0,0,0,37.75814594112,0,0,0
2465.0,downpour,medium,0.0,Uttarakhand,77.41530062,31.41610151,2010-9-19,1905,21.5682277,19.62765597,0.6081221104,-0.6078552604,1.593971491,7.0,0.0,0.0,97.30905914,251.2618752,1,,,,,0.0,0.0,0.38728143321601705,0.0,0,0,41.0874737685,0,1,0
2466.0,downpour,medium,0.0,Uttarakhand,76.95760511,30.87409778,2010-9-19,1279,32.78090217,301.8619825,0.6760706306,-0.6456352472,3.555619955,7.0,0.0,0.0,231.1728516,438.1253929,1,,,,,0.0,0.0,0.5276408428871049,0.0,0,1,41.926773875429994,1,0,0
2467.0,downpour,medium,0.0,Uttarakhand,77.16950159,30.71979951,2010-9-19,1130,14.26413437,162.7664126,0.5632189512,-0.5919377804,2.185264587,4.0,0.0,0.0,189.0493793,305.2257595,1,,,,,0.0,0.0,0.6193755717397109,0.0,0,0,16.1184718381,0,0,0
2468.0,downpour,medium,0.0,Uttarakhand,77.09649719,30.90350109,2010-9-19,1417,25.60669917,222.0055793,0.3529107571,-0.4517424107,15.31701374,7.0,0.0,0.0,184.7977753,373.8773346,1,,,,,0.0,0.0,0.4942738117508769,0.0,0,0,36.28469272389,1,0,0
2469.0,downpour,medium,0.0,Uttarakhand,77.46679878,30.90090144,2010-9-19,2470,30.79169209,333.6911982,0.7702658176,-0.7146072984,0.1364288628,9.0,0.0,0.0,179.9736023,407.3363228,1,,,,,0.0,0.0,0.4418304782222088,0.0,0,1,76.0554794623,0,1,0
2470.0,downpour,medium,2.0,Uttarakhand,78.07669678,30.43260218,2010-9-19,1419,23.7174283,280.6163347,0.775908649,-0.6858395338,4.422263622,4.0,0.0,31.51133156,337.1960773,1042.533846,1,,,,,0.0,0.09345106210107147,0.3234389737980747,0.0,0,1,33.655030757700004,0,0,0
2471.0,downpour,medium,0.0,Uttarakhand,80.05800023,29.79109807,2010-9-19,1447,20.83556961,303.570014,0.6539787054,-0.6211277843,1.498232961,7.0,125.9339294,180.581955,243.1776352,460.5048885,1,,,,,0.6973782590846356,0.7425927752421864,0.5280674348367965,0.4339420350049047,1,1,30.14906922567,0,0,0
2475.0,downpour,medium,0.0,Himachal Pradesh,77.71550068,31.15809792,2010-9-20,1758,28.25178309,129.2435251,0.3681628704,-0.490455538,2.688562632,7.0,0.0,0.0,118.3195648,194.1976128,1,,,,,0.0,0.0,0.6092740435581708,0.0,0,0,49.666634672220006,1,0,0
2476.0,downpour,medium,0.0,Himachal Pradesh,79.48410055,29.39870164,2010-9-20,2280,25.9851585,97.63412455,0.6374804378,-0.6358461976,1.871601582,4.0,150.028183,236.361084,387.9194107,758.979187,1,,,,,0.6347414746160159,0.6093046067828541,0.5111067830902193,0.5754445549740477,1,1,59.246161380000004,0,0,0
2478.0,downpour,medium,0.0,Himachal Pradesh,78.44010014,30.7331991,2010-9-20,1441,40.92137892,166.1741737,0.6841931343,-0.6736787558,3.412759781,7.0,0.0,0.0,220.8124084,592.6343307,1,,,,,0.0,0.0,0.3725946961918047,0.0,0,1,58.96770702372,1,0,0
2479.0,downpour,medium,0.0,Uttarakhand,78.28440171,31.56990037,2010-9-20,2306,37.39049741,304.8800395,0.4864910245,-0.4538727701,0.2737004757,9.0,0.0,0.0,33.52494431,80.63847351,1,,,,,0.0,0.0,0.41574378644261617,0.0,0,0,86.22248702746,0,0,0
2480.0,downpour,medium,0.0,Uttarakhand,77.11789641,31.94400111,2010-9-20,1347,24.19836748,257.517993,0.6202546358,-0.6266616583,7.895431042,7.0,0.0,0.0,0.0,98.80586529,1,,,,,0.0,0.0,0.0,0.0,0,0,32.59520099556,0,0,0
2488.0,downpour,medium,0.0,Himachal Pradesh,77.10379674,31.02149782,2010-9-22,1692,35.40542762,79.50261228,0.4193332493,-0.4451057315,1.205998778,7.0,41.99423599,41.99423599,237.5809135,433.9937344,1,,,,,1.0,0.17675761647410282,0.547429362841972,0.0,0,1,59.90598353303999,1,0,0
2492.0,downpour,medium,0.0,Kashmir,75.17707268,33.27139969,2010-9-23,1146,48.42106878,274.943262,0.4080142081,-0.3762352169,1.690073729,7.0,35.87011337,35.87011337,63.82519531,169.234437,1,,,,,1.0,0.5620055402224511,0.37714070753814716,0.0,0,0,55.49054482188,1,0,0
2502.0,downpour,medium,0.0,Kashmir,75.23819804,33.241002,2010-9-25,732,13.16746415,194.3705668,0.07947633415,-0.1520219445,7.494973183,7.0,41.65919876,41.65919876,68.95125961,133.1071472,1,,,,,1.0,0.6041832882478361,0.5180132025998374,0.0,0,0,9.638583757800001,0,0,0
2538.0,continuous_rain,medium,0.0,Himachal Pradesh,76.81799957,30.91410037,2010-10-03,428,3.858420848,196.2458869,0.2557286322,-0.3679535091,6.164227962,4.0,0.0,0.0,145.5928116,392.3217239,1,,,,,0.0,0.0,0.37110565826609837,0.0,0,0,1.6514041229440002,0,0,0
2546.0,downpour,medium,0.0,Himachal Pradesh,77.17920014,30.95459793,2010-10-04,1864,37.99735984,335.746962,0.7848115563,-0.7054610252,0.8180151582,4.0,0.0,0.0,153.0225563,363.6668129,1,,,,,0.0,0.0,0.42077679588012795,0.0,0,0,70.82707874176,1,1,0
2594.0,downpour,medium,0.0,Kashmir,75.80619833,33.18470139,2010-10-12,982,20.46378495,260.0075208,0.1953109205,-0.2667244971,2.024087906,7.0,0.0,0.0,0.0,64.37195587,1,,,,,0.0,0.0,0.0,0.0,0,0,20.0954368209,0,0,1
2596.0,rain,medium,0.0,Himachal Pradesh,78.26190108,31.51580255,2010-10-14,1899,44.2982923,344.1908325,0.1760299653,-0.1657132953,1.991736054,7.0,0.0,0.0,0.0,107.8801193,1,,,,,0.0,0.0,0.0,0.0,0,0,84.1224570777,1,1,1
2645.0,downpour,medium,3.0,Kashmir,74.02269614,34.0886994,2010-10-21,1394,21.00040183,104.656186,0.5540015697,-0.5834013224,5.447740078,7.0,0.0,0.0,0.0,36.93595314,1,,,,,0.0,0.0,0.0,0.0,0,0,29.274560151020005,0,0,0
2648.0,downpour,medium,1.0,Kashmir,74.9396969,33.01069834,2010-10-22,1428,36.33100897,231.9509379,0.4359036684,-0.3814508915,4.009647846,4.0,8.496903419,8.496903419,8.496903419,54.48717594,1,,,,,1.0,1.0,0.15594317878314323,0.0,0,0,51.88068080916,1,0,0
3097.0,downpour,medium,0.0,Kashmir,75.17240846,33.35406696,2011-02-07,1297,33.88209581,231.1884038,0.2734926343,-0.3085698187,6.742837906,7.0,38.00735474,41.82832909,52.48942947,97.50302076,1,,,,,0.90865104026081,0.7968905265755787,0.5383364439467034,0.10053249893707285,0,0,43.945078265570004,1,0,1
3113.0,rain,medium,0.0,Kashmir,74.1872013,33.57699972,2011-2-13,1382,13.59905198,242.0682496,0.4079357386,-0.517320931,2.389714479,7.0,24.62093258,42.11546421,53.42428517,80.79491544,1,,,,,0.5846055134815289,0.7883205938270489,0.6612332580467145,0.7105551982304318,0,0,18.79388983636,0,0,0
3114.0,snowfall_snowmelt,medium,0.0,Kashmir,75.81009558,33.18040281,2011-2-13,1161,28.2818086,256.0724562,0.3622827232,-0.4378650486,2.085791588,7.0,16.1846137,40.05245304,46.02542019,65.82267809,1,,,,,0.40408545473698154,0.8702246035920439,0.6992334788789509,1.4747240670934274,0,0,32.8351797846,1,0,0
3115.0,snowfall_snowmelt,medium,0.0,Kashmir,75.18270007,33.30370142,2011-2-13,1124,12.61528019,322.714083,0.09991171956,-0.1288724989,3.644085169,7.0,17.68161964,65.46159554,80.74549294,136.4201846,1,,,,,0.2701067625092598,0.8107151638623707,0.5918881665257621,2.702239776265202,0,0,14.17957493356,0,1,0
3116.0,downpour,medium,0.0,Kashmir,75.19210431,33.33875887,2011-2-13,1226,30.93305007,255.9297262,0.1308038384,-0.1807055473,3.265741348,9.0,16.17850113,59.32392502,73.55359554,129.2484045,1,,,,,0.2727146109187096,0.8065401097589905,0.5690870678407486,2.6668369055520778,0,0,37.92391938582,1,0,1
3117.0,downpour,medium,0.0,Kashmir,74.94370117,33.01649963,2011-2-13,1857,24.89412193,131.5119165,0.4474021196,-0.5316861272,2.824498653,4.0,17.62021065,37.67281818,45.91501331,63.3970499,1,,,,,0.4677168181528383,0.8204901940384519,0.7242452666555388,1.1380458456664364,0,0,46.22838442401,0,0,0
3127.0,downpour,medium,0.0,Kashmir,75.1773982,33.33079937,2011-2-16,1826,33.67652894,341.3463949,0.6383569837,-0.5389217734,2.34163928,7.0,29.46936607,47.15098572,110.214859,120.8759594,1,,,,,0.6249999998939576,0.42780969959776477,0.9118013172104759,0.6000000002714684,0,0,61.493341844439996,1,1,0
3128.0,downpour,medium,0.0,Kashmir,75.24400379,33.2608985,2011-2-16,1486,37.06801347,160.5397229,0.4653445184,-0.5026519299,2.219468355,7.0,19.67120361,31.47392559,68.55622005,80.00279522,1,,,,,0.6250000036935335,0.45909657164652856,0.8569228095278043,0.5999999905445542,0,0,55.08306801641999,1,0,0
3141.0,downpour,medium,0.0,Uttarakhand,79.22930306,30.47490122,2011-2-23,2901,46.34326511,149.879965,0.6036303639,-0.6390901804,0.6495862007,7.0,12.45854664,62.29273319,99.3260603,115.0282996,1,,,,,0.20000000003210647,0.627153971494025,0.8634923809653533,3.999999999197338,0,0,134.44181208410998,0,0,0
3143.0,downpour,medium,0.0,Kashmir,75.17720199,33.33070127,2011-2-24,1818,35.3648323,335.8281836,0.6609356999,-0.5480628014,2.34163928,7.0,10.27474093,21.37823725,72.2303884,145.9553621,1,,,,,0.48061684459040227,0.2959728962221668,0.49487999180538494,1.0806594925990023,0,0,64.29326512140001,1,1,0
3146.0,continuous_rain,medium,0.0,Himachal Pradesh,77.1783975,32.23379809,2011-2-25,2144,27.63808829,171.5939514,0.747759223,-0.6878085136,1.335586905,7.0,12.22186208,23.75917363,55.39996266,100.7300825,1,,,,,0.514406025661087,0.4288662390589416,0.5499842875637474,0.9439896698621558,0,0,59.25606129375999,0,0,0
3159.0,downpour,medium,0.0,Kashmir,75.19190365,33.24769957,2011-03-01,907,23.12569606,85.65228358,0.6159223914,-0.5988457799,1.848232388,7.0,7.230464458,27.1909523,48.63094521,148.2249393,1,,,,,0.26591435188535123,0.5591285997543949,0.32808881851908445,2.7606093575240696,0,0,20.97500632642,0,0,0
3171.0,downpour,medium,1.0,Kashmir,75.66950013,33.22569836,2011-03-03,2061,51.16718301,94.48415777,0.1954644471,-0.2608699501,1.153481483,9.0,17.8101697,21.40667844,46.06009674,112.7412382,1,,,,,0.8319912755227055,0.4647553946930768,0.4085470186010428,0.20193568060162845,0,0,105.45556418361001,0,0,1
3174.0,downpour,medium,0.0,Himachal Pradesh,77.15859909,32.09960144,2011-03-05,1704,24.63697341,270.0,0.5487815738,-0.5381862521,4.010556698,7.0,21.85381126,40.7147522,73.18768501,153.5376098,1,,,,,0.5367541266774553,0.5563060533262795,0.4766759434729717,0.8630504178702236,0,0,41.981402690639996,0,0,0
3250.0,downpour,medium,0.0,Kashmir,75.17730009,33.33079937,2011-3-19,1826,33.67652894,341.3463949,0.6383569837,-0.5389217734,2.34163928,7.0,7.042335987,7.042335987,7.042335987,77.52180147,1,,,,,1.0,1.0,0.09084329638192554,0.0,0,0,61.493341844439996,1,1,0
3251.0,downpour,medium,0.0,Kashmir,75.19168961,33.33903087,2011-3-19,1206,33.70160934,229.0561836,0.122388266,-0.1570150703,3.284401655,7.0,0.0,0.0,0.0,75.15981698,1,,,,,0.0,0.0,0.0,0.0,0,0,40.64414086404,1,0,1
3252.0,downpour,medium,0.0,Kashmir,75.16110018,33.24660263,2011-3-19,1282,33.98136112,257.5172394,0.6737033725,-0.6118978262,1.113158822,7.0,0.0,0.0,0.0,68.54385591,1,,,,,0.0,0.0,0.0,0.0,0,0,43.56410495584,1,0,0
3342.0,downpour,medium,0.0,Kashmir,74.34449609,34.21009843,2011-04-06,1582,5.137631836,25.81248716,0.3154126406,-0.3067502677,28.19516563,7.0,16.16827297,18.86298513,40.39658117,61.5539465,1,,,,,0.8571428572185913,0.46694508752162306,0.6562793040410495,0.166666666563584,0,0,8.127733564551999,0,1,0
3373.0,downpour,medium,0.0,Kashmir,75.19989882,33.3644968,2011-4-17,1862,31.30457286,252.9735218,0.595557034,-0.5751124024,2.860817909,7.0,14.53451204,32.61303949,63.96314907,113.1866465,1,,,,,0.4456656683121074,0.5098723243645953,0.5651121492498676,1.2438344954578882,0,0,58.28911466532,1,0,0
3374.0,downpour,medium,5.0,Kashmir,74.27179936,34.18020015,2011-4-17,1588,4.475440296,270.0,0.2801243961,-0.2765185833,5.611274242,7.0,33.11439323,54.60515881,80.49219728,124.4460931,1,,,,,0.6064334204250252,0.6783907093510021,0.6468037306347546,0.648985636871958,0,0,7.1069991900480005,0,0,0
3375.0,downpour,medium,1.0,Kashmir,75.88860252,33.25989967,2011-4-17,2951,16.59701496,139.4955786,0.3739067018,-0.4873530865,0.4150267243,7.0,9.887409925,17.38199377,30.03976679,51.31467044,1,,,,,0.5688305988272138,0.5786327800582769,0.5854030929639154,0.7579926291970747,0,0,48.97779114696,0,0,0
3376.0,downpour,medium,0.0,Kashmir,75.55259588,33.14880116,2011-4-17,1039,31.95231134,196.1999321,0.5958896279,-0.5919750929,12.48243237,7.0,20.68896627,34.98967123,53.6880796,82.16570973,1,,,,,0.5912878155957455,0.6517214154555082,0.6534122297053272,0.6912237553761548,0,0,33.198451482260005,1,0,0
3380.0,downpour,medium,0.0,Kashmir,74.90350237,33.58079887,2011-4-19,2222,16.54949829,11.31293491,0.3793507218,-0.4358544946,1.270153165,7.0,47.03796387,76.64426041,115.4231987,180.1524358,1,,,,,0.6137180216545324,0.6640282133335125,0.64069740821123,0.6294127998784911,0,0,36.77298520038,0,1,0
3558.0,rain,medium,0.0,Uttarakhand,78.32759702,30.92060174,2011-5-31,2446,33.6445421,134.8603926,0.3138478994,-0.4511843622,0.5179786682,7.0,0.0,100.651123,274.2578888,337.94944,1,,,,,0.0,0.3669944497873638,0.8115352663404325,0.0,0,0,82.2945499766,0,0,0
3559.0,rain,medium,1.0,Uttarakhand,78.27410119,30.47829905,2011-5-31,2258,22.85378009,147.6698997,0.8156708479,-0.7466722131,0.9056364298,4.0,39.9475708,48.30232048,75.30394554,82.6150136,1,,,,,0.8270321260557377,0.641431469939948,0.9115043653518203,0.20914287183640207,0,0,51.60383544322,0,0,0
3577.0,downpour,medium,0.0,Uttarakhand,79.35410438,30.5319019,2011-06-07,2663,44.80749803,67.98625583,0.622795105,-0.6153728366,0.06479022652,7.0,0.0,0.0,99.82294464,195.7348261,1,,,,,0.0,0.0,0.5099907187134952,0.0,0,0,119.32236725389,0,0,0
3578.0,downpour,medium,0.0,Uttarakhand,78.90799807,30.24140039,2011-06-07,766,34.3723316,6.290919032,0.7244662642,-0.6567722559,7.351329803,7.0,0.0,0.0,32.49501038,82.2128849,1,,,,,0.0,0.0,0.3952544716016892,0.0,0,0,26.3292060056,1,1,0
3579.0,downpour,medium,4.0,Kashmir,75.43250337,33.12890019,2011-06-08,825,32.58926896,344.2082638,-0.198129639,0.2465938926,,7.0,0.0,0.0,9.792498589,54.37255096,1,,,,,0.0,0.0,0.18010003974623154,0.0,0,0,26.886146891999996,1,1,1
3581.0,downpour,medium,1.0,Kashmir,75.32779476,33.16170134,2011-06-09,724,10.98168067,265.214753,0.004336529877,0.03159244731,5.766898155,7.0,7.417754173,7.417754173,7.417754173,55.93824387,1,,,,,1.0,1.0,0.1326061324027046,0.0,0,0,7.95073680508,0,0,0
3611.0,downpour,medium,0.0,Himachal Pradesh,77.24659945,32.37089761,2011-6-14,3969,2.87241577,130.1844557,-0.01274421811,-0.003344408935,0.08035057783,7.0,0.0,0.0,14.59740829,47.92115617,1,,,,,0.0,0.0,0.3046130239056793,0.0,0,0,11.400618191129999,0,0,0
3618.0,downpour,medium,0.0,Himachal Pradesh,77.97979606,31.56389842,2011-6-17,1459,11.44440862,343.6479107,0.05093086883,-0.07436912507,2.649579525,9.0,0.0,43.09530258,43.09530258,118.8703566,1,,,,,0.0,1.0,0.36254036593005395,0.0,0,0,16.69739217658,0,1,0
3666.0,continuous_rain,medium,0.0,Himachal Pradesh,77.21469904,32.43180001,2011-6-29,3576,54.04319462,241.2204285,0.1971409321,-0.2824315727,0.07406000048,7.0,17.11097288,17.11097288,22.47244167,37.94917774,1,,,,,1.0,0.7614202822847954,0.5921720313405662,0.0,0,0,193.25846396112,0,0,1
3667.0,continuous_rain,medium,0.0,Himachal Pradesh,77.18979496,32.22819745,2011-6-29,1815,10.4255132,290.6046888,0.07600524276,-0.1099117771,3.146330833,7.0,0.0,41.76119614,41.76119614,83.32933426,1,,,,,0.0,1.0,0.5011584037104967,0.0,0,0,18.922306457999998,0,0,0
3668.0,downpour,medium,0.0,Uttarakhand,79.92980108,29.60699962,2011-6-29,1728,25.94369193,84.27128668,0.55669415,-0.5756903291,1.13683784,4.0,0.0,249.2575607,249.2575607,249.2575607,1,,,,,0.0,1.0,1.0,0.0,0,0,44.83069965504,1,0,0
3669.0,downpour,medium,0.0,Uttarakhand,78.79630205,30.76659777,2011-6-29,3842,34.22147402,1.587226192,0.06779840589,-0.07976265252,0.1147781909,7.0,0.0,351.0825195,351.0825195,351.0825195,1,,,,,0.0,1.0,1.0,0.0,0,0,131.47890318484002,0,1,1
3670.0,downpour,large,10.0,Uttarakhand,79.04191825,30.67629652,2011-6-29,2514,32.31618886,147.6169942,0.4973144829,-0.5740426779,0.4358450472,7.0,0.0,317.8883667,317.8883667,317.8883667,1,,,,,0.0,1.0,1.0,0.0,0,0,81.24289879404,0,0,0
3671.0,downpour,medium,0.0,Uttarakhand,78.22425289,30.81507266,2011-6-29,1359,21.42865744,305.2705595,0.4446889758,-0.4934687912,4.751493931,7.0,0.0,71.43713379,118.5903473,150.2799664,1,,,,,0.0,0.602385737258061,0.7891294504574763,0.0,0,0,29.121545460959997,0,0,0
3673.0,downpour,medium,0.0,Uttarakhand,78.89959713,30.24160105,2011-6-29,657,36.02087542,34.53811498,0.07498855889,-0.1027510166,4.450227737,7.0,0.0,0.0,79.96993256,145.578186,1,,,,,0.0,0.0,0.5493263431651773,0.0,0,0,23.665715150940002,1,1,1
3674.0,downpour,medium,0.0,Uttarakhand,79.01930169,30.06670173,2011-6-29,2187,21.8057355,232.633698,0.7714608908,-0.7287510633,0.4608445168,6.0,56.45711327,114.7727776,165.9478807,240.0245876,1,,,,,0.4919033454671746,0.6916194236158147,0.691378672323985,1.032919696958498,0,0,47.6891435385,0,0,0
3678.0,downpour,medium,0.0,Uttarakhand,78.77529968,30.14999774,2011-6-30,1606,22.48509683,71.7673601,0.174711138,-0.2160116136,11.74853897,7.0,65.07862854,132.0180893,132.0180893,182.7453918,1,,,,,0.49295235891586253,1.0,0.7224154218043599,1.0285935991852728,0,0,36.11106550898,0,0,1
3707.0,rain,medium,0.0,Kashmir,75.49600097,34.16009853,2011-07-03,3755,17.08645629,333.5442714,-0.02035990544,0.01324358396,0.0907510519,9.0,0.0,0.0,0.0,43.69727898,1,,,,,0.0,0.0,0.0,0.0,0,0,64.15964336895,0,1,0
3708.0,downpour,medium,0.0,Kashmir,76.82599474,34.14910238,2011-07-03,4232,48.09691923,241.3564612,0.03481408209,-0.0830834955,0.007243947592,7.0,0.0,4.857241631,4.857241631,4.857241631,1,,,,,0.0,1.0,1.0,0.0,0,0,203.54616218136,0,0,1
3737.0,downpour,medium,0.0,Uttarakhand,78.03190065,30.32140112,2011-07-06,656,2.780288516,180.0,0.1629711688,-0.2060895413,135.0169678,7.0,0.0,44.53027725,167.8983231,208.2668991,1,,,,,0.0,0.2652216914845411,0.8061690255415149,0.0,0,0,1.8238692664960001,0,0,0
3745.0,rain,medium,0.0,Himachal Pradesh,77.02059883,30.9209005,2011-07-08,1288,14.2359606,255.2133721,0.5905809999,-0.6231375337,3.33001852,7.0,44.20800781,44.20800781,173.6867847,275.0299511,1,,,,,1.0,0.2545271817102156,0.6315195272563171,0.0,0,0,18.3359172528,0,0,0
3746.0,rain,medium,0.0,Himachal Pradesh,79.5192026,30.65090193,2011-07-08,2238,9.255989856,6.630298258,0.3396884203,-0.451410383,0.6697667241,7.0,0.0,0.0,0.0,251.9232483,1,,,,,0.0,0.0,0.0,0.0,0,0,20.714905297728,0,1,0
3747.0,downpour,medium,0.0,Uttarakhand,77.19349601,32.32369802,2011-07-08,2576,26.70568532,241.1402228,0.41987288,-0.4744795561,0.5326458216,7.0,0.0,0.0,42.50687313,54.80346251,1,,,,,0.0,0.0,0.7756238599384804,0.0,0,0,68.79384538432,0,0,0
3749.0,downpour,medium,0.0,Uttarakhand,79.49289836,30.74119873,2011-07-09,3082,7.420540322,240.1877017,0.1075536981,-0.1856090128,1.756956935,7.0,0.0,0.0,89.20435286,201.625453,1,,,,,0.0,0.0,0.44242605054432294,0.0,0,0,22.870105272403997,0,0,0
3750.0,downpour,medium,0.0,Uttarakhand,78.59249884,30.76519761,2011-07-09,1411,12.0434971,127.3724318,0.3892320991,-0.4240551293,1.347882867,7.0,0.0,0.0,74.88121223,165.9964671,1,,,,,0.0,0.0,0.4511012405154977,0.0,0,0,16.9933744081,0,0,0
3751.0,downpour,medium,0.0,Uttarakhand,79.0684945,30.733101,2011-07-09,3524,13.39286086,232.2743985,0.05775915459,-0.1062984318,3.526844978,7.0,0.0,0.0,0.0,394.7466736,1,,,,,0.0,0.0,0.0,0.0,0,0,47.19644167064,0,0,0
3752.0,downpour,medium,0.0,Uttarakhand,78.41290408,31.01880007,2011-07-09,3275,56.54331983,150.0481878,0.5882052183,-0.6129357219,0.1464492977,7.0,0.0,0.0,100.674736,372.4391975,1,,,,,0.0,0.0,0.2703118701677473,0.0,0,0,185.17937244325,0,0,0
3756.0,downpour,medium,0.0,Himachal Pradesh,76.93299979,31.7098983,2011-7-10,771,3.754743966,119.5596511,0.07446029782,-0.133326456,49.71761703,4.0,0.0,0.0,193.5375328,312.2671604,1,,,,,0.0,0.0,0.61978189622017,0.0,0,0,2.8949075977859997,0,0,0
3757.0,downpour,medium,0.0,Uttarakhand,78.43990394,30.7332972,2011-7-10,1457,33.95036582,170.3378907,0.8232832551,-0.7397129536,3.412759781,7.0,0.0,0.0,0.0,193.713974,1,,,,,0.0,0.0,0.0,0.0,0,0,49.465682999740004,1,0,0
3759.0,downpour,medium,0.0,Uttarakhand,79.11270203,30.50599899,2011-7-11,1974,5.674579787,109.0154881,0.5684533715,-0.6125899553,1.447188973,7.0,0.0,0.0,0.0,156.1500549,1,,,,,0.0,0.0,0.0,0.0,0,0,11.201620499537999,0,0,0
3763.0,downpour,small,0.0,Himachal Pradesh,77.1779828,31.10587739,2011-7-12,2210,36.52567911,314.3783046,0.5186998248,-0.4883624911,189.899353,4.0,43.48726654,86.97453308,133.3490791,311.8647442,1,,,,,0.5,0.6522319739064474,0.4275862584020807,1.0,0,0,80.7217508331,0,0,0
3777.0,downpour,medium,1.0,Himachal Pradesh,77.21810133,32.34909706,2011-7-15,3328,4.303522746,130.1912235,0.005604447797,-0.05345736071,0.739708066,7.0,0.0,0.0,0.0,36.30624485,1,,,,,0.0,0.0,0.0,0.0,0,0,14.322123698688,0,0,0
3807.0,rain,medium,3.0,Kashmir,76.04119741,33.69170118,2011-7-19,4895,19.03020895,9.742469247,-0.05614285916,0.065651007,0.006020294968,,0.0,24.40441132,24.40441132,24.40441132,1,,,,,0.0,1.0,1.0,0.0,0,0,93.15287281024999,0,1,0
3819.0,rain,medium,1.0,Uttarakhand,79.33180441,30.40430027,2011-7-21,1066,24.41674583,321.6723148,0.658669889,-0.6276391745,6.724357128,7.0,84.85933685,84.85933685,214.4875679,346.0676613,1,,,,,1.0,0.39563755457175853,0.6197850648462194,0.0,0,0,26.02825105478,0,1,0
3820.0,rain,medium,1.0,Uttarakhand,78.11229824,30.16650087,2011-7-21,465,1.417839902,310.8457011,0.5130178928,-0.4862474203,9.50399971,7.0,152.8312988,267.704483,384.0150146,540.2711716,1,,,,,0.5708955527651736,0.6971198333972642,0.7107819828008753,0.7516338937243917,1,1,0.65929555443,0,0,0
3821.0,rain,medium,1.0,Uttarakhand,79.63670437,29.73340176,2011-7-21,1579,31.08826648,152.3696086,0.4651004076,-0.5267886519,1.223187447,7.0,65.67474365,65.67474365,152.3209953,365.8624496,1,,,,,1.0,0.4311601530744462,0.41633404976797594,0.0,0,0,49.08837277192001,1,0,0
3839.0,downpour,medium,0.0,Himachal Pradesh,77.18699464,32.18960394,2011-7-25,1738,54.50985178,127.7160424,0.5337180495,-0.5526353717,1.100269675,7.0,38.55228138,38.55228138,67.31992245,67.31992245,1,,,,,1.0,0.5726726944558445,1.0,0.0,0,0,94.73812239364,1,0,0
3859.0,downpour,medium,0.0,Uttarakhand,78.19699887,30.01199748,2011-7-29,346,1.416574576,130.8899812,0.7285240293,-0.6391450763,6.013418674,7.0,60.94455338,110.1261101,300.0036964,483.6979809,1,,,,,0.5534069379610277,0.3670825107206912,0.6202293750364506,0.8069885493022544,0,1,0.49013480329599995,0,0,0
3884.0,continuous_rain,medium,0.0,Himachal Pradesh,77.13222351,31.69137966,2011-08-06,918,16.01560847,239.4986079,0.2629585564,-0.2887719572,3.492882013,7.0,0.0,20.00565529,229.2605915,356.4361858,1,,,,,0.0,0.08726164038532544,0.6432023476669131,0.0,0,0,14.70232857546,0,0,0
3888.0,rain,medium,0.0,Himachal Pradesh,77.92579634,31.24030145,2011-08-07,1938,9.037723727,252.2228529,0.1254856288,-0.1649623513,2.615856886,7.0,0.0,205.5110626,388.8747864,487.9731216,1,,,,,0.0,0.52847618253298,0.796918455518473,0.0,0,1,17.515108582925997,0,0,0
3889.0,downpour,medium,0.0,Himachal Pradesh,76.93160409,31.70829749,2011-08-07,764,2.179388788,90.0,0.07783595473,-0.149879843,53.74336624,7.0,58.41276169,58.41276169,399.4215965,534.2456779,1,,,,,1.0,0.1462433734225986,0.7476365519137876,0.0,0,1,1.665053034032,0,0,0
3890.0,downpour,medium,0.0,Himachal Pradesh,77.02239585,31.71456698,2011-08-07,857,20.306381,41.9536085,0.1590455323,-0.2119711041,2.280730247,6.0,69.6740799,95.64313126,323.67836,478.3609848,1,,,,,0.7284797034780811,0.2954881854319826,0.6766403830682974,0.37272184142614,0,1,17.402568517,0,1,1
3891.0,downpour,medium,0.0,Kashmir,75.19960006,33.44060028,2011-08-07,1695,16.30122078,152.3323185,0.2981949449,-0.360830754,10.25276756,7.0,0.0,0.0,25.23941994,61.28374195,1,,,,,0.0,0.0,0.41184528125897185,0.0,0,0,27.630569222100004,0,0,0
3892.0,downpour,medium,0.0,Kashmir,75.0017988,33.02709892,2011-08-07,2104,29.92661063,47.55299781,0.7695708871,-0.6685740352,1.556820512,4.0,63.48600769,81.99500084,230.5123501,375.98522,1,,,,,0.7742668094349153,0.35570762609651607,0.613088860514251,0.291544449296273,0,0,62.965588765519996,0,0,0
3894.0,downpour,medium,0.0,Himachal Pradesh,77.3916005,31.07659893,2011-08-07,1305,2.1469361,210.2757367,0.3741290271,-0.4462077618,3.026848078,4.0,0.0,152.9941635,249.3218307,406.386219,1,,,,,0.0,0.6136412646676431,0.6135095607166738,0.0,0,1,2.8017516104999998,0,0,0
3895.0,downpour,medium,0.0,Himachal Pradesh,77.39129728,31.07659893,2011-08-07,1305,2.1469361,149.7242633,0.4408647716,-0.4943238199,3.026848078,4.0,0.0,152.9941635,249.3218307,406.386219,1,,,,,0.0,0.6136412646676431,0.6135095607166738,0.0,0,1,2.8017516104999998,0,0,0
3899.0,downpour,medium,0.0,Uttarakhand,78.3755056,30.22579799,2011-08-08,972,30.32897457,243.7225273,0.6152573824,-0.6310821772,1.394025564,7.0,97.84337997,206.2329826,341.0596466,696.1259556,1,,,,,0.47443128997349815,0.6046830361079721,0.4899395631729265,1.107786777840602,0,1,29.47976328204,1,0,0
3900.0,downpour,medium,0.0,Uttarakhand,79.55660108,30.65210143,2011-08-08,3442,15.11604418,321.17474,0.5421148539,-0.4963419437,0.2692675292,9.0,25.00695992,88.51195335,88.51195335,416.5060883,1,,,,,0.2825263591361019,1.0,0.2125105870871372,2.539492750544625,0,1,52.02942406756,0,1,0
3905.0,rain,medium,0.0,Uttarakhand,78.30410202,30.28279868,2011-8-10,1661,39.88666203,238.4678461,0.4629791677,-0.5379620194,1.303894281,4.0,0.0,98.24758148,422.4198799,744.7411861,1,,,,,0.0,0.23258275984373242,0.5672035974162971,0.0,0,1,66.25174563182999,1,0,0
3907.0,downpour,medium,0.0,Kashmir,74.85559825,32.73270015,2011-8-11,333,2.156904891,210.7267353,0.1414902955,-0.1940737963,92.97543335,7.0,70.25637054,128.7082043,203.5058937,359.8627462,1,,,,,0.5458577479353428,0.6324544314659325,0.5655097557303085,0.8319791260312946,0,0,0.718249328703,0,0,0
3908.0,rain,medium,1.0,Kashmir,74.87599864,32.73699872,2011-8-11,366,27.159175,102.7603096,0.4239983857,-0.4310742915,35.14887238,4.0,70.25637054,128.7082043,203.5058937,359.8627462,1,,,,,0.5458577479353428,0.6324544314659325,0.5655097557303085,0.8319791260312946,0,0,9.94025805,1,0,0
3913.0,rain,medium,0.0,Uttarakhand,78.17230437,29.91210024,2011-8-12,283,1.069901736,90.0,0.5486515164,-0.5258091688,5.336022854,4.0,48.36391068,72.54586601,215.4140911,485.683836,1,,,,,0.6666666667585626,0.33677400414962916,0.44352740431740456,0.4999999997932343,0,1,0.30278219128800005,0,0,0
3914.0,rain,large,11.0,Uttarakhand,79.5681992,28.86649901,2011-8-12,208,1.058963824,270.0,0.6032044888,-0.556671381,6.934378147,7.0,22.94797707,93.63524055,256.4742393,584.655673,1,,,,,0.24507842277337963,0.36508633695750664,0.43867570459715705,3.080326569282214,0,1,0.220264475392,0,0,0
3917.0,downpour,medium,2.0,Himachal Pradesh,76.93129641,31.70769997,2011-8-13,770,14.55947622,35.88018506,0.09828297794,-0.1758073419,46.56030655,7.0,221.8382568,338.6637802,338.6637802,814.4966965,1,,,,,0.6550398057595413,1.0,0.41579515503903586,0.5266247809787153,1,1,11.2107966894,0,1,0
3947.0,downpour,medium,0.0,Kashmir,77.19580137,28.6809023,2011-8-27,217,0.0,0.0,0.1784517616,-0.2096851319,191.3729401,4.0,0.0,57.06898403,159.7873907,267.3396473,1,,,,,0.0,0.35715574163888014,0.597694327473589,0.0,0,0,0.0,0,1,0
4090.0,downpour,medium,0.0,Kashmir,79.35320364,29.91300097,2011-12-10,1023,15.75672036,216.5627965,0.4742631614,-0.5188583136,4.659010887,4.0,0.0,0.0,0.0,0.0,1,,,,,0.0,0.0,0.0,0.0,0,0,16.11912492828,0,0,0
4139.0,downpour,medium,1.0,NCT,75.2372973,33.24069878,2012-1-12,703,17.33479989,213.9226514,0.07853715867,-0.1360527873,7.513178825,7.0,0.0,124.2976513,143.2987881,143.2987881,1,,,,,0.0,0.867401971419743,1.0,0.0,0,0,12.186364322669998,0,0,0
4140.0,downpour,medium,0.0,Uttarakhand,75.20449615,33.42089997,2012-1-13,1642,32.51760089,256.7893143,0.08512414992,-0.1571975946,7.05557394,7.0,0.0,131.6700897,131.6700897,131.6700897,1,,,,,0.0,1.0,1.0,0.0,0,0,53.393900661379995,1,0,1
4183.0,downpour,medium,0.0,Kashmir,75.23809994,33.24240215,2012-02-04,743,10.52779634,249.6091631,0.1596292555,-0.1826161295,7.889660835,7.0,9.760489464,9.760489464,9.760489464,182.4295244,1,,,,,1.0,1.0,0.05350279509910295,0.0,0,0,7.82215268062,0,0,0
4198.0,downpour,medium,0.0,Kashmir,75.5226976,32.36819985,2012-2-15,319,2.15462714,149.3754172,0.08865062147,-0.1539655626,41.06644821,7.0,8.785240173,17.57048035,30.78628063,30.78628063,1,,,,,0.4999999998861727,0.5707243613208108,1.0,1.0000000004553091,0,0,0.6873260576600001,0,0,0
4202.0,downpour,medium,0.0,Kashmir,76.12010121,32.56549724,2012-2-16,811,18.81241319,286.5651309,0.0887799561,-0.1387896985,5.370659828,7.0,14.10991001,42.32973003,70.83811235,70.83811235,1,,,,,0.3333333333333333,0.5975558724780164,1.0,2.0,0,0,15.25686709709,0,0,0
4210.0,downpour,medium,0.0,Kashmir,75.24410189,33.23610144,2012-2-19,753,34.2220398,181.6305427,0.008585567586,-0.04862389341,7.876481533,7.0,0.0,19.69202042,19.69202042,44.0411396,1,,,,,0.0,1.0,0.4471278581537885,0.0,0,0,25.7691959694,1,0,1
4218.0,downpour,medium,2.0,Himachal Pradesh,75.23400202,33.241002,2012-2-22,691,13.16746415,194.3705668,0.08043761551,-0.1242426559,7.524273396,7.0,4.870984674,4.870984674,24.07043707,53.35190547,1,,,,,1.0,0.20236378175579176,0.45116358746614793,0.0,0,0,9.098717727650001,0,0,0
4240.0,unknown,medium,6.0,Kashmir,80.21230297,29.57979911,2012-03-04,1540,25.49079126,321.3435493,0.233863458,-0.223886162,43.53029251,4.0,0.0,0.0,0.0,14.69587612,1,,,,,0.0,0.0,0.0,0.0,0,0,39.2558185404,1,1,1
4277.0,downpour,medium,0.0,Kashmir,74.7361969,34.65069774,2012-3-19,2393,24.70438447,350.1483457,0.5095739365,-0.5141543746,0.8026013374,9.0,10.1529057,18.87619042,30.15426755,42.77626789,1,,,,,0.5378683661318987,0.6259873627737975,0.7049298369727411,0.8591909525959648,0,0,59.11759203671001,0,1,0
4325.0,unknown,medium,2.0,Uttarakhand,75.54879672,33.14670093,2012-4-16,1144,9.449236522,166.5654717,0.2833745778,-0.3272954524,23.65174866,7.0,26.40698433,63.06108046,73.81062984,88.98632288,1,,,,,0.41875248786373237,0.8543631262420887,0.8294603872949694,1.3880455137150451,0,0,10.809926581168,0,0,0
4335.0,rain,medium,1.0,Kashmir,75.23809994,33.24130076,2012-4-24,734,13.55965418,241.9765501,0.4879439175,-0.4846949279,7.599777699,7.0,18.72696733,34.92368174,91.66675329,138.4880481,1,,,,,0.5362254606893575,0.38098525895767543,0.6619109341754092,0.8648872038161449,0,0,9.952786168120001,0,0,0
4396.0,unknown,medium,1.0,Kashmir,77.57679588,34.15340096,2012-06-08,3417,5.977653584,201.9396345,0.07284901291,-0.1223651692,1.874537349,9.0,5.050522327,5.050522327,5.050522327,10.33020008,1,,,,,1.0,1.0,0.48890847107387303,0.0,0,0,20.425642296528,0,0,0
4445.0,downpour,medium,0.0,Kashmir,78.32209895,30.12809909,2012-07-05,421,11.75989057,158.9234147,0.1375493854,-0.2196659893,21.20498085,7.0,84.00307846,84.00307846,155.8004646,155.8004646,1,,,,,1.0,0.5391709111758323,1.0,0.0,0,0,4.9509139299700005,0,0,0
4447.0,downpour,medium,0.0,Kashmir,77.20900031,31.10659977,2012-07-05,2238,44.60320655,143.5392302,0.1623097509,-0.2694165707,3.38192606,4.0,75.64748383,94.55935478,115.1629765,168.5387928,1,,,,,0.8000000000634522,0.8210916186244979,0.6833024883277792,0.24999999990085603,0,0,99.82197625890001,0,0,1
4452.0,downpour,medium,0.0,Himachal Pradesh,77.99880075,34.01229716,2012-07-07,4908,17.22848376,125.045439,0.09027288854,-0.2138347626,0.02594213933,9.0,0.0,0.0,0.0,0.0,1,,,,,0.0,0.0,0.0,0.0,0,0,84.55739829408,0,0,0
4472.0,downpour,large,1.0,Uttarakhand,78.44000204,30.73620008,2012-8-14,1668,38.43838921,163.4562135,0.3091519773,-0.3703795969,2.799510241,7.0,44.4685936,134.2860451,336.8885517,542.5290737,1,,,,,0.3311482854892716,0.3986067333614293,0.6209594435233674,2.019795190914246,0,1,64.11523320228,1,0,0
4481.0,downpour,medium,0.0,Kashmir,79.56050279,30.65940098,2012-8-17,3307,52.72563102,308.0258417,0.2839224041,-0.2400649041,0.2341862321,7.0,75.69029617,119.0937538,119.0937538,429.9431114,1,,,,,0.6355521910671355,1.0,0.27699886483167874,0.573434902837691,0,1,174.36366178314,0,0,1
4487.0,unknown,medium,0.0,Uttarakhand,78.32330291,30.61790013,2012-8-17,860,38.53034694,200.7523771,0.2445872277,-0.2896377146,2.394417286,4.0,68.75326538,103.1298981,228.4032459,558.1362362,1,,,,,0.6666666664727364,0.4515255363102526,0.40922490081463736,0.500000000436343,0,1,33.1360983684,1,0,1
4497.0,downpour,medium,0.0,Uttarakhand,78.07099805,32.22780059,2012-8-18,3656,18.65456261,163.5359523,0.08656381071,-0.1319065839,0.4547165036,9.0,0.0,0.0,3.514382124,36.34531713,1,,,,,0.0,0.0,0.09669422092066914,0.0,0,0,68.20108090216,0,0,0
4498.0,downpour,medium,4.0,Uttarakhand,77.19469997,32.17970027,2012-8-18,1861,14.07587496,277.4188888,0.2713271976,-0.2419246286,0.7065792084,7.0,11.48337269,11.48337269,48.83756065,151.416666,1,,,,,1.0,0.23513403489369405,0.3225375511173916,0.0,0,0,26.19520330056,0,0,0
4501.0,downpour,medium,0.0,Uttarakhand,74.83329828,33.08290011,2012-8-20,516,1.854334169,0.0,0.1331393719,-0.1904719323,14.30417919,4.0,88.26012421,151.9884224,196.2898378,540.2456789,1,,,,,0.5807029431341739,0.7743061184596893,0.36333439667609707,0.7220508554731841,0,1,0.956836431204,0,1,0
4504.0,downpour,medium,0.0,Himachal Pradesh,74.94989932,34.61130159,2012-8-21,2657,18.77511517,180.0,0.289791882,-0.3870716393,0.09793269634,7.0,0.0,0.0,0.0,7.171627045,1,,,,,0.0,0.0,0.0,0.0,0,0,49.88548100668999,0,0,0
4507.0,downpour,medium,0.0,Himachal Pradesh,75.23819804,33.2411982,2012-8-22,732,13.16746415,194.3705668,0.07947633415,-0.1520219445,7.494973183,7.0,22.67306709,62.29958916,92.25017929,250.6310029,1,,,,,0.3639360611475339,0.675332987312181,0.3680716999197708,1.7477354039797002,0,0,9.638583757800001,0,0,0
4513.0,downpour,medium,1.0,Kashmir,76.26989579,32.10019896,2012-8-24,761,19.20990513,12.67229349,0.6625115275,-0.6016405225,14.48479843,4.0,123.9330368,313.9294567,527.9645214,941.5210438,1,,,,,0.3947798913258209,0.5946033189267251,0.5607570057798426,1.533057083129589,1,1,14.61873780393,0,1,0
4514.0,downpour,medium,0.0,Kashmir,76.93119831,31.70899756,2012-8-24,770,1.431079631,229.6112041,0.01566134207,-0.1859721392,51.24991608,7.0,74.34375,170.7149143,346.0325317,620.5134354,1,,,,,0.4354847981785268,0.4933493202540991,0.5576551803055447,1.2962914071458596,0,1,1.10193131587,0,0,0
4515.0,downpour,medium,0.0,Kashmir,77.28469801,30.73949981,2012-8-24,1634,36.84073562,321.063,0.6859408021,-0.6307806373,0.8133793473,7.0,129.0742493,221.0913887,345.673214,605.8131924,1,,,,,0.5838049598355975,0.6395965314801627,0.5705937380309843,0.7129008295537693,1,1,60.197762003079994,1,1,0
4516.0,downpour,medium,0.0,Himachal Pradesh,77.09690297,30.90440183,2012-8-24,1451,17.37332175,231.6198804,0.4718655944,-0.5094419122,16.43463516,7.0,144.2597542,237.8028822,353.6374159,600.8161974,1,,,,,0.606635852624666,0.6724483086576021,0.5885950103048937,0.6484353763026167,1,1,25.208689859249997,0,0,0
4523.0,downpour,medium,0.0,Himachal Pradesh,74.09339965,33.77500164,2012-8-29,1028,11.33104868,118.9930904,0.6111742258,-0.5917983055,16.68880081,7.0,22.84647179,46.41700554,116.3507624,212.3567324,1,,,,,0.4922004667085209,0.3989402783664098,0.5479023955823498,1.0316925066879221,0,0,11.648318043040002,0,0,0
4550.0,downpour,medium,0.0,Himachal Pradesh,78.98290205,30.28530024,2012-9-14,646,11.8839782,0.0,0.5137190223,-0.5059023499,11.22694588,7.0,35.4180069,35.4180069,69.73816681,260.5779266,1,,,,,1.0,0.507871206257766,0.26762883456760145,0.0,0,0,7.6770499172,0,1,0
4551.0,downpour,medium,0.0,Himachal Pradesh,79.77580157,29.84099987,2012-9-14,879,1.415187374,310.9386514,0.3140956163,-0.3253163099,10.31698895,7.0,88.48561668,153.9054623,217.7633305,344.1994734,1,,,,,0.5749348681823881,0.7067556413038972,0.6326660768795935,0.7393274531451228,0,0,1.2439497017460002,0,0,0
4555.0,downpour,medium,0.0,Kashmir,75.14320581,32.92950257,2012-9-15,767,2.208951515,90.0,0.3252962828,-0.4034177959,27.6492424,4.0,69.79621887,109.2172012,256.3673859,503.5428715,1,,,,,0.6390588488180377,0.4260183128075497,0.509127227114365,0.5648011162814441,0,1,1.6942658120049998,0,0,0
4557.0,downpour,large,9.0,Uttarakhand,77.88760414,33.30300134,2012-9-16,4898,24.6944433,189.6996656,0.04044862092,-0.1283631623,0.01003794279,9.0,0.0,0.0,0.0,0.0,1,,,,,0.0,0.0,0.0,0.0,0,0,120.95338328339999,0,0,1
4559.0,downpour,very_large,19.0,Uttarakhand,74.95970042,33.96390254,2012-9-17,1586,3.704791834,0.0,0.4553283155,-0.4362443984,6.274364471,7.0,90.8556366,90.8556366,90.8556366,105.9943924,1,,,,,1.0,1.0,0.8571739932913659,0.0,0,0,5.875799848724,0,1,0
4565.0,downpour,medium,0.0,Kashmir,77.102896,31.02259922,2012-9-18,1697,16.47491072,315.3636998,0.3409846425,-0.3879659772,1.205167532,7.0,0.0,206.8619194,277.2058678,585.9168968,1,,,,,0.0,0.746239324014771,0.4731146504119729,0.0,0,1,27.95792349184,0,1,0
4658.0,downpour,medium,0.0,Kashmir,75.15329675,32.95220386,2012-12-11,942,24.17102014,125.2462162,0.35678491,-0.4158297479,5.232065201,4.0,0.0,5.150688648,5.150688648,5.150688648,1,,,,,0.0,1.0,1.0,0.0,0,0,22.769100971879997,0,0,0
4764.0,downpour,medium,0.0,Kashmir,75.20269913,33.43719798,2013-2-22,1800,28.96243594,173.964224,0.295473963,-0.4155600369,5.284943104,7.0,35.63758469,52.41072607,55.36166668,135.7156994,1,,,,,0.6799673914534646,0.9466970417083549,0.4079238210815277,0.4706587588890836,0,0,52.132384692,1,0,1
4823.0,downpour,medium,0.0,Himachal Pradesh,75.48319889,34.29460285,2013-4-26,3482,2.16722064,148.8170523,0.006894445512,-0.036255721,0.4463036954,7.0,1.299318433,7.351245999,13.65938103,32.29135585,1,,,,,0.17674805511565633,0.538182951544767,0.42300425827427746,4.657770883790732,0,0,7.54626226848,0,0,0
4875.0,rain,medium,0.0,Kashmir,77.15000194,28.75800016,2013-5-26,210,4.213303336,131.2397206,0.06575284153,-0.1316539943,149.7572479,7.0,0.0,0.0,0.0,0.0,1,,,,,0.0,0.0,0.0,0.0,0,0,0.8847937005600001,0,0,0
4912.0,snowfall_snowmelt,medium,0.0,Kashmir,76.70430141,31.48980153,2013-6-11,710,7.028319449,321.9816497,0.5699801445,-0.5408421755,3.013155699,7.0,12.28073025,36.84219074,44.86271381,44.86271381,1,,,,,0.33333333342380933,0.8212207334587902,1.0,1.9999999991857165,0,0,4.990106808789999,0,1,0
4913.0,rain,medium,1.0,Kashmir,76.67019821,31.48809816,2013-6-11,689,7.68578679,196.3395267,0.3767601252,-0.3964850008,8.665348053,7.0,12.15684605,36.47053814,43.94785833,46.83664107,1,,,,,0.3333333334247313,0.8298592815637668,0.9383221624351211,1.9999999991774184,0,0,5.29550709831,0,0,0
4914.0,downpour,medium,0.0,NCT,78.53060206,30.73940171,2013-6-12,1304,17.02558971,162.0899408,0.4591195583,-0.4666886628,1.719013453,7.0,84.73195839,84.73195839,99.24811792,106.2263527,1,,,,,1.0,0.8537386921361985,0.934307875563537,0.0,0,0,22.201368981839998,0,0,0
4916.0,downpour,medium,1.0,Himachal Pradesh,76.28330431,32.21079804,2013-6-12,987,4.299711254,130.2343065,0.2569153309,-0.3345795572,7.940528393,7.0,140.868,140.868,161.153965,172.5573568,1,,,,,1.0,0.874120596412257,0.9339153542249901,0.0,1,0,4.243815007698,0,0,0
4917.0,rain,small,0.0,Himachal Pradesh,76.1248992,32.55519671,2013-6-12,929,2.8758483,229.873376,0.4270200431,-0.4748775959,10.34192944,7.0,36.58964157,36.58964157,51.35076237,63.56164694,1,,,,,1.0,0.7125432979233878,0.8078891098978814,0.0,0,0,2.6716630706999998,0,0,0
4920.0,downpour,medium,0.0,Himachal Pradesh,78.09760105,31.51680139,2013-6-15,1704,28.52660152,202.5990377,0.190525189,-0.2118358016,1.67671299,9.0,33.35131359,93.46014786,112.7759895,126.1625619,1,,,,,0.3568506401248058,0.8287238114634322,0.8938942567557356,1.8022928574550343,0,0,48.60932899008,1,0,1
4924.0,downpour,medium,0.0,Himachal Pradesh,79.06659492,30.73509868,2013-6-16,3544,5.637286325,214.9168746,0.03561646119,-0.04498716816,3.759459734,7.0,155.4883614,379.2803001,379.2803001,403.7564554,1,,,,,0.4099563340331791,1.0,0.9393789127761398,1.4392841797611224,1,1,19.978542735799998,0,0,0
4925.0,downpour,medium,0.0,Uttarakhand,78.19959853,31.45510081,2013-6-16,2056,36.11974627,56.31870528,0.4022277296,-0.436150521,0.1527307183,7.0,34.87284088,108.2491798,108.2491798,115.6144357,1,,,,,0.3221533959373242,1.0,0.9362946689536971,2.1041113103602127,0,0,74.26219833112,0,0,0
4926.0,downpour,medium,0.0,Himachal Pradesh,77.35440267,30.67379942,2013-6-16,1501,23.05458124,161.9673784,0.3730992973,-0.4387343824,1.38801527,4.0,131.6760559,228.7885323,247.4454155,259.4639983,1,,,,,0.5755360838074662,0.9246020252090709,0.9536791891023595,0.7375105195568059,1,0,34.60492644124,0,0,0
4927.0,downpour,medium,4.0,Himachal Pradesh,77.65210118,30.57280078,2013-6-16,858,35.61569469,198.3582341,0.1699779183,-0.2192192227,2.233733177,4.0,148.5267792,250.1773052,266.9553871,283.7661824,1,,,,,0.5936860622959496,0.937150240411837,0.9407582850154311,0.6843919093076248,1,0,30.558266044019998,1,0,1
4928.0,rain,medium,0.0,Himachal Pradesh,79.07649858,30.46190294,2013-6-16,961,31.33130867,260.819294,0.3994037807,-0.409126997,3.030685902,7.0,69.52826881,142.5691404,159.9873972,175.7261219,1,,,,,0.48768105506512544,0.8911273193711287,0.9104360550962571,1.0505204982105754,0,0,30.10938763187,1,0,0
4929.0,rain,medium,0.0,Himachal Pradesh,78.3880981,30.4953997,2013-6-16,925,26.36499495,60.66585366,0.1649801284,-0.2119066268,1.311295867,7.0,82.84285736,142.3763986,142.3763986,150.6440845,1,,,,,0.5818580760196305,1.0,0.945117752698746,0.7186321565574738,0,0,24.38762032875,1,0,1
4930.0,rain,medium,0.0,Himachal Pradesh,78.66950305,30.88500028,2013-6-16,1854,26.9550394,162.7385108,0.3772165775,-0.4250088632,0.2308066487,7.0,43.87062836,117.9305348,124.3377419,136.2241793,1,,,,,0.3720039804313683,0.9484693303731295,0.9127435565324782,1.6881432796509872,0,0,49.974643047600004,1,0,0
4931.0,downpour,medium,0.0,Himachal Pradesh,80.416998,29.79859828,2013-6-16,741,32.31026264,183.3820096,0.1515901685,-0.2643543184,1.359051466,7.0,32.67854691,308.5017738,335.2504864,342.9755036,1,,,,,0.10592660945666173,0.9202127552826722,0.9774764753782258,8.440498521848136,0,0,23.94190461624,1,0,1
4932.0,rain,medium,0.0,Uttarakhand,77.46140326,31.34799766,2013-6-16,897,12.94065933,350.5037644,0.4273388982,-0.5021155477,4.423574924,7.0,52.60560131,114.5183897,126.9319854,132.9805837,1,,,,,0.45936378818990675,0.9022027768581645,0.9545151770904732,1.176923879743406,0,0,11.607771419010001,0,1,0
4933.0,rain,medium,0.0,Uttarakhand,78.43840122,31.59859914,2013-6-16,2310,54.5599228,48.06987607,0.08929160237,-0.143568337,0.6544249058,9.0,37.09583664,106.3846407,106.3846407,112.5426874,1,,,,,0.34869541689395395,1.0,0.9452825692875715,1.8678323589900303,0,0,126.03342166800002,0,0,1
4936.0,rain,medium,0.0,Uttarakhand,79.05439928,30.69449857,2013-6-17,2748,35.45370158,140.6177848,0.5820236802,-0.6031838655,0.8532490134,7.0,186.0296249,395.8824883,409.0675478,428.1144423,1,,,,,0.46991122466378615,0.9677680139358148,0.9555098062151967,1.1280615305911956,1,1,97.42677194184,0,0,0
4940.0,rain,medium,0.0,Uttarakhand,78.01690024,30.30690012,2013-6-17,622,5.658693262,229.1948276,0.08355025947,-0.1261147708,99.38531494,4.0,129.2477531,299.9791126,336.5396624,344.9115591,1,,,,,0.43085584186103765,0.8913633253825954,0.9757274104647425,1.320961915430002,1,0,3.5197072089640002,0,0,0
4943.0,downpour,very_large,5000.0,Uttarakhand,79.65920053,29.59870124,2013-6-17,1600,17.05700915,301.8434383,0.2918066084,-0.412122041,19.65138245,4.0,51.86356449,156.2392721,213.9583864,227.8183155,1,,,,,0.3319496039177976,0.7302320546010623,0.9391623580852962,2.0125054773303335,0,0,27.29121464,0,0,0
4946.0,downpour,medium,5.0,Himachal Pradesh,78.01930369,31.62229926,2013-6-17,2470,8.852930774,121.3092708,0.4013238549,-0.4717747569,1.431898117,7.0,46.04818535,163.5602522,171.6434727,182.4122543,1,,,,,0.2815365269411097,0.9529069158713195,0.9409645934078015,2.551936975514281,0,0,21.866739011780002,0,0,0
4949.0,downpour,large,13.0,Uttarakhand,78.50170262,30.37969941,2013-6-18,905,30.83028234,341.6757003,0.6775682569,-0.5959424376,2.706033707,7.0,66.69843531,115.6140389,133.2003388,138.1552753,1,,,,,0.5769060223533112,0.8679710572928363,0.9641350177237857,0.7333845743554671,0,0,27.901405517700002,1,1,0
4966.0,rain,medium,3.0,Uttarakhand,79.6804972,29.59350192,2013-6-19,1219,15.05576667,218.5255966,0.5743243098,-0.5993368626,5.610509396,4.0,109.9068604,155.5906935,268.5346365,301.0895557,1,,,,,0.7063845396382915,0.5794064241690475,0.8918762920078266,0.4156595223786411,1,0,18.35297957073,0,0,0
4974.0,downpour,medium,4.0,Uttarakhand,79.05789967,30.40909826,2013-6-24,838,41.6370157,312.355886,0.3379209936,-0.2798373103,,7.0,43.69913578,60.71719265,195.3696499,214.0552402,1,,,,,0.7197160124299653,0.3107810894940852,0.912706690653584,0.38943692057609847,0,0,34.8918191566,1,0,0
4975.0,rain,medium,0.0,Uttarakhand,78.92279783,30.25240099,2013-6-24,740,40.49043268,64.14617769,0.4509944916,-0.4979441464,6.59322691,7.0,51.6872139,63.53518391,221.2239952,227.9773221,1,,,,,0.8135211188373501,0.2871984291421928,0.970377198759104,0.22922438870321846,0,0,29.9629201832,1,0,0
4978.0,rain,medium,0.0,Uttarakhand,78.39109908,30.45420207,2013-6-24,1134,30.4827347,140.3547122,0.09186290205,-0.139505893,1.096366167,4.0,38.20236111,45.97102213,221.1833596,235.4584103,1,,,,,0.831009608661055,0.20784123278141944,0.9393733666943048,0.20335552029443668,0,0,34.5674211498,1,0,1
5013.0,downpour,medium,0.0,Uttarakhand,77.14019638,31.07220226,2013-07-02,1976,15.45708791,151.4165955,0.6836767197,-0.6385037303,4.779729843,4.0,58.36962509,81.96237183,129.1478653,502.1219244,1,,,,,0.7121514883813485,0.6346397723230505,0.25720419488617735,0.4041956189306063,0,1,30.54320571016,0,0,0
5022.0,rain,medium,0.0,Uttarakhand,80.22139953,29.57999977,2013-07-04,1540,12.15565161,205.5995668,0.2811538279,-0.311932981,14.6509676,4.0,0.0,122.8062973,305.9530869,734.5862923,1,,,,,0.0,0.40138930626360675,0.416497136016596,0.0,0,1,18.7197034794,0,0,0
5023.0,downpour,medium,0.0,Uttarakhand,80.23860275,30.07120096,2013-07-04,2120,17.28792515,51.38100745,0.5271833539,-0.5442894697,2.04543829,7.0,54.55539894,133.8741703,454.0340557,1113.433662,1,,,,,0.407512508333357,0.2948549092723927,0.40777827291878666,1.4539124064922473,0,1,36.65040131799999,0,0,0
5024.0,downpour,medium,0.0,Himachal Pradesh,80.85759732,30.17190084,2013-07-04,3251,35.64015321,54.05472685,0.1387202293,-0.2203968316,0.1287743449,7.0,10.98696423,63.2956953,274.3597441,605.0667067,1,,,,,0.17358153943843319,0.23070328887947086,0.4534371847962726,4.760981284272371,0,1,115.86613808571,0,0,1
5036.0,continuous_rain,medium,0.0,Uttarakhand,74.87989589,33.085201,2013-07-05,802,28.66231834,192.243545,0.01665713079,-0.06752293557,4.042834759,4.0,0.0,16.96943283,57.73646355,91.18385839,1,,,,,0.0,0.293911884909688,0.6331873268956985,0.0,0,0,22.98717930868,1,0,1
5043.0,downpour,medium,0.0,Uttarakhand,76.79070096,31.99059871,2013-07-06,1209,16.19246101,260.3727222,0.163830325,-0.1570983678,10.40453815,7.0,26.52566338,40.94417095,161.5940952,299.31427,1,,,,,0.6478495659954253,0.25337665277511945,0.5398810260533184,0.5435682178215141,0,0,19.57668536109,0,0,0
5044.0,continuous_rain,medium,0.0,Uttarakhand,77.72409783,31.16279782,2013-07-06,1472,30.13547202,45.8020745,0.5736969709,-0.5719214082,2.946635962,7.0,0.0,60.25873375,114.4317627,290.5158691,1,,,,,0.0,0.5265909772619451,0.3938916075548728,0.0,0,0,44.359414813440004,1,0,0
5047.0,downpour,medium,1.0,Kashmir,76.9160998,31.87950021,2013-07-07,1284,9.80288332,221.4518168,0.1470897645,-0.1898320466,3.869235992,7.0,35.24041748,58.92435265,159.6958494,261.1597004,1,,,,,0.598062021815016,0.36897861072399296,0.6114873357390326,0.6720673835218143,0,0,12.58690218288,0,0,0
5049.0,downpour,medium,0.0,Himachal Pradesh,77.16790077,31.55959984,2013-07-07,1870,20.42383074,155.9116645,0.2322972417,-0.2948358655,3.859536886,4.0,32.5733223,65.50959778,169.694581,315.4039516,1,,,,,0.4972297709625779,0.3860441352573303,0.5380230023725548,1.011142651543407,0,0,38.192563483799994,0,0,1
5050.0,downpour,small,0.0,Himachal Pradesh,76.9359963,31.70300007,2013-07-07,757,27.08380486,255.3303281,0.1610664725,-0.252414465,28.74536324,4.0,58.90445709,78.58269119,221.306921,422.1806116,1,,,,,0.7495856428176877,0.355084652729862,0.5241996314356563,0.3340703755224103,0,1,20.50244027902,1,0,1
5051.0,downpour,medium,0.0,Himachal Pradesh,76.97299793,31.70169802,2013-07-07,794,28.84214749,1.979910014,0.3738085926,-0.3527526259,4.055397987,7.0,74.40257263,93.14875793,236.2017612,424.1200876,1,,,,,0.798750023976836,0.39436097959967287,0.5569218910064189,0.25195614395249183,0,1,22.90066510706,1,1,0
5052.0,rain,medium,0.0,Himachal Pradesh,76.92970451,31.70930078,2013-07-07,756,1.854334169,180.0,0.09601666033,-0.1570701152,40.74413681,7.0,58.90445709,78.58269119,221.306921,422.1806116,1,,,,,0.7495856428176877,0.355084652729862,0.5241996314356563,0.3340703755224103,0,1,1.401876631764,0,0,0
5053.0,downpour,small,0.0,Himachal Pradesh,76.85209832,31.96709925,2013-07-07,1491,26.74774403,245.3201063,0.1845097095,-0.2223804891,2.30520606,7.0,44.24152184,44.24152184,153.5444241,277.354156,1,,,,,1.0,0.28813499480245863,0.5536041944148837,0.0,0,0,39.880886348729994,1,0,1
5054.0,downpour,medium,0.0,Himachal Pradesh,76.94239957,31.70180058,2013-07-07,777,14.29974143,63.6049072,0.08791916072,-0.142749235,17.40545464,7.0,74.40257263,93.14875793,236.2017612,424.1200876,1,,,,,0.798750023976836,0.39436097959967287,0.5569218910064189,0.25195614395249183,0,1,11.11089909111,0,0,0
5062.0,downpour,medium,0.0,Himachal Pradesh,75.75250184,33.31179914,2013-07-08,1518,29.68646802,279.8095989,0.4977819622,-0.5406965613,1.263851166,7.0,30.97139883,30.97139883,58.83272171,98.7348032,1,,,,,1.0,0.5264315151467093,0.5958660958773249,0.0,0,0,45.06405845436,1,0,0
5068.0,downpour,medium,0.0,Himachal Pradesh,79.21430264,30.36290197,2013-7-10,1626,22.905088,117.3708439,0.409117341,-0.4225399196,1.196706772,7.0,0.0,28.63598251,28.63598251,290.6744719,1,,,,,0.0,1.0,0.09851564302437803,0.0,0,0,37.243673087999994,0,0,0
5086.0,downpour,medium,0.0,Himachal Pradesh,79.4633033,29.38020083,2013-7-12,1944,7.197102233,333.8106958,-0.1059997901,0.2927546203,12.29810905,7.0,189.9544525,228.0316963,433.0651245,863.8895836,1,,,,,0.8330177584176486,0.5265528979348694,0.5012968470985972,0.2004546000310258,1,1,13.991166740952,0,1,0
5088.0,downpour,medium,2.0,Kashmir,79.4633033,29.38020083,2013-7-12,1944,7.197102233,333.8106958,-0.1059997901,0.2927546203,12.29810905,7.0,189.9544525,228.0316963,433.0651245,863.8895836,1,,,,,0.8330177584176486,0.5265528979348694,0.5012968470985972,0.2004546000310258,1,1,13.991166740952,0,1,0
5097.0,rain,medium,7.0,Uttarakhand,77.67459734,31.47110006,2013-7-14,1100,49.3933698,128.6457273,0.3347654939,-0.3916113973,2.896238327,7.0,26.22707939,77.90350914,127.1467533,228.6034451,1,,,,,0.3366610782945278,0.6127054534864006,0.5561891389886146,1.970346334853566,0,0,54.33270678,1,0,0
5098.0,downpour,medium,6.0,Uttarakhand,77.17880328,32.16999727,2013-7-14,1625,15.43435031,159.7368956,0.250760287,-0.2719702423,1.2953794,7.0,0.0,29.58691788,55.60696125,153.1623874,1,,,,,0.0,0.5320721941086108,0.36305885664197995,0.0,0,0,25.08081925375,0,0,0
5099.0,rain,medium,6.0,Uttarakhand,77.35440267,30.67379942,2013-7-14,1501,23.05458124,161.9673784,0.3730992973,-0.4387343824,1.38801527,4.0,20.40903473,125.3084793,232.8234901,412.4485188,1,,,,,0.16287034081020882,0.5382123566920965,0.5644910321835783,5.139853303096418,0,1,34.60492644124,0,0,0
5100.0,downpour,medium,1.0,Himachal Pradesh,76.53379877,31.67299924,2013-7-14,748,2.150415901,210.4343285,0.471226722,-0.4821625054,7.208087444,4.0,0.0,115.5527725,156.0647278,375.5069942,1,,,,,0.0,0.7404156860356246,0.41561070821726914,0.0,0,0,1.608511093948,0,0,0
5129.0,rain,medium,0.0,Himachal Pradesh,79.33080112,30.40430027,2013-7-18,1017,41.7040797,306.8328781,0.7728000283,-0.7044317126,8.717241287,7.0,13.64612007,54.58448029,135.3578434,237.0741491,1,,,,,0.24999999995419944,0.4032605641380956,0.5709515099552455,3.000000000732809,0,0,42.4130490549,1,0,0
5130.0,downpour,medium,1.0,Himachal Pradesh,78.43470017,30.73139763,2013-7-18,1125,39.54227303,180.0,0.02867356502,0.1209403351,4.532927513,7.0,0.0,0.0,136.1038799,397.9372444,1,,,,,0.0,0.0,0.34202347685553813,0.0,0,0,44.485057158749996,1,0,1
5139.0,rain,medium,0.0,Himachal Pradesh,80.23689937,30.07179848,2013-7-19,2150,17.17260608,65.22455028,0.5405099392,-0.5485877395,2.027642488,7.0,34.98015213,115.2307777,239.6931782,693.7272339,1,,,,,0.30356605091280225,0.48074283367318627,0.34551501870914225,2.294176002201395,0,1,36.92110307200001,0,0,0
5176.0,downpour,small,0.0,Uttarakhand,79.19390226,30.19440146,2013-7-23,1698,10.31285648,191.8794743,0.447286576,-0.5239443183,1.890653014,7.0,94.12593842,235.396965,269.1963196,454.8359108,1,,,,,0.3998604587786423,0.8744434743750487,0.5918537063762556,1.5008724369857922,0,1,17.51123030304,0,0,0
5177.0,downpour,medium,0.0,Uttarakhand,79.15100124,30.29020079,2013-7-23,797,6.99557691,322.3294759,0.2026688904,-0.25536412,9.917440414,7.0,68.69343567,171.6691895,227.4211273,393.8004208,1,,,,,0.40015005528991565,0.7548515458440435,0.577503515201932,1.4990625061278142,0,0,5.57547479727,0,1,0
5178.0,downpour,medium,0.0,Uttarakhand,79.47740298,30.46050278,2013-7-24,2524,39.66125518,297.9436354,0.7839359641,-0.7081708908,0.03045454063,7.0,76.97114182,193.7479744,275.233736,426.9018059,1,,,,,0.3972745627837645,0.7039397757548151,0.6447237566019395,1.5171508414554529,0,1,100.10500807432,0,0,0
5179.0,downpour,medium,0.0,Uttarakhand,79.21910064,30.26199698,2013-7-24,834,28.32917308,233.0909653,0.6546754241,-0.6146136522,6.607816219,7.0,70.05695343,174.3340759,263.2422104,379.4695206,1,,,,,0.4018546177408567,0.6622573014984834,0.6937110785176457,1.4884621349427127,0,0,23.62653034872,1,0,0
5181.0,downpour,medium,0.0,Uttarakhand,79.23299965,30.2733008,2013-7-24,1014,37.51943288,345.871149,0.6777190566,-0.597453475,1.460327268,7.0,83.08795166,204.4561691,319.7700157,418.4616528,1,,,,,0.40638515348177867,0.6393850550760066,0.7641560787239714,1.4607198157519246,0,1,38.04470494032,1,1,0
5182.0,downpour,medium,0.0,Uttarakhand,79.36279963,30.30100073,2013-7-24,1036,26.58513881,29.14688315,0.6265393496,-0.6148394346,2.503834248,7.0,86.15448761,221.0127335,280.8462524,423.9671669,1,,,,,0.38981685012280076,0.786952760135887,0.6624245326672725,1.5653072710555695,0,1,27.54220380716,1,1,0
5183.0,downpour,medium,0.0,Uttarakhand,79.32859832,30.30559807,2013-7-24,948,11.89416424,32.2843248,0.4775240421,-0.4907598794,1.820881248,7.0,86.15448761,221.0127335,280.8462524,423.9671669,1,,,,,0.38981685012280076,0.786952760135887,0.6624245326672725,1.5653072710555695,0,1,11.27566769952,0,1,0
5184.0,downpour,medium,0.0,Uttarakhand,78.09060026,30.90580199,2013-7-24,1555,19.92856235,128.6881576,0.4047620296,-0.5062007308,4.558835506,7.0,87.65598297,264.5785751,264.5785751,550.8778152,1,,,,,0.3313041614834821,1.0,0.4802854059460408,2.018374401101078,0,1,30.98891445425,0,0,0
5195.0,downpour,medium,0.0,Uttarakhand,79.32759948,30.40409961,2013-7-25,1096,25.57848405,109.7666796,0.4284738898,-0.500634253,5.984620571,7.0,27.33369064,131.207962,185.7924423,279.2803431,1,,,,,0.208323414397672,0.7062072083004207,0.6652542754628262,3.800228543158781,0,0,28.0340185188,1,0,0
5196.0,downpour,medium,0.0,Uttarakhand,78.48000464,30.89279925,2013-7-25,3554,28.53056124,133.2241577,0.3259297013,-0.4667167962,0.4735195339,7.0,50.10310364,308.8833313,308.8833313,507.7392883,1,,,,,0.16220721082335723,1.0,0.6083502664018683,5.164954041956832,0,1,101.39761464696001,0,0,0
5197.0,continuous_rain,medium,2.0,Uttarakhand,78.61849986,30.82029872,2013-7-25,1578,22.58518995,85.53592846,0.5054020286,-0.5368558764,3.831451416,7.0,30.89180756,256.5151901,256.5151901,384.7243462,1,,,,,0.12042876504879546,1.0,0.666750603733952,7.303663992525531,0,0,35.6394297411,0,0,0
5198.0,continuous_rain,medium,0.0,Uttarakhand,78.48000464,30.89279925,2013-7-25,3554,28.53056124,133.2241577,0.3259297013,-0.4667167962,0.4735195339,7.0,50.10310364,308.8833313,308.8833313,507.7392883,1,,,,,0.16220721082335723,1.0,0.6083502664018683,5.164954041956832,0,1,101.39761464696001,0,0,0
5199.0,continuous_rain,medium,0.0,Uttarakhand,78.61710416,30.7866013,2013-7-25,1526,23.30106643,135.5717392,0.3025668561,-0.3738310337,1.364150286,7.0,38.68542862,330.4608879,330.4608879,405.9062195,1,,,,,0.11706507498008815,1.0,0.8141311269067657,7.542257374115143,0,1,35.55742737218,0,0,0
5208.0,continuous_rain,medium,0.0,Uttarakhand,79.24980155,30.28349876,2013-7-26,847,43.93952821,287.6000482,0.6345610023,-0.5802852511,1.687287092,7.0,0.0,204.4561691,249.1144371,319.7700157,1,,,,,0.0,0.8207319153402852,0.7790425145230401,0.0,0,0,37.21678039387,1,0,0
5209.0,continuous_rain,medium,0.0,Uttarakhand,78.33659995,30.65389845,2013-7-26,1010,30.92789406,149.8340881,0.6449211836,-0.6338325739,2.10079217,4.0,0.0,261.7197876,261.7197876,469.2724648,1,,,,,0.0,1.0,0.5577139236403797,0.0,0,1,31.2371730006,1,0,0
5214.0,continuous_rain,medium,0.0,Uttarakhand,78.62999542,31.89310047,2013-7-27,3634,19.6297143,254.1978551,0.04077688977,-0.09506218135,0.1764178276,9.0,10.15678978,34.27378654,59.62400293,133.7887168,1,,,,,0.29634279737799873,0.5748320283064229,0.445657932567898,2.3744704067312106,0,0,71.3343817662,0,0,0
5215.0,rain,medium,0.0,Uttarakhand,78.75399856,30.45210183,2013-7-27,2020,19.01289384,170.590624,0.4005459547,-0.4281357527,3.100075006,7.0,0.0,81.27125549,278.5695343,387.44627,1,,,,,0.0,0.2917449522763552,0.718988814371603,0.0,0,0,38.4060455568,0,0,0
5224.0,rain,medium,0.0,Uttarakhand,80.20099469,29.99639954,2013-7-28,2102,56.30215538,193.6993251,0.3580396771,-0.4658441246,0.2993798554,7.0,93.27397156,93.27397156,188.5760193,463.4973946,1,,,,,1.0,0.49462265619051593,0.40685454006217625,0.0,0,1,118.34713060876001,0,0,0
5225.0,mining,medium,0.0,Himachal Pradesh,78.6148969,30.81900113,2013-7-28,1763,25.92771882,68.5148344,0.3450869322,-0.4472636282,3.85802722,7.0,0.0,92.67542267,256.5151901,343.1974297,1,,,,,0.0,0.36128629510740234,0.7474274802239289,0.0,0,0,45.71056827966,1,0,0
5233.0,rain,medium,0.0,Uttarakhand,75.19450331,32.99179621,2013-7-29,857,25.89196444,200.9680034,0.373742938,-0.4739353657,3.25091958,7.0,9.10611248,61.39535809,173.8911657,352.0675287,1,,,,,0.14831923395008575,0.35306772395741093,0.4939142395269694,5.742213894770604,0,0,22.18941352508,1,0,0
5234.0,downpour,small,1.0,Uttarakhand,75.19450331,32.99179621,2013-7-29,857,25.89196444,200.9680034,0.373742938,-0.4739353657,3.25091958,7.0,9.10611248,61.39535809,173.8911657,352.0675287,1,,,,,0.14831923395008575,0.35306772395741093,0.4939142395269694,5.742213894770604,0,0,22.18941352508,1,0,0
5240.0,downpour,small,1.0,Uttarakhand,78.09490329,30.38220096,2013-7-31,832,14.71934764,270.0,0.3378020525,-0.3697894514,12.70552158,4.0,77.60464096,103.4728546,441.4115639,750.4359598,1,,,,,0.7500000000966437,0.23441355655884305,0.5882068391520595,0.3333333331615224,0,1,12.24649723648,0,0,0
5241.0,rain,small,0.0,Kashmir,79.66250027,29.59520084,2013-7-31,1472,18.72715372,118.522367,0.3650108278,-0.4151470363,10.50044441,6.0,27.34534836,54.69069672,146.2059174,313.1231003,1,,,,,0.5,0.3740662326981849,0.46692791831685887,1.0,0,0,27.56637027584,0,0,0
5244.0,rain,medium,0.0,Kashmir,76.28510132,34.43320063,2013-08-01,3133,53.22907208,274.1623692,0.03479225188,-0.04154955223,0.02817471325,9.0,0.0,0.0,0.0,0.9462746382,1,,,,,0.0,0.0,0.0,0.0,0,0,166.76668282664,0,0,1
5252.0,downpour,medium,4.0,Uttarakhand,75.11990255,32.52819686,2013-08-02,365,2.155622184,210.6692729,0.09878712893,-0.1611231267,6.992948532,7.0,53.44655895,79.66165161,219.3339443,442.348711,1,,,,,0.6709195437179563,0.3631980077877987,0.4958394561705867,0.4904916831881468,0,1,0.7868020971599999,0,0,0
5285.0,downpour,medium,0.0,Uttarakhand,80.3657005,29.56590009,2013-08-05,562,6.550730696,170.6727967,0.4788052738,-0.4712682068,1.661699653,7.0,0.0,29.27282715,113.9378242,255.0301399,1,,,,,0.0,0.2569193097685992,0.4467621914989194,0.0,0,0,3.6815106511519997,0,0,0
5287.0,downpour,medium,0.0,Kashmir,75.14890454,32.83629844,2013-08-06,588,9.878900104,95.33356244,0.6540319324,-0.6061583757,4.016074181,7.0,62.03123474,147.1265769,214.6385746,528.1923676,1,,,,,0.42161814708814854,0.6854619547030854,0.4063644001053528,1.3718144176344667,0,1,5.808793261152,0,0,0
5290.0,continuous_rain,medium,0.0,Kashmir,76.30370469,32.23220173,2013-08-07,1636,7.143408624,49.77234063,0.5532042384,-0.5361871123,8.15470314,7.0,157.7992249,355.9611549,434.3589973,924.4892998,1,,,,,0.44330462110207075,0.8195091090841322,0.469836695128832,1.2557851923897503,1,1,11.686616508864,0,0,0
5293.0,monsoon,medium,1.0,Uttarakhand,75.19149787,32.9912968,2013-08-07,813,31.73795655,165.5448229,0.1363596916,-0.2311410904,2.958896637,7.0,50.56759262,117.0538416,205.7675371,402.1950846,1,,,,,0.43200284526159455,0.5688644732289018,0.5116112677126438,1.3147995689576095,0,1,25.80295867515,1,0,1
5320.0,downpour,medium,0.0,Kashmir,78.34490279,30.60140145,2013-8-13,1650,17.24486063,245.3422348,0.2143125832,-0.2920972407,1.862600088,7.0,32.33203888,81.35493088,271.0750847,556.6375866,1,,,,,0.3974195359798209,0.30011954425850634,0.486986670008676,1.5162326193515947,0,1,28.4540200395,0,0,0
5323.0,unknown,small,0.0,Kashmir,75.44660304,34.26010279,2013-8-13,3397,26.28550347,262.4669911,0.02301781438,-0.0594163537,1.149755359,7.0,11.14805031,11.14805031,16.4948988,42.2326107,1,,,,,1.0,0.6758483604640242,0.3905725581866527,0.0,0,0,89.29185528759,0,0,1
5327.0,downpour,medium,0.0,Himachal Pradesh,75.19149787,33.44310183,2013-8-14,1662,24.27423335,251.1522374,0.1397134513,-0.1936529577,10.82490921,7.0,23.96033335,32.91564631,67.89462304,102.4347885,1,,,,,0.7279314258131606,0.48480490554616973,0.6628082513198141,0.3737557749796499,0,0,40.34377582769999,0,0,1
5328.0,downpour,medium,0.0,Kashmir,75.17929777,33.30180184,2013-8-14,1006,19.39174528,262.0698101,0.6025935411,-0.5756338239,3.012765884,7.0,65.68971252,86.37302017,155.7721486,216.9673753,1,,,,,0.7605350882799864,0.5544830763796758,0.7179519427038947,0.31486372609261654,0,0,19.508095751679996,0,0,0
5329.0,downpour,medium,2.0,Uttarakhand,75.19149787,32.9912968,2013-8-14,813,31.73795655,165.5448229,0.1363596916,-0.2311410904,2.958896637,7.0,100.8083267,141.1571064,258.210948,459.4204512,1,,,,,0.7141569366995751,0.5466735918571509,0.5620362509451995,0.40025244958261974,1,1,25.80295867515,1,0,1
5330.0,downpour,medium,0.0,Kashmir,75.19840056,33.32160025,2013-8-14,1197,36.06930568,259.758836,0.1865460724,-0.2176606208,2.517314911,9.0,64.28251648,83.7886467,148.3846107,206.6235404,1,,,,,0.7671984094713872,0.564672079568963,0.7181399099673931,0.3034437867109462,0,0,43.17495889896,1,0,1
5331.0,downpour,medium,0.0,Kashmir,74.62640491,33.0498002,2013-8-14,795,13.14790149,294.5698175,0.6382707953,-0.6071454287,0.6159818172,4.0,141.4893951,179.01194,352.0522461,582.997941,1,,,,,0.7903908258856922,0.5084811756864971,0.6038653335484079,0.26519687128127395,1,1,10.452581684550001,0,0,0
5332.0,downpour,medium,0.0,Kashmir,74.09670384,33.77050241,2013-8-14,1008,2.415145527,247.4305136,0.146609351,-0.2172273397,23.42883682,7.0,119.5933571,174.4430084,287.8532925,425.9460216,1,,,,,0.6855726589269255,0.6060135942339446,0.675797584442094,0.4586345983593096,1,1,2.434466691216,0,0,0
5333.0,downpour,medium,0.0,Kashmir,74.09670384,33.77060051,2013-8-14,1008,2.415145527,247.4305136,0.146609351,-0.2172273397,23.42883682,7.0,119.5933571,174.4430084,287.8532925,425.9460216,1,,,,,0.6855726589269255,0.6060135942339446,0.675797584442094,0.4586345983593096,1,1,2.434466691216,0,0,0
5334.0,downpour,medium,0.0,Kashmir,77.30519649,32.35730181,2013-8-15,3477,37.7919344,336.7091415,-0.008188446052,0.02856544964,0.07301095128,9.0,0.0,11.63758564,23.02456856,65.94562054,1,,,,,0.0,0.5054420720055395,0.3491447706680417,0.0,0,0,131.40255590880003,0,1,1
5346.0,downpour,medium,3.0,Kashmir,78.72480037,31.0342999,2013-8-17,2487,38.20886293,329.7353322,0.2880743444,-0.2986620963,0.460198611,7.0,0.0,0.0,0.0,280.7437325,1,,,,,0.0,0.0,0.0,0.0,0,0,95.02544210691,0,1,1
5347.0,downpour,medium,0.0,Kashmir,78.43959626,30.72919929,2013-8-17,1132,7.73013399,256.2013924,0.1429564804,-0.2331755757,9.441507339,7.0,0.0,73.03714371,248.2986832,592.4222183,1,,,,,0.0,0.29415034654521277,0.4191245289761611,0.0,0,1,8.75051167668,0,0,0
5358.0,downpour,medium,0.0,Himachal Pradesh,78.05740225,30.66390021,2013-8-18,876,25.97022658,175.568224,0.6269299388,-0.611228168,1.42569232,4.0,32.15662003,84.5973587,221.7949162,538.6963749,1,,,,,0.380113759154516,0.3814215408964365,0.4117252807598204,1.6307913773610616,0,1,22.74991848408,1,0,0
5359.0,rain,medium,0.0,Uttarakhand,78.45429792,30.74200137,2013-8-18,1189,21.6454328,94.67951763,0.6339174509,-0.6270596385,3.737799883,7.0,0.0,73.03714371,248.2986832,592.4222183,1,,,,,0.0,0.29415034654521277,0.4191245289761611,0.0,0,1,25.736419599199998,0,0,0
5360.0,rain,medium,0.0,Uttarakhand,79.31580516,30.36419957,2013-8-18,973,27.09288443,241.6634027,0.6862683296,-0.6651611924,3.664237738,7.0,0.0,56.5786972,117.069253,314.7162905,1,,,,,0.0,0.4832925447982486,0.3719834547299991,0.0,0,0,26.361376550390002,1,0,0
5361.0,unknown,medium,0.0,Himachal Pradesh,78.06600386,31.08260088,2013-8-18,2224,21.43610854,8.304028451,0.4991522431,-0.4842474163,0.09540455043,7.0,0.0,0.0,131.1594467,500.6385498,1,,,,,0.0,0.0,0.2619843133382294,0.0,0,1,47.673905392959995,0,1,0
5365.0,rain,medium,0.0,Uttarakhand,78.33029924,30.62929759,2013-8-19,955,16.95605237,99.16512447,0.2336554974,-0.2867561281,3.305202246,4.0,24.57734156,49.20999956,210.7306933,491.850101,1,,,,,0.4994379552886141,0.23352079751355326,0.428444952784507,1.0022507088435482,0,1,16.193030013349997,0,0,0
5377.0,rain,medium,0.0,Uttarakhand,74.02259804,34.09420193,2013-8-19,1294,12.31320831,63.57857652,0.5265241265,-0.5497817993,9.319766998,7.0,5.693247318,46.44410181,143.4999576,239.9849143,1,,,,,0.12258278438219625,0.3236523730512935,0.5979540756491625,7.157752371508693,0,0,15.93329155314,0,0,0
5382.0,rain,medium,0.0,Uttarakhand,77.37370166,31.53750054,2013-8-21,3123,38.42147792,0.0,0.5855260491,-0.5532053113,0.7370821834,7.0,15.5006597,26.51540732,71.25076461,110.8116872,1,,,,,0.5845906688489068,0.37214207405542116,0.6429896196905844,0.7105986347148826,0,0,119.99027554416,0,1,0
5410.0,tropical_cyclone,medium,2.0,Kashmir,78.15139564,29.95310167,2013-8-28,306,5.094330512,155.2190252,0.236510098,-0.2714796662,15.58359623,7.0,47.58937454,99.67288113,162.1223235,370.6931796,1,,,,,0.47745559273972205,0.6148004727430396,0.4373490865813599,1.0944356191574354,0,0,1.558865136672,0,0,0
5567.0,downpour,medium,0.0,Uttarakhand,78.31540138,30.60040262,2013-9-30,906,20.20919328,41.61881265,0.6763401031,-0.6349436045,2.815877914,4.0,58.35904694,58.35904694,58.35904694,176.6004181,1,,,,,1.0,1.0,0.33045814708634597,0.0,0,0,18.30952911168,0,1,0
5598.0,downpour,medium,0.0,Himachal Pradesh,77.0857017,32.36650093,2013-10-11,3686,11.19964468,191.1623664,-0.029771097,0.04899620637,0.4366668761,7.0,0.0,0.0,8.854556084,76.969203,1,,,,,0.0,0.0,0.1150402464736448,0.0,0,0,41.28189029048001,0,0,0
5608.0,downpour,medium,0.0,Uttarakhand,79.08529639,30.53450156,2013-10-16,1408,24.86243839,58.39886762,0.3066314161,-0.3491620123,3.049673557,7.0,0.0,12.21752167,33.64197874,104.1020923,1,,,,,0.0,0.36316299241558825,0.3231633293502978,0.0,0,0,35.006313253120005,0,0,0
5611.0,unknown,medium,1.0,Uttarakhand,79.08529639,30.53450156,2013-10-18,1408,24.86243839,58.39886762,0.3066314161,-0.3491620123,3.049673557,7.0,0.0,5.590993404,26.3367033,104.1020923,1,,,,,0.0,0.2122890378614699,0.25298918319627284,0.0,0,0,35.006313253120005,0,0,0
5864.0,downpour,medium,3.0,Himachal Pradesh,77.47020107,31.82459976,2014-2-12,3706,39.07747258,203.5068195,0.1967152357,-0.3369092643,0.737411201,7.0,4.838386536,33.86870575,78.51889324,153.6183033,1,,,,,0.1428571428655788,0.43134466562687374,0.5111298038923204,5.999999999586638,0,0,144.82111338148,0,0,1
5897.0,unknown,medium,0.0,Uttarakhand,75.24400379,33.23590078,2014-2-23,731,37.00304166,188.8635328,0.01280663442,-0.06416487694,7.876481533,7.0,8.259465218,8.259465218,21.14098215,63.2014699,1,,,,,1.0,0.39068502869910426,0.3345014314295244,0.0,0,0,27.049223453459998,1,0,1
5940.0,rain,medium,0.0,Uttarakhand,75.24389677,33.23590078,2014-3-10,731,37.00304166,188.8635328,0.01280663442,-0.06416487694,7.876481533,7.0,36.05206394,60.65784836,68.8597765,90.00075865,1,,,,,0.5943511831483631,0.8808894167700356,0.7651021783914707,0.682506956077478,0,0,27.049223453459998,1,0,1
5943.0,snowfall_snowmelt,large,0.0,Himachal Pradesh,74.05600117,34.08229613,2014-3-11,1336,8.933509348,275.9107332,0.3932553828,-0.4124353826,13.21985912,7.0,51.89174724,56.57386947,85.53295875,110.4851913,1,,,,,0.9172387840205479,0.661427715079481,0.7741576743778513,0.09022864865862237,0,0,11.935168488928,0,0,0
5970.0,unknown,large,2.0,Kashmir,75.24490453,33.23549946,2014-3-20,724,35.35988722,204.1484595,0.1100501567,-0.1541275084,7.901337147,7.0,18.6513195,46.28291893,161.5920534,202.6592312,1,,,,,0.40298494414773073,0.2864182857769168,0.7973584644685063,1.4814822849396796,0,0,25.60055834728,1,0,1
5994.0,snowfall_snowmelt,medium,0.0,Kashmir,74.35240207,34.20900149,2014-4-15,1585,2.241905782,90.0,0.2794655561,-0.3142303228,28.86743546,7.0,6.716264725,10.07439709,40.90478826,92.3913362,1,,,,,0.6666666665012309,0.24628894363087458,0.4427340261802599,0.5000000003722306,0,0,3.55342066447,0,0,0
6022.0,continuous_rain,large,0.0,Kashmir,74.02410076,34.08929692,2014-5-12,1363,12.65584598,73.24025219,0.5442331433,-0.5530657172,10.17817879,7.0,10.31830978,15.47746468,55.90296459,127.7507088,1,,,,,0.6666666662359328,0.27686303925943545,0.43759416378283145,0.5000000009691511,0,0,17.24991807074,0,0,0
6024.0,unknown,medium,0.0,Kashmir,75.24050339,33.23940118,2014-5-14,739,6.623883476,270.0,0.2547490001,-0.2928492129,7.818920612,7.0,13.86572361,22.79491425,45.90574026,117.9639378,1,,,,,0.6082814551495844,0.49655912574102123,0.38915062616704205,0.6439758133906724,0,0,4.8950498887639995,0,0,0
6162.0,unknown,small,1.0,Kashmir,78.08029974,30.43050195,2014-7-19,1508,27.06781179,262.720472,0.7387906313,-0.6699023247,4.195926189,7.0,138.1979752,378.7198219,463.6821079,492.865016,1,,,,,0.3649082176546091,0.8167660891967748,0.9407892482675215,1.7404151280213547,1,1,40.81826017932,1,0,0
6167.0,rain,small,0.0,Kashmir,78.99529835,30.63260178,2014-7-20,1896,16.36091467,106.0037856,0.478421092,-0.5449752212,1.821816206,7.0,106.184761,214.9836922,258.5032654,310.9753265,1,,,,,0.49392007325474707,0.8316478782863376,0.8312661596321211,1.0246190712808594,1,0,31.020294214319996,0,0,0
6174.0,rain,small,2.0,Kashmir,75.24060149,33.23949928,2014-7-22,739,6.623883476,270.0,0.2547490001,-0.2928492129,7.818920612,7.0,0.0,54.30132294,67.1027565,96.11932373,1,,,,,0.0,0.8092264129268669,0.6981193156174529,0.0,0,0,4.8950498887639995,0,0,0
6177.0,rain,small,0.0,Uttarakhand,79.14639945,29.15849878,2014-7-23,229,1.854334169,0.0,0.3651265204,-0.3834631741,79.47422791,7.0,61.58576679,156.4422159,233.7020073,315.2606726,1,,,,,0.39366462841057215,0.6694089524835674,0.7412976866813928,1.5402333047739585,0,0,0.42464252470099995,0,1,0
6184.0,continuous_rain,small,3.0,Uttarakhand,80.21820236,29.58289818,2014-7-28,1561,11.14917614,109.1805567,0.2599902749,-0.2901773155,27.28443146,4.0,27.73762894,88.27922058,255.240675,444.204546,1,,,,,0.3142033737697506,0.34586658486152333,0.5746016723565904,2.1826520129373392,0,1,17.40386395454,0,0,0
6197.0,rain,small,0.0,Kashmir,74.94650148,33.02719702,2014-8-16,1750,25.92052974,357.7232498,0.03420205414,-0.08898387849,4.607152939,4.0,153.4551907,184.1462288,286.4223061,568.2100754,1,,,,,0.833333333514349,0.6429186026304394,0.5040781895646055,0.1999999997393375,1,1,45.360927045,1,1,1
6225.0,continuous_rain,small,2.0,Uttarakhand,75.14659918,33.06769903,2014-09-07,1709,30.88409129,225.2765172,0.2099312544,-0.3457525969,2.267855644,7.0,408.3108215,408.3108215,446.3772621,609.8334198,1,,,,,1.0,0.9147213717362866,0.7319658903678863,0.0,1,1,52.78091201461,1,0,1
6247.0,continuous_rain,medium,7.0,Uttarakhand,77.09909684,31.01640107,2014-10-15,1692,12.57024576,248.7163742,0.1699479222,-0.2140045762,6.549302101,7.0,0.0,0.0,41.29650879,63.07631302,1,,,,,0.0,0.0,0.6547070811971184,0.0,0,0,21.26885582592,0,0,0
6263.0,downpour,medium,0.0,Haryana,74.48889962,33.0364987,2014-9-26,618,12.76917838,0.0,0.4646100104,-0.4805188775,2.487756491,7.0,0.0,0.0,0.0,598.7702026,1,,,,,0.0,0.0,0.0,0.0,0,1,7.89135223884,0,1,0
6294.0,unknown,medium,0.0,Himachal Pradesh,74.5128004,33.35509701,2014-09-06,1842,18.41295239,13.46542813,0.4230265617,-0.5100673437,9.183091164,4.0,398.7325439,398.7325439,398.7325439,609.7011185,1,,,,,1.0,1.0,0.6539803385648537,0.0,1,1,33.91665830238001,0,1,0
6299.0,rain,medium,14.0,Uttarakhand,75.31420342,33.12060181,2014-10-26,1524,39.57085594,343.7006825,0.4046743214,-0.3851580918,9.754714966,7.0,0.0,0.0,0.0,17.48347473,1,,,,,0.0,0.0,0.0,0.0,0,0,60.305984452560004,1,1,0
6310.0,downpour,medium,0.0,Kashmir,78.03659609,30.48760074,2012-08-05,1319,29.45083304,52.98296752,0.6282885671,-0.5579820871,4.675897121,4.0,215.4563446,235.8952866,547.5585899,858.9645958,1,,,,,0.9133558694851854,0.4308128681591522,0.6374635143023901,0.09486349560949527,1,1,38.84564877976,1,0,0
6337.0,downpour,medium,0.0,Kashmir,76.98320035,31.776602,2014-09-09,986,24.56081859,270.0,0.6239955425,-0.6072767973,9.146868706,6.0,84.71772003,272.9234772,308.4500465,510.7208977,1,,,,,0.31040832726866635,0.8848222922864756,0.6039503139368013,2.221563057921685,0,1,24.216967129740002,0,0,0
6338.0,downpour,medium,0.0,Uttarakhand,75.21379784,33.26109916,2014-9-11,1227,45.97562291,309.901687,0.4956859648,-0.4903488457,2.128142834,7.0,0.0,369.0308228,369.0308228,461.1582813,1,,,,,0.0,1.0,0.8002259479320338,0.0,0,1,56.41208931057,1,0,0
6339.0,unknown,medium,2.0,Himachal Pradesh,74.37229858,33.54050198,2014-09-06,1518,35.96033105,297.9417415,0.2948589325,-0.3373616636,6.494915009,7.0,445.6549072,445.6549072,445.6549072,697.7349014,1,,,,,1.0,1.0,0.6387166620242111,0.0,1,1,54.5877825339,1,0,1
6341.0,unknown,medium,2.0,Himachal Pradesh,79.04779981,30.68800166,2014-9-11,2665,49.99301603,115.7705632,0.5194888115,-0.5958830118,0.7360188961,7.0,8.212590218,35.83903313,46.90482807,159.1103792,1,,,,,0.22915211435002242,0.7640798315370522,0.2947942699014069,3.3639134765849574,0,0,133.23138771995,0,0,0
6356.0,downpour,medium,5.0,Kashmir,75.09220261,32.94110069,2014-11-07,702,8.909251595,338.3375422,0.6643379927,-0.6266906857,4.716932774,4.0,0.0,0.0,0.0,0.0,1,,,,,0.0,0.0,0.0,0.0,0,0,6.2542946196900004,0,1,0
6358.0,downpour,small,0.0,Kashmir,75.1370032,32.84679963,2014-09-06,594,18.64509048,256.1205249,0.3503671288,-0.400154233,3.841910124,4.0,530.0473328,530.0473328,530.0473328,824.10149,1,,,,,1.0,1.0,0.6431821070970276,0.0,1,1,11.07518374512,0,0,0
6359.0,rain,medium,1.0,Kashmir,75.05560231,32.91480092,2014-09-06,681,16.00837973,70.21242244,0.4054410458,-0.4275695682,7.839003086,4.0,506.2349701,506.2349701,506.2349701,791.0816231,1,,,,,1.0,1.0,0.6399276071111656,0.0,1,1,10.901706596130001,0,0,0
6369.0,rain,medium,5.0,Kashmir,74.94259531,33.00859811,2014-09-04,1479,32.81038354,197.4224021,0.5423753858,-0.5594222546,4.855388641,4.0,0.0,0.0,0.0,317.1793785,1,,,,,0.0,0.0,0.0,0.0,0,0,48.526557255659995,1,0,0
6370.0,downpour,medium,13.0,Kashmir,74.25620143,33.79800169,2014-09-04,1412,61.92248638,290.7350717,0.4139288366,-0.5024826527,5.669547558,7.0,0.0,0.0,50.8759346,266.9211807,1,,,,,0.0,0.0,0.19060283813587972,0.0,0,0,87.43455076856,1,0,0
6371.0,continuous_rain,medium,3.0,Kashmir,74.82879459,33.1253017,2014-09-03,796,21.46473968,231.8632885,0.6065967679,-0.6148681641,3.617246389,4.0,0.0,0.0,0.0,300.0668831,1,,,,,0.0,0.0,0.0,0.0,0,0,17.08593278528,0,0,0
6374.0,rain,medium,2.0,Kashmir,75.44809684,33.12609988,2014-11-06,886,25.66735659,208.8596252,0.2226373702,-0.273515135,1.770052552,7.0,0.0,0.0,8.543274879,25.79423809,1,,,,,0.0,0.0,0.331208654009908,0.0,0,0,22.74127793874,1,0,1
6432.0,downpour,medium,41.0,Kashmir,76.98339655,30.70899956,2014-08-04,741,24.37192005,274.0981111,0.6099292636,-0.5890435576,1.259370804,4.0,40.09191513,92.15879631,149.7860966,287.9430523,1,,,,,0.4350308026500308,0.6152693634583972,0.5201934736870886,1.2986878030438453,0,0,18.059592757049998,0,0,0
6510.0,unknown,large,0.0,Himachal Pradesh,78.74719843,30.11759791,2014-8-15,1475,28.48923778,270.0,0.6737757325,-0.6744003892,1.123785615,7.0,46.38637924,134.2866783,197.3601456,465.5068817,1,,,,,0.34542800393328366,0.6804143657867265,0.42396826633207646,1.8949592639082649,0,1,42.0216257255,1,0,0
6525.0,unknown,small,0.0,Kashmir,78.45939467,30.99360169,2014-8-18,3008,55.98765365,130.1288002,0.6729466915,-0.6615147591,0.2097495794,7.0,0.0,0.0,230.2146492,532.0427837,1,,,,,0.0,0.0,0.43269950510184885,0.0,0,1,168.4108621792,0,0,0
6530.0,downpour,medium,0.0,Uttarakhand,74.24929874,34.53819908,2014-8-17,1663,21.86430963,78.36333754,0.604660511,-0.572298944,17.94244957,7.0,30.50222111,30.50222111,42.73721266,60.91191244,1,,,,,1.0,0.7137157341697352,0.7016232284956968,0.0,0,0,36.360346914690005,0,0,0
6538.0,continuous_rain,medium,0.0,Kashmir,78.13459821,31.52159938,2014-8-20,1920,44.11381772,131.90188,0.1396882981,-0.1972212493,2.396231174,9.0,0.0,58.50548744,84.7552166,233.6441107,1,,,,,0.0,0.6902877461350267,0.362753490109691,0.0,0,0,84.69853002239999,1,0,1
6552.0,mining,medium,2.0,Himachal Pradesh,77.92769592,31.55930108,2014-8-26,1586,47.43361706,264.0261072,0.4512282014,-0.5134587288,0.7623749375,9.0,0.0,0.0,65.7754097,161.4800148,1,,,,,0.0,0.0,0.4073284844658065,0.0,0,0,75.22971665716001,1,0,0
6566.0,unknown,medium,0.0,Kashmir,75.3504024,32.61880133,2011-8-27,762,5.675157054,144.5355763,0.2764016688,-0.3178600371,3.421581745,4.0,39.38798904,78.77597809,78.77597809,495.5044785,1,,,,,0.49999999993652894,1.0,0.15898136446409533,1.0000000002538842,0,1,4.324469675147999,0,0,0
6567.0,unknown,medium,0.0,Kashmir,75.84660224,32.57639974,2011-8-27,790,13.0119359,94.01687955,0.5058220029,-0.5532508492,0.9082009196,4.0,48.12885666,72.19328499,134.0433178,622.1854572,1,,,,,0.6666666666666666,0.5385817523385712,0.21543949034622345,0.5,0,1,10.279429360999998,0,0,0
6631.0,downpour,medium,0.0,Kashmir,77.39569841,28.63629792,2015-01-05,206,2.133885618,150.3305706,0.05987953767,-0.1105084717,55.0148735,7.0,7.94214344,13.08475637,13.08475637,17.6238122,1,,,,,0.6069767915747598,1.0,0.7424475602389816,0.6475094499174645,0,0,0.439580437308,0,0,0
6730.0,unknown,large,0.0,Kashmir,77.28529999,33.28699762,2014-12-31,4081,33.02084907,63.36351282,-0.0106770657,-0.02788033895,0.003605728038,9.0,0.0,0.0,2.208957672,10.47732174,1,,,,,0.0,0.0,0.21083228393824238,0.0,0,0,134.75808505467,0,0,1
6734.0,unknown,small,0.0,Uttar Pradesh,77.21349954,28.57140016,2015-1-29,216,3.489039055,217.2024818,0.1982024312,-0.2479632795,105.8641968,7.0,7.159534931,7.159534931,7.159534931,25.0790534,1,,,,,1.0,1.0,0.2854786748450402,0.0,0,0,0.75363243588,0,0,0
6804.0,unknown,small,1.0,NCT,75.19219795,33.3375995,2015-2-26,1209,31.01369953,244.480248,0.2889480889,-0.2876196802,3.252476931,9.0,78.16222572,127.0074167,158.2836967,195.9375393,1,,,,,0.615414656489112,0.8024036546273056,0.8078273171413662,0.6249206765807539,0,0,37.49556273177,1,0,1
6827.0,unknown,medium,0.0,Kashmir,74.32100108,34.20920215,2015-03-05,1626,42.97610379,346.6385817,0.4395581186,-0.4290458262,4.774554729,7.0,6.144377708,19.42718148,81.12141562,108.5088677,1,,,,,0.3162773619181736,0.23948277198469337,0.747601715320452,2.1617817789270584,0,0,69.87914476254001,1,1,0
6840.0,unknown,medium,2.0,Kashmir,74.17939787,33.74529957,2015-02-05,1142,1.115281563,270.0,0.3736594617,-0.4472272694,6.705453396,7.0,12.46791172,16.62388229,30.93393135,62.13402033,1,,,,,0.750000000150386,0.537399598580282,0.49785819725983926,0.33333333306598045,0,0,1.2736515449459997,0,0,0
6841.0,continuous_rain,medium,0.0,Kashmir,75.24490453,33.12130189,2015-03-05,2306,18.22980229,69.87652321,0.4088726342,-0.4848609865,1.146502137,7.0,13.33484459,38.77217674,121.5825422,147.3640809,1,,,,,0.3439281905532756,0.3188959207335936,0.8250486920384953,1.9075836976064826,0,0,42.03792408074,0,0,0
6842.0,continuous_rain,medium,0.0,Kashmir,75.20300235,33.32959987,2015-03-02,1158,28.7552389,237.9269386,0.2678927183,-0.3042949736,3.188549757,9.0,51.64801931,129.810245,204.355063,237.6963766,1,,,,,0.3978732133969857,0.6352191283853829,0.8597315025289283,1.5133634693879998,0,0,33.2985666462,1,0,1
6851.0,unknown,medium,0.0,Kashmir,76.12380226,32.56119866,2015-3-10,915,32.16946698,197.779725,0.4985044003,-0.5653366446,5.501567841,7.0,34.13193703,43.55623341,161.103899,269.4429388,1,,,,,0.7836292157935703,0.2703611376283326,0.5979147188547516,0.27611372808160817,0,0,29.435062286700003,1,0,0
6867.0,downpour,medium,0.0,Himachal Pradesh,74.97810313,33.89110326,2015-3-15,1638,15.46941999,20.62940931,0.4190932512,-0.4590931535,6.054675102,7.0,9.845615387,60.10876036,119.1735883,205.4497982,1,,,,,0.16379668001857292,0.5043798816285202,0.5800618415988301,5.105129846872414,0,0,25.338909943620003,0,1,0
6871.0,continuous_rain,small,0.0,Kashmir,74.24529892,33.68460229,2015-3-15,1356,17.16462037,118.1433395,0.4930720627,-0.5566350818,2.366858959,7.0,6.825524569,26.93306088,81.75825667,181.0716908,1,,,,,0.2534255055305842,0.32942313078799657,0.45152423500758515,2.945932742272135,0,0,23.27522522172,0,0,0
6872.0,rain,medium,1.0,Kashmir,74.10109606,33.77320017,2015-3-15,1052,21.72031356,219.4583785,0.4081792831,-0.4695049524,13.20371437,7.0,4.429722786,26.09704304,64.26950216,157.9985533,1,,,,,0.16974041002309664,0.4060564056499298,0.406772725557608,4.891349030345395,0,0,22.849769865120003,0,0,0
6873.0,continuous_rain,medium,0.0,Kashmir,75.29659888,33.08089797,2015-3-15,1743,18.7428603,149.1741693,0.4158831239,-0.5253428817,6.715769291,4.0,25.63605881,53.01329994,125.7820873,230.9755468,1,,,,,0.48357787270391905,0.4214693926453867,0.5445688474066641,1.0679192668773567,0,0,32.6688055029,0,0,0
6874.0,continuous_rain,medium,0.0,Kashmir,75.19689784,33.33429977,2015-3-22,1167,41.13364456,225.2263738,0.04595085606,-0.09161963314,3.159133434,9.0,0.0,89.41272736,213.8245888,450.5007739,1,,,,,0.0,0.4181592391304999,0.4746375615493698,0.0,0,1,48.002963201520004,1,0,1
6889.0,unknown,medium,0.0,Kashmir,74.38359794,34.078604,2015-3-15,2698,10.70743799,148.881955,0.5637931228,-0.5282050371,3.384082556,7.0,4.806786537,37.80340958,78.88683319,164.3335252,1,,,,,0.1271521958046621,0.47921063695065536,0.48004102080809014,6.8645908839533725,0,0,28.88866769702,0,0,0
6890.0,continuous_rain,small,1.0,Kashmir,74.4116992,34.09680159,2015-3-15,2071,12.78486365,328.8765486,0.2160034925,-0.2600580752,2.595329762,7.0,4.574078083,38.21523714,78.01112509,160.8210887,1,,,,,0.11969252123813982,0.4898690679811602,0.4850801951448299,7.354740878174028,0,0,26.47745261915,0,1,0
6891.0,snowfall_snowmelt,medium,1.0,Kashmir,74.55940246,34.13270181,2015-3-15,1614,3.833650988,118.8910696,0.3497112095,-0.3803678155,19.42268753,7.0,4.950682163,43.58401537,94.03864241,180.1175373,1,,,,,0.1135894001727909,0.46346921066743635,0.5220959814333415,7.803638354272595,0,0,6.187512694632,0,0,0
6907.0,snowfall_snowmelt,medium,0.0,Kashmir,75.8103007,33.1753997,2015-3-21,1061,43.56493255,274.8816833,0.1270977259,-0.2012805939,2.122850657,7.0,0.0,54.48570442,101.6351185,205.691789,1,,,,,0.0,0.5360913159165549,0.4941136396066836,0.0,0,0,46.22239343555,1,0,1
6908.0,continuous_rain,medium,0.0,Kashmir,75.57869499,33.09769986,2015-3-15,1082,20.79527143,75.18189685,0.3515167236,-0.4311485887,3.63863492,7.0,13.14219379,40.60933638,112.1576276,232.1232679,1,,,,,0.3236249336118799,0.3620737817746067,0.48318132264240793,2.089996771383783,0,0,22.500483687259997,0,0,0
6924.0,snowfall_snowmelt,medium,0.0,Kashmir,74.79428561,33.95483273,2015-3-28,1614,3.350656787,90.0,0.3423422575,-0.3530213535,7.383366585,7.0,0.0,10.35066605,47.1282022,165.903692,1,,,,,0.0,0.21962785692682332,0.2840696408371671,0.0,0,0,5.407960054218001,0,0,0
6925.0,continuous_rain,medium,0.0,Kashmir,75.24050339,33.01859987,2015-3-28,1013,18.05854346,173.1989429,0.0935459286,-0.2022423893,5.847728252,7.0,0.0,3.371779203,70.70509315,181.3696835,1,,,,,0.0,0.04768792533582852,0.3898396456649272,0.0,0,0,18.293304524979998,0,0,0
6928.0,continuous_rain,large,0.0,Kashmir,79.81020353,30.61449783,2015-3-31,2716,40.25635441,138.2090456,0.08585986495,-0.161269024,0.1513350457,7.0,45.52704048,50.58921766,50.58921766,213.6597314,1,,,,,0.899935650042626,1.0,0.23677469464421502,0.1111905611836073,0,0,109.33625857756,0,0,1
6931.0,downpour,medium,0.0,Kashmir,74.7958998,33.70989877,2015-3-23,2215,17.06965709,333.6648469,0.671875,-0.5957739949,8.630789757,7.0,0.0,19.8251915,63.71913052,212.8953059,1,,,,,0.0,0.3111340556314923,0.29929795892225913,0.0,0,0,37.80929045435,0,1,0
6932.0,downpour,medium,0.0,Kashmir,74.03569888,34.07960283,2015-3-23,1292,35.8993742,87.43652896,0.3773773313,-0.4199446142,9.284189224,7.0,0.0,9.942565918,40.67826915,165.5217259,1,,,,,0.0,0.24441959124015483,0.2457578842222548,0.0,0,0,46.381991466399995,1,0,0
6933.0,continuous_rain,medium,0.0,Kashmir,74.65660195,33.93439667,2015-3-30,2074,20.1204599,158.111571,0.2701383829,-0.3697352409,10.96021652,7.0,64.31401062,76.3355608,92.77278042,216.1285504,1,,,,,0.84251703853337,0.8228228199523008,0.4292481499936068,0.18691961617864955,0,0,41.7298338326,0,0,1
6934.0,continuous_rain,medium,0.0,Kashmir,74.59149907,34.00959941,2015-3-30,1822,28.84291937,357.9679375,0.2838532031,-0.338105917,2.235126257,7.0,55.95973206,71.12053871,83.63786173,198.8623955,1,,,,,0.7868294177042237,0.8503390359212141,0.42058158617525054,0.2709235032388038,0,0,52.55179909214,1,1,1
6947.0,continuous_rain,medium,16.0,Kashmir,78.62780154,30.02610161,2015-6-21,494,28.47775523,268.2899376,0.5636425614,-0.5404905677,0.7394429445,7.0,65.20658112,65.20658112,65.20658112,65.20658112,1,,,,,1.0,1.0,1.0,0.0,0,0,14.06801108362,1,0,0
7011.0,construction,medium,4.0,Uttarakhand,74.65679815,34.1410002,2015-6-25,1580,4.32615327,148.8633061,0.4684155881,-0.4905336797,11.95130825,7.0,0.0,36.63930893,36.63930893,36.63930893,1,,,,,0.0,1.0,1.0,0.0,0,0,6.8353221666,0,0,0
7012.0,continuous_rain,medium,0.0,Kashmir,79.04789791,30.68380118,2015-6-25,2495,40.42216439,133.1730345,0.550719142,-0.543341279,0.4598414302,7.0,148.0941162,238.3390121,238.3390121,238.3390121,1,,,,,0.621359109006729,1.0,1.0,0.6093752960321862,1,0,100.85330015305,0,0,0
7026.0,downpour,small,0.0,Himachal Pradesh,75.44460091,34.26070031,2015-5-30,3357,11.31196638,144.0216611,-0.01348284353,-0.01460145973,1.339110613,9.0,0.0,8.116671324,21.01595235,53.58036149,1,,,,,0.0,0.3862147757486708,0.39223237330943206,0.0,0,0,37.97427113766,0,0,0
7027.0,continuous_rain,small,0.0,Kashmir,76.05390139,34.6055984,2015-6-25,2834,39.57416795,182.727793,0.05903858691,-0.1285463125,0.5985657573,9.0,0.0,8.844069481,8.844069481,51.97031879,1,,,,,0.0,1.0,0.17017539408863033,0.0,0,0,112.1531919703,0,0,1
7062.0,continuous_rain,medium,4.0,Kashmir,74.48380286,33.63029935,2015-5-14,2746,35.1294498,126.7411438,0.1132404357,-0.198507607,1.068954706,7.0,65.35279846,97.50057411,154.5254631,368.5743241,1,,,,,0.670281165588513,0.630967687486581,0.41925183876366495,0.49191123268694376,0,0,96.4654691508,0,0,1
7084.0,continuous_rain,small,4.0,Kashmir,79.4524989,29.39299845,2015-07-06,1991,13.9894146,167.0717748,0.2520606816,-0.3601235449,13.54736996,4.0,110.2627182,110.2627182,326.2565842,416.911438,1,,,,,1.0,0.3379631968818976,0.7825560885667043,0.0,1,1,27.852924468599998,0,0,0
7110.0,continuous_rain,medium,0.0,Kashmir,79.55409952,30.55680153,2015-4-30,1872,18.38540155,13.07538759,0.5139154792,-0.5602827072,4.206285,7.0,6.386226654,6.386226654,12.61350679,76.23558807,1,,,,,1.0,0.5063006474189244,0.165454312209387,0.0,0,0,34.4174717016,0,1,0
7111.0,continuous_rain,medium,0.0,Kashmir,79.57650204,30.56310223,2015-4-28,1454,18.43327006,312.8399529,0.1619083434,-0.2012644857,0.8830240369,7.0,3.193113327,3.193113327,16.72788095,132.5763054,1,,,,,1.0,0.19088570372686683,0.12617549493123828,0.0,0,0,26.801974667240003,0,0,0
7157.0,continuous_rain,medium,0.0,Kashmir,75.31559911,34.04040288,2015-7-10,2542,38.77042738,152.4753463,0.5297793746,-0.5714219809,2.494091511,7.0,0.0,32.83277035,32.83277035,51.95296192,1,,,,,0.0,1.0,0.63197109725058,0.0,0,0,98.55442639996001,0,0,0
7158.0,continuous_rain,small,0.0,Kashmir,75.14469961,32.92620284,2015-7-11,717,35.18426166,68.44610593,0.2820484638,-0.333368957,24.28553772,7.0,98.9518261,180.805912,209.2438493,243.2449794,1,,,,,0.5472820274814908,0.8640918842052674,0.8602185739501433,0.8272114737658186,0,0,25.227115610219997,1,0,1
7159.0,continuous_rain,small,0.0,Uttarakhand,79.45520112,29.39080011,2015-7-10,1951,5.936953685,159.0644753,0.1773482263,-0.2345891893,13.27845955,4.0,36.82126236,220.7265053,220.7265053,527.3752251,1,,,,,0.16681849019425396,1.0,0.4185378735949271,4.994539327358358,0,1,11.582996639434999,0,0,0
7160.0,continuous_rain,small,0.0,Uttarakhand,78.48619833,30.37990007,2015-7-11,927,39.72165506,13.05243082,0.6915829778,-0.6037136912,5.680429935,4.0,20.28063393,94.19956779,139.2183208,195.7180595,1,,,,,0.21529434163871974,0.6766319780952279,0.7113207700692535,3.644803910722726,0,0,36.82197424062,1,1,0
7161.0,downpour,small,0.0,Kashmir,78.9000029,30.24099907,2015-7-11,707,43.16724249,10.35745045,0.6253842711,-0.5877645612,4.440609455,7.0,24.93191147,107.9096336,107.9096336,245.070837,1,,,,,0.23104435292976472,1.0,0.44032017404012863,3.3281733023095805,0,0,30.51924044043,1,1,0
7167.0,rain,small,0.0,Kashmir,73.95929664,34.66090017,2015-04-08,2069,56.16162812,305.1123198,0.7312760949,-0.6298853755,0.0,7.0,0.0,10.43490577,42.63761508,72.64536393,1,,,,,0.0,0.2447347430296282,0.5869282329025838,0.0,0,0,116.19840858028002,0,0,0
7168.0,rain,small,0.0,Uttarakhand,74.32790377,34.20880083,2015-04-07,1589,2.908204422,50.40947758,0.06847735494,-0.1258221716,11.50404739,7.0,6.504421711,38.39809084,92.21328306,148.8277969,1,,,,,0.169394403958861,0.41640520287099736,0.6195971786235586,4.903382736556394,0,0,4.621136826558,0,0,0
7171.0,downpour,medium,0.0,Kashmir,74.79900334,33.94450099,2015-3-30,1623,2.164826788,328.9219967,0.1062809527,-0.1747150123,10.64238644,7.0,77.83956909,88.19023514,106.3586404,243.7432611,1,,,,,0.8826325155662806,0.8291779098372153,0.43635520391418936,0.132974349305972,0,0,3.513513876924,0,1,0
7172.0,downpour,medium,0.0,Uttarakhand,75.54689714,33.14450259,2015-04-03,1133,7.459720418,188.49102,0.1077924371,-0.1472782195,61.58220673,7.0,38.3054409,160.1940594,160.1940594,301.5633583,1,,,,,0.23911898508266408,1.0,0.5312119493000088,3.182018419216263,0,0,8.451863233594,0,0,0
7174.0,downpour,medium,0.0,Kashmir,74.03009825,34.0886013,2015-04-03,1313,7.107293915,38.83357803,0.3688085079,-0.3422296345,16.69509697,7.0,30.87061596,89.31655025,103.9911385,196.522083,1,,,,,0.34563153047886547,0.8588861660553895,0.5291575222108754,1.8932545552615534,0,0,9.331876910395,0,1,0
7175.0,downpour,medium,0.0,Uttarakhand,74.61630059,33.92430126,2015-04-05,2201,6.676176368,90.0,0.290928185,-0.3612028956,10.3256321,7.0,9.013344765,99.93363667,145.6118898,240.2221224,1,,,,,0.09019330292926084,0.6863013508530126,0.6061552047964089,10.087297698636297,0,0,14.694264185968,0,0,0
7176.0,continuous_rain,medium,2.0,Kashmir,74.4725035,34.15869837,2015-04-02,1650,0.9274099368,180.0,0.2958502173,-0.3655015528,4.136770725,7.0,26.21350956,75.09491253,85.25551987,167.9801307,1,,,,,0.34907171041084634,0.8808217068467452,0.5075333583485538,1.8647408832501253,0,0,1.5302263957199997,0,0,0
7177.0,continuous_rain,medium,0.0,Uttarakhand,74.40160379,34.09780043,2015-04-03,2007,14.69490418,104.2944951,0.5269498825,-0.5373479128,1.846414685,7.0,41.77181339,92.72448826,102.8770399,189.1810277,1,,,,,0.4504938681664286,0.9013137270486338,0.5438020987133056,1.2197860407515337,0,0,29.492672689259997,0,0,0
7178.0,continuous_rain,medium,0.0,Kashmir,74.42030526,34.06039749,2015-04-03,2240,22.14110151,106.1698909,0.5373868346,-0.5098772049,4.152186871,7.0,42.26316261,94.42183113,104.6466179,191.8540087,1,,,,,0.44759948101209845,0.9022922386295296,0.5454492121852651,1.2341402133416914,0,0,49.596067382399994,0,0,0
7185.0,continuous_rain,medium,0.0,Uttarakhand,77.18029707,32.29339843,2015-04-03,2149,8.89961445,301.1236994,0.002917441539,0.001019767951,2.621573448,7.0,20.49420071,84.91816044,84.91816044,175.4620004,1,,,,,0.241340610816463,1.0,0.48396895194636114,3.143521459637349,0,0,19.125271453049997,0,0,0
7195.0,continuous_rain,medium,0.0,Uttarakhand,75.21019934,33.25040178,2015-7-12,716,11.26758374,215.6580148,0.2057930082,-0.2392054796,2.617645741,4.0,49.02133942,105.7620544,124.0740862,150.5093269,1,,,,,0.46350593034622445,0.8524105043942689,0.8243614449384665,1.1574696989378999,0,0,8.06758995784,0,0,0
7196.0,continuous_rain,medium,0.0,Kashmir,75.28450134,33.20489665,2015-7-12,778,33.75064918,6.650645014,0.1335010231,-0.1609510928,2.863703966,7.0,37.68337631,81.74479485,95.13055134,127.8175941,1,,,,,0.46098808345104064,0.8592906663374753,0.7442680486191376,1.169253470748784,0,0,26.258005062040002,1,1,1
7215.0,continuous_rain,small,1.0,Kashmir,78.03700186,32.24730024,2015-7-13,3661,1.43596808,130.2229947,0.06289809942,-0.1883334517,0.03125326335,9.0,0.0,0.0,6.071947098,28.49363136,1,,,,,0.0,0.0,0.21309839455998353,0.0,0,0,5.25707914088,0,0,0
7224.0,continuous_rain,small,0.0,Himachal Pradesh,78.43779924,30.72999747,2015-7-19,1120,7.681024638,196.2164423,0.1181830019,-0.1820570081,6.729048252,7.0,80.83499432,260.6376524,433.2733107,638.8475866,1,,,,,0.31014319525846074,0.601554829165248,0.6782107654282873,2.2243170744618164,0,1,8.60274759456,0,0,0
7226.0,continuous_rain,small,1.0,Himachal Pradesh,76.32260236,32.22389888,2015-7-18,1476,20.42124106,180.0,0.708645463,-0.6526013017,13.69024467,7.0,396.0351257,396.0351257,649.236227,886.2837429,1,,,,,1.0,0.6100015822130024,0.7325376688910492,0.0,1,1,30.141751804560002,0,0,0
7227.0,monsoon,medium,0.0,Himachal Pradesh,80.23639549,30.07050088,2015-7-19,2186,9.259366335,53.43274578,0.3034875691,-0.3808495998,2.018655777,7.0,32.28470612,32.28470612,162.6238365,364.6967621,1,,,,,1.0,0.1985238253802972,0.44591521888918906,0.0,0,0,20.24097480831,0,0,0
7249.0,continuous_rain,medium,0.0,Uttarakhand,77.16649616,31.08509798,2015-7-13,1821,41.11958208,319.489531,0.6907599568,-0.6566377282,10.41775417,4.0,139.7512569,214.9213333,257.7559624,493.5581551,1,,,,,0.6502437647961492,0.8338171163872948,0.5222403069153542,0.5378847966554496,1,1,74.87875896768,1,1,0
7251.0,monsoon,small,1.0,Uttarakhand,75.1494976,34.26890059,2015-7-21,2213,8.669047112,230.4295311,0.2884373367,-0.3341441751,4.512581825,7.0,15.68190861,31.36381721,45.3109436,69.58387184,1,,,,,0.5000000001594194,0.692190775960799,0.6511701979474099,0.9999999993623224,0,0,19.184601258856,0,0,0
7261.0,continuous_rain,small,0.0,Kashmir,77.76519736,33.61599902,2015-7-21,4299,15.45283153,100.1179484,0.0471092388,-0.1195410043,0.01441029273,9.0,15.53466678,27.08629751,35.53099489,41.18693542,1,,,,,0.5735249261832389,0.762328710295227,0.8626763445174044,0.7436033803359122,0,0,66.43172274746999,0,0,0
7262.0,continuous_rain,medium,0.0,Kashmir,77.75589567,33.74030092,2015-7-21,3711,28.68860695,84.90861145,0.02153868601,-0.07694011182,0.04985431209,7.0,19.956532,19.956532,33.36221075,61.02841282,1,,,,,1.0,0.5981777451603683,0.5466668590644826,0.0,0,0,106.46342039145,0,0,1
7270.0,continuous_rain,small,0.0,Kashmir,80.21859922,29.58630048,2015-7-24,1664,7.721587156,213.3091364,0.2770216763,-0.2447422743,18.3889389,4.0,42.01583862,62.89821911,194.7542181,508.4098921,1,,,,,0.6679972694699081,0.32296203760631154,0.38306535951840504,0.49701210724042916,0,1,12.848721027584,0,0,0
7273.0,continuous_rain,medium,0.0,Kashmir,78.9013986,30.24110163,2015-7-26,694,35.61003265,353.9929086,0.5489276052,-0.5135270953,4.402345181,7.0,30.25704002,59.68635654,214.0227346,321.9323683,1,,,,,0.5069339422607014,0.2788785810607991,0.6648065111631088,0.9726436062664134,0,0,24.7133626591,1,1,0
7275.0,continuous_rain,small,0.0,Uttarakhand,75.41889865,34.25799809,2015-7-24,2891,14.02677562,193.6029718,0.02143484727,-0.04924530536,4.042765141,7.0,0.0,12.71311092,39.53474712,56.7450285,1,,,,,0.0,0.32156803435246056,0.69670856046887,0.0,0,0,40.55140831742,0,0,0
7284.0,continuous_rain,medium,0.0,Uttarakhand,75.77020447,33.27060151,2015-7-27,1152,26.49690868,238.69776,0.3776676953,-0.4238981307,5.820464611,7.0,22.02662754,47.48880291,78.49542332,162.2626162,1,,,,,0.46382781182639,0.6049881751246029,0.48375544015171623,1.1559724848373223,0,0,30.52443879936,1,0,0
7285.0,continuous_rain,small,0.0,Uttarakhand,77.3525031,31.12630008,2015-7-26,2280,8.395167336,39.84221379,0.4463453293,-0.4348230958,5.156337738,4.0,45.08902359,61.69079399,249.5477734,364.0629625,1,,,,,0.7308873929764766,0.24721035635575822,0.6854522406958659,0.3681998206694812,0,0,19.140981526079997,0,1,0
7286.0,continuous_rain,small,0.0,Uttarakhand,77.17510222,31.10029906,2015-7-26,2146,31.99334742,272.9706895,0.1937609613,-0.2487569302,13.91572094,4.0,43.30485153,68.9259882,325.4165373,468.4779348,1,,,,,0.6282804593870153,0.21180849864571405,0.694625110655265,0.5916458725704354,0,1,68.65772356332,0,0,1
7287.0,continuous_rain,small,0.0,Himachal Pradesh,76.12059617,32.56060114,2015-7-26,842,23.96099738,276.2735309,0.7609142065,-0.706549108,7.75212574,7.0,84.31921005,161.7415676,401.4666042,633.7375641,1,,,,,0.5213205937173073,0.40287676710321,0.6334903072538256,0.918205442201009,0,1,20.17515979396,0,0,0
7288.0,continuous_rain,small,0.0,Himachal Pradesh,77.1135042,31.95629931,2015-7-26,1208,9.377048555,53.97370738,0.07613573968,-0.138255164,8.334837914,7.0,28.47101402,51.99930286,117.0487719,194.9736176,1,,,,,0.5475268408242656,0.44425329728726526,0.6003313337506643,0.8263944804871408,0,0,11.32747465444,0,0,0
7289.0,continuous_rain,small,0.0,Himachal Pradesh,76.92970451,31.70849815,2015-7-26,762,8.055301651,336.2123316,0.1241960377,-0.1842249781,41.38005066,7.0,95.21465302,119.0183163,270.6183071,475.9243908,1,,,,,0.7999999998319587,0.4398014220672065,0.5686161758700936,0.2500000002625646,0,1,6.138139858062001,0,1,0
7294.0,continuous_rain,small,0.0,Himachal Pradesh,78.10449928,30.45280191,2015-7-24,2063,28.53717557,213.539359,0.5021009445,-0.6112317443,17.1736393,4.0,53.22680664,109.7500401,423.3959522,805.3155384,1,,,,,0.4849821156466256,0.25921372070216975,0.5257516240667635,1.0619317037427292,0,1,58.87219320091,0,0,0
7295.0,continuous_rain,medium,3.0,Himachal Pradesh,78.14430121,30.45170051,2015-7-24,2316,22.90669912,174.9008731,0.5056943893,-0.5679705739,1.836046576,4.0,40.93449879,85.06722832,310.8397503,676.9467106,1,,,,,0.48120174594163856,0.2736690794465614,0.45917905417472604,1.0781304482658354,0,1,53.05191516192,0,0,0
7296.0,continuous_rain,medium,0.0,Uttarakhand,78.3415005,30.41600095,2015-7-24,2327,24.26305522,253.3030632,0.4671546519,-0.5245622993,1.90557313,4.0,32.51375198,42.93781757,194.6235361,414.673398,1,,,,,0.7572287978305834,0.22061986145364257,0.4693417447048291,0.32060481965945037,0,1,56.46012949694,0,0,0
7297.0,downpour,small,0.0,Kashmir,79.0757985,30.72040148,2015-7-28,3593,45.8830098,251.7039478,0.3135221303,-0.3216552138,0.6536064148,7.0,68.27138519,68.27138519,152.4654732,379.5303345,1,,,,,1.0,0.44778259468911685,0.40172144184696257,0.0,0,0,164.85765421140002,0,0,0
7308.0,continuous_rain,small,0.0,Uttarakhand,78.68139548,30.9110994,2015-8-15,2002,38.8591446,280.4174792,0.4179054499,-0.4435569942,0.3833694756,7.0,19.7425518,19.7425518,98.73702049,313.5438309,1,,,,,1.0,0.19995085634571594,0.3149065960142927,0.0,0,0,77.7960074892,0,0,0
7309.0,continuous_rain,medium,0.0,Himachal Pradesh,78.6159983,30.78640064,2015-8-15,1559,22.20908361,146.3696495,0.1708633006,-0.2723433077,1.368122339,7.0,19.34495163,74.17381859,201.5539761,467.4816532,1,,,,,0.26080565889333973,0.36800970154614576,0.43114841987985,2.8342726313655815,0,1,34.62396134799,0,0,1
7310.0,continuous_rain,medium,0.0,Uttarakhand,78.32990238,30.90849974,2015-8-15,1815,41.0545586,77.11273148,0.7125088573,-0.6707186699,0.6299230456,7.0,32.03749466,99.83702087,237.1753922,521.7958841,1,,,,,0.32089794327613935,0.42094173406409574,0.45453672485187013,2.1162555602280047,0,1,74.51402385899999,1,0,0
7311.0,unknown,medium,0.0,Kashmir,79.52690346,30.64939922,2015-8-15,2064,22.38726262,30.16476759,0.637216866,-0.5952736139,0.7815306783,7.0,17.74446106,73.14635658,183.8180904,428.1014919,1,,,,,0.24258844718523911,0.39792795377663226,0.429379700556937,3.122207844615147,0,1,46.207310047680004,0,1,0
7329.0,downpour,medium,3.0,Himachal Pradesh,77.34459711,32.02750223,2015-8-18,1721,32.06580988,154.7414561,0.6896161437,-0.6392424703,6.679490089,7.0,17.68455124,44.2113781,119.9822073,212.680871,1,,,,,0.4,0.36848278669732387,0.5641419782411932,1.4999999999999998,0,0,55.185258803480004,1,0,0
7366.0,downpour,medium,0.0,Kashmir,76.33740212,32.22409954,2015-7-31,1577,14.65969084,251.9764887,0.5920962095,-0.5609233379,8.531459808,7.0,64.6177597,250.185215,420.0106621,1069.246889,1,,,,,0.2582796897090821,0.5956639618363632,0.392809805126307,2.8717717259393014,0,1,23.11833245468,0,0,0
7367.0,rain,small,0.0,Himachal Pradesh,76.33689824,32.22370268,2014-08-08,1561,15.90515628,250.0713773,0.5228703618,-0.5097459555,7.897639275,7.0,227.4873581,227.4873581,407.737154,880.4708481,1,,,,,1.0,0.5579264873664175,0.46308989659324984,0.0,1,1,24.82794895308,0,0,0
7391.0,downpour,medium,0.0,Kashmir,78.85780197,31.03580262,2015-08-01,2734,53.37365127,211.3076554,0.1533600837,-0.2137884796,0.03856579587,9.0,177.8603706,177.8603706,227.4917564,423.6107445,1,,,,,1.0,0.7818321569739307,0.5370301847950413,0.0,1,1,145.92356257218,0,0,1
7598.0,downpour,medium,0.0,Himachal Pradesh,74.77559752,33.10779973,2015-08-06,1194,24.19624295,54.80143448,0.638908565,-0.6494130492,1.148440242,4.0,34.47652054,94.93239403,173.1852636,454.5721264,1,,,,,0.36316918889778477,0.5481551493276128,0.3809852244385216,1.7535375537638285,0,1,28.890314082299998,0,0,0
7613.0,rain,medium,0.0,Himachal Pradesh,75.19940386,32.99609925,2015-08-08,830,27.80587009,98.82842456,0.1074243933,-0.2260064632,2.565443277,4.0,99.52470684,112.3389025,167.9045362,420.8610773,1,,,,,0.8859326967343302,0.669064130382917,0.3989547745236454,0.12875391515194953,0,1,23.0788721747,1,0,1
7614.0,monsoon,medium,0.0,Himachal Pradesh,76.75700353,31.80279921,2015-08-08,720,13.36366868,105.8168451,0.6111033559,-0.5915695429,6.191620827,7.0,75.01820469,139.4260187,265.1859446,566.3726072,1,,,,,0.5380502533850234,0.5257670006240593,0.46821816809081024,0.8585624552887441,0,1,9.6218414496,0,0,0
7628.0,unknown,medium,0.0,Himachal Pradesh,76.5102012,31.69160261,2015-08-09,821,17.96859884,176.6370527,0.4238915145,-0.4337973893,9.379891396,4.0,126.3538551,154.9342232,246.3755646,717.2974634,1,,,,,0.8155322464610906,0.6288538534717983,0.3434775350134049,0.22619308352230866,1,1,14.752219647639999,0,0,0
7636.0,continuous_rain,medium,0.0,Uttarakhand,74.25620143,33.38520041,2015-08-09,1084,16.23070126,59.96910282,0.4029991925,-0.4905827045,3.999541998,7.0,47.44132233,47.44132233,145.0937386,342.4028568,1,,,,,1.0,0.32697015589892586,0.4237515421337454,0.0,0,0,17.59408016584,0,0,0
7649.0,continuous_rain,medium,0.0,Uttarakhand,76.76219838,31.32370002,2015-8-11,575,12.08697639,232.7895582,0.4766058624,-0.5256611705,3.922175646,4.0,80.50450134,151.5313721,229.6280251,541.2542515,1,,,,,0.5312728329739713,0.6598992959766564,0.42425167924985807,0.8822720416592297,0,1,6.95001142425,0,0,0
7676.0,continuous_rain,medium,0.0,Uttarakhand,76.30750385,32.17640054,2015-8-12,959,8.888438046,101.947726,0.6893692613,-0.6411555409,3.499586105,7.0,123.8521881,340.3774261,485.0945644,1328.206873,1,,,,,0.36386722092320334,0.7016723152134334,0.36522515751204065,1.7482552494363235,1,1,8.524012086113999,0,0,0
7678.0,continuous_rain,medium,0.0,Uttarakhand,76.31939627,32.19670282,2015-8-11,1133,20.61693077,255.0385236,0.5076874495,-0.4870795906,8.617418289,7.0,97.45928955,294.7169533,450.5581131,1260.807495,1,,,,,0.33068776145630707,0.6541152955214646,0.3573567851450629,2.0240006330930616,0,1,23.358982562410002,0,0,0
7685.0,rain,medium,8.0,Himachal Pradesh,76.98760148,31.7755987,2015-8-13,1027,37.25357314,339.4801383,0.7713586688,-0.6983091831,9.690916061,7.0,34.04793549,145.9572783,271.9959898,450.4694891,1,,,,,0.23327329672466218,0.5366155523370881,0.6038055770290348,3.2868172827356354,0,1,38.25941961478,1,1,0
7704.0,unknown,medium,0.0,Kashmir,75.61570107,32.61749927,2015-8-20,1054,15.28348273,135.3061839,0.4766241908,-0.5401672125,3.656230927,7.0,0.0,32.47249889,202.4260311,501.9569645,1,,,,,0.0,0.16041661595369786,0.40327367765807737,0.0,0,1,16.10879079742,0,0,0
7726.0,unknown,medium,0.0,Kashmir,77.12129871,31.0365027,2015-8-22,1794,22.65285315,251.9225772,0.6583634615,-0.626981318,3.366791248,7.0,0.0,37.43494415,184.7945595,243.0079966,1,,,,,0.0,0.20257600792625066,0.7604464136387188,0.0,0,0,40.6392185511,0,0,0
7746.0,downpour,medium,0.0,Himachal Pradesh,75.2639984,32.61729861,2015-8-20,486,19.12661267,221.6828026,0.2795032859,-0.342528224,1.410710573,7.0,0.0,11.47763062,207.042285,516.6725645,1,,,,,0.0,0.055436166674841324,0.4007224289146477,0.0,0,1,9.29553375762,0,0,0
7940.0,unknown,medium,1.0,Kashmir,74.25250037,33.67940297,2015-09-03,1262,2.163044522,329.0004886,0.03269314393,-0.07273999602,3.021263123,7.0,0.0,82.89659882,104.3002167,216.9648457,1,,,,,0.0,0.7947883661491951,0.48072403786656387,0.0,0,0,2.729762186764,0,1,0
8032.0,downpour,medium,0.0,Kashmir,79.32060315,30.32990017,2016-6-29,926,36.44208053,239.7200744,0.6591458321,-0.6413340569,2.827275038,7.0,11.33884048,27.30230999,45.44347572,81.43347931,1,,,,,0.41530700091505335,0.6007971344054578,0.5580441374364753,1.4078573147013707,0,0,33.74536657077999,1,0,0
8367.0,unknown,medium,0.0,Himachal Pradesh,80.25650158,29.80019909,2016-6-30,1662,21.42830577,45.47763701,0.5919285417,-0.5798289776,4.743672371,7.0,34.28373241,83.02882671,149.3504267,236.2978411,1,,,,,0.41291360806223293,0.5559329728383026,0.6320431283026225,1.421814104632956,0,0,35.61384418974001,0,0,0
8472.0,construction,small,1.0,NCT,74.5263962,33.62959927,2016-07-02,3451,9.452034754,193.5066524,0.1665715575,-0.2359497994,1.3757689,7.0,43.11721802,96.60900497,151.6535797,254.5404892,1,,,,,0.4463064083248678,0.6370374188404337,0.5957935422244014,1.2406131333702404,0,0,32.618971936054,0,0,0
8482.0,construction,medium,0.0,Himachal Pradesh,77.09003149,30.89221511,2016-07-02,1573,27.63095242,171.7123108,0.07403529435,-0.3071915805,9.62704277,7.0,71.41927433,117.5978746,166.6407461,243.2969036,1,,,,,0.6073177306386454,0.7056969999968092,0.6849275253168491,0.6465845628258151,0,0,43.46348815666,1,0,1
8744.0,continuous_rain,medium,5.0,Kashmir,75.18920144,32.99000366,2016-6-21,833,31.219873,124.1162472,0.06898993254,-0.2005866766,2.973147631,7.0,0.0,16.93601227,16.93601227,68.21853733,1,,,,,0.0,1.0,0.24826114620537554,0.0,0,0,26.006154209,1,0,1
8860.0,continuous_rain,small,0.0,Kashmir,78.11810399,31.51240026,2016-6-17,1720,56.75537021,350.6883487,0.5669270158,-0.5436900258,2.170945168,9.0,40.11875916,40.11875916,40.11875916,57.85092926,1,,,,,1.0,1.0,0.6934851293346365,0.0,0,0,97.61923676120001,1,1,0
8866.0,rain,small,10.0,Uttarakhand,75.19819544,33.30409828,2015-10-25,2003,35.493123,12.54973829,0.6774852276,-0.5653064847,3.290638208,7.0,8.819368362,50.92749977,70.6824894,70.6824894,1,,,,,0.17317497230043188,0.7205108394215669,1.0,4.774506481601477,0,0,71.092725369,0,1,0
9002.0,rain,small,10.0,Uttarakhand,78.09729783,30.45540157,2016-7-16,1978,33.82546482,206.6405022,0.4201936126,-0.4399101734,15.93134975,4.0,99.37484741,99.37484741,174.0818672,410.7348022,1,,,,,1.0,0.5708512265429101,0.4238303310739029,0.0,0,1,66.90676941396,1,0,0
9008.0,downpour,medium,0.0,Kashmir,78.51129861,30.33509948,2016-7-16,1475,22.01879515,139.5116708,0.6668198109,-0.6274214983,2.102596283,7.0,51.50608635,64.91749096,94.64721966,200.316483,1,,,,,0.7934084572328333,0.6858890434732501,0.47248842552811793,0.2603848508089957,0,0,32.477722846249996,0,0,0
9017.0,monsoon,large,0.0,Himachal Pradesh,78.29360083,30.16419997,2016-7-17,1097,44.46223133,283.3514437,0.2875680327,-0.2831221223,9.814331055,7.0,48.07432556,72.11148834,91.10578728,284.1946735,1,,,,,0.6666666666666667,0.791513804917531,0.3205752808734468,0.49999999999999994,0,0,48.77506776901,1,0,1
9020.0,downpour,medium,0.0,Kashmir,78.16770258,29.95509935,2016-7-17,309,13.14075539,166.1081647,0.5016368628,-0.4892974496,54.1844101,7.0,116.2316103,158.5584164,204.8976259,321.3518209,1,,,,,0.7330522903734046,0.7738421355715669,0.6376115290902962,0.36415916454011305,1,0,4.060493415510001,0,0,0
9037.0,downpour,medium,0.0,Uttarakhand,77.12090185,31.68169895,2015-12-07,1066,22.70908996,90.0,0.642352283,-0.646376729,2.722841501,7.0,0.0,0.0,0.0,14.55810547,1,,,,,0.0,0.0,0.0,0.0,0,0,24.20788989736,0,0,0
9048.0,monsoon,large,0.0,Uttarakhand,78.17579584,31.50069958,2016-7-17,1845,43.82470189,56.1807788,0.5059338808,-0.5089803934,5.551120281,9.0,23.85021782,47.70043564,47.70043564,223.595089,1,,,,,0.5,1.0,0.21333400412922307,1.0,0,0,80.85657498705,1,0,0
9120.0,unknown,medium,0.0,Kashmir,77.27909738,28.57460179,2015-12-24,197,2.305677868,113.7061914,0.7633780241,-0.7174747586,58.65904236,7.0,0.0,0.0,3.01282382,5.991625547,1,,,,,0.0,0.0,0.5028391371200621,0.0,0,0,0.454218539996,0,0,0
9144.0,downpour,medium,1.0,Himachal Pradesh,76.86927478,31.4662664,2015-12-29,850,32.13594856,265.5661102,0.5305655599,-0.5325912833,0.9967707992,4.0,6.97823143,6.97823143,6.97823143,17.61692905,1,,,,,1.0,1.0,0.39610941329187,0.0,0,0,27.315556276000002,1,0,0
9166.0,rain,small,0.0,Uttarakhand,78.43579711,30.73129953,2016-7-18,1157,41.70735265,213.3271771,0.6414153576,-0.6270980835,4.120168209,7.0,166.9800301,210.9323502,236.1203804,407.1784401,1,,,,,0.7916283582943741,0.8933254717050253,0.5798941131117124,0.26321902130259595,1,1,48.25540701605,1,0,0
9199.0,downpour,medium,0.0,Uttarakhand,75.3225999,34.29520037,2016-06-08,2739,12.88446488,230.4382713,0.05617600307,-0.130539462,2.752086878,7.0,0.0,0.0,0.0,47.26498699,1,,,,,0.0,0.0,0.0,0.0,0,0,35.290549306319996,0,0,0
9216.0,unknown,small,1.0,Himachal Pradesh,77.42659552,30.69349973,2016-7-26,1655,11.52054186,236.2246713,0.03424862027,-0.1569111198,1.8863343,4.0,21.22559357,84.90237808,270.4814186,451.2878189,1,,,,,0.24999998881067856,0.3138935699148984,0.5993545743363736,3.000000179029151,0,1,19.0664967783,0,0,0
9258.0,downpour,medium,4.0,Uttarakhand,78.43750048,30.97530154,2016-7-31,2535,19.14707227,147.0583067,0.1240932196,-0.1879882067,4.170127869,7.0,0.0,88.93916321,245.1060791,425.584837,1,,,,,0.0,0.3628598831027525,0.5759276595185651,0.0,0,1,48.537828204449994,0,0,0
9264.0,downpour,medium,0.0,Uttarakhand,77.10430062,31.6865014,2016-7-31,1098,49.90301913,191.0818559,0.4629035592,-0.5187647939,3.248231173,4.0,0.0,51.37511444,91.27802658,255.8169575,1,,,,,0.0,0.5628420811110835,0.35680991390103606,0.0,0,0,54.793515004739994,1,0,0
9314.0,rain,medium,0.0,Uttarakhand,78.06479544,30.30599939,2016-5-22,650,4.670121723,293.3484505,0.1045161709,-0.1514000893,84.4709549,7.0,0.0,0.0,32.14383698,56.58018112,1,,,,,0.0,0.0,0.5681112422002795,0.0,0,0,3.0355791199500004,0,0,0
9318.0,downpour,large,2.0,Himachal Pradesh,77.86440344,30.70070118,2016-5-23,2091,30.11388655,157.0760471,0.5403345227,-0.5599609613,13.04125404,4.0,0.0,0.0,48.62018108,88.47667408,1,,,,,0.0,0.0,0.549525415433654,0.0,0,0,62.96813677605,0,0,0
9380.0,continuous_rain,medium,0.0,Uttarakhand,74.27979899,34.40019882,2016-04-04,1607,2.16795413,328.7850065,0.1160697117,-0.1664149612,6.606801033,7.0,18.50674152,25.16788387,50.34074807,139.5327919,1,,,,,0.7353316478887583,0.4999505338101743,0.3607807697711522,0.3599305876078396,0,0,3.48390228691,0,1,0
9426.0,rain,medium,0.0,Himachal Pradesh,75.29048546,33.04965305,2016-3-26,1324,18.36030111,98.41402179,0.5305565596,-0.567886889,6.860143661,7.0,21.84177065,32.4314065,92.67422152,125.9069529,1,,,,,0.6734758990486582,0.34995067633776655,0.7360532471435897,0.4848341290498809,0,0,24.309038669640003,0,0,0
9447.0,continuous_rain,medium,0.0,Uttarakhand,74.94550264,33.00680109,2016-08-05,1353,37.85623479,178.5769018,0.3994245529,-0.360234499,4.633780479,4.0,22.59382248,78.70721817,243.7491226,485.9710236,1,,,,,0.2870616317705388,0.32290257019370294,0.5015713093228137,2.4835724782591106,0,1,51.21948567087,1,0,0
9448.0,downpour,medium,5.0,Kashmir,80.21540204,29.58659924,2016-08-05,1602,19.70100762,5.968028074,0.2611955702,-0.2709979713,42.33563995,4.0,29.38614178,29.38614178,159.5753126,379.8485079,1,,,,,1.0,0.18415218056730914,0.42010251266278564,0.0,0,0,31.561014207239996,0,1,0
9449.0,downpour,small,1.0,Uttarakhand,79.49539991,30.73859908,2016-08-04,3120,8.56831129,270.0,0.000268,-0.03461813927,1.348754883,7.0,15.16832066,15.16832066,52.2402277,247.8240385,1,,,,,1.0,0.29035709314107755,0.21079564361953532,0.0,0,0,26.733131224800005,0,0,0
9465.0,continuous_rain,medium,1.0,Kashmir,75.69529603,32.98339973,2016-08-07,1882,27.58585729,73.80861189,0.4024362266,-0.4489358664,7.259354591,7.0,63.97010422,81.71553993,178.7950497,281.5643635,1,,,,,0.7828389101362938,0.4570346889755081,0.6350059626775175,0.2774020134307044,0,0,51.91658341978,1,0,0
9468.0,continuous_rain,medium,0.0,Kashmir,75.21309776,33.24829708,2016-08-07,707,20.43700026,218.5604546,0.03749262169,-0.08692558855,2.641993999,7.0,49.03225136,55.08683157,128.2581935,209.2514815,1,,,,,0.8900902441211141,0.42949951240347073,0.6129380426871673,0.12348158695685078,0,0,14.448959183820001,0,0,1
9474.0,continuous_rain,medium,0.0,Kashmir,75.05819751,32.6986995,2016-08-07,466,10.97784214,203.36997,0.2684754729,-0.302898258,2.994184017,7.0,83.59526825,124.8490906,304.2181549,467.4518776,1,,,,,0.6695705018615491,0.4103932937238388,0.6508010117788433,0.493494706262875,0,1,5.11567443724,0,0,0
9475.0,continuous_rain,medium,0.0,Kashmir,75.09110121,32.90409907,2016-08-07,643,0.9274099368,0.0,0.5532449484,-0.5205726027,25.43785477,4.0,96.85977554,131.2671547,329.0277824,523.4992561,1,,,,,0.7378827991005431,0.3989546224410258,0.6285162367778959,0.35522877239985795,0,1,0.5963245893624,0,1,0
9476.0,continuous_rain,medium,2.0,Kashmir,75.79640169,33.14569763,2016-08-07,960,36.21335459,335.0105768,0.3758125901,-0.3712890744,,9.0,62.66342545,62.66342545,147.910162,224.0513916,1,,,,,1.0,0.4236586898606736,0.6601617644226229,0.0,0,0,34.764820406400005,1,1,0
9477.0,downpour,medium,0.0,Kashmir,74.83899702,33.07160075,2016-08-07,456,6.452840332,210.823124,0.6500844359,-0.6288304329,3.461608171,4.0,112.4842796,151.9240227,322.335659,496.8523026,1,,,,,0.7403982438124316,0.4713224195278996,0.6487554899378262,0.35062448939753893,1,1,2.942495191392,0,0,0
9478.0,continuous_rain,medium,0.0,Kashmir,75.58070159,32.42979787,2016-08-07,518,23.4833188,44.9340109,0.6419953704,-0.609452188,1.775201917,4.0,127.6464081,175.5421638,373.730669,591.4682503,1,,,,,0.7271552619428291,0.46970232405518747,0.6318693671392153,0.37522211876481304,1,1,12.1643591384,0,1,0
9490.0,continuous_rain,medium,0.0,Himachal Pradesh,77.85610059,31.57279878,2016-8-29,1650,59.22781595,19.15374502,0.441015929,-0.4490699768,0.2385528535,9.0,14.56905174,61.39721966,85.85684586,146.7763824,1,,,,,0.23729171810513872,0.7151115213353587,0.5849500066435758,3.2142220891035147,0,0,97.7258963175,1,1,0
9507.0,construction,medium,0.0,Himachal Pradesh,77.05879995,30.89740104,2016-10-03,1704,40.45654498,264.5536938,0.337646395,-0.4168037474,7.20485878,4.0,4.043520451,34.38876295,66.42655754,89.28058672,1,,,,,0.11758260850729439,0.517695997256702,0.7440201725860701,7.504659087725238,0,0,68.93795264591999,1,0,0
9630.0,unknown,medium,0.0,Uttarakhand,80.55300058,29.85209857,2016-10-04,895,2.329933446,293.4442587,0.1036958694,-0.1722417921,1.501599669,7.0,18.10200119,47.69092751,80.47339249,160.5250044,1,,,,,0.37956907393349204,0.5926297628862397,0.5013137535226256,1.6345665879386677,0,0,2.08529043417,0,0,0
,,,,,,,,405,4.247640122607501,130.8334695948357,0.6033626289644631,-0.4727974727974728,,4.0,111.36339569091795,235.5952682495117,326.67076110839844,612.0512790679932,0,0.0,"NL_ee.String({
  ""type"": ""Invocation"",
  ""arguments"": {
    ""element"": {
      ""type"": ""ArgumentRef"",
      ""value"": ""_MAPPING_VAR_0_0""
    }
  },
  ""functionName"": ""Feature.id""
})",-9999.0,"{""type"":""Point"",""coordinates"":[77.79145825307674,30.20907247376012]}",0.47268944116898143,0.7212009653087215,0.533731032481199,1.1155539195607094,1,1,1.7202942496560376,0,0,0
,,,,,,,,5287,47.78525275459451,177.00295235911847,0.0181611804767309,-0.074251497005988,,9.0,53.9143009185791,62.900017738342285,62.900017738342285,62.900017738342285,0,1.0,"NL_ee.String({
  ""type"": ""Invocation"",
  ""arguments"": {
    ""element"": {
      ""type"": ""ArgumentRef"",
      ""value"": ""_MAPPING_VAR_0_0""
    }
  },
  ""functionName"": ""Feature.id""
})",-9999.0,"{""type"":""Point"",""coordinates"":[77.3943249403832,32.57937012480863]}",0.8571428571428571,1.0,1.0,0.16666666666666666,0,0,252.64063131354118,0,0,1
,,,,,,,,205,3.3486147935453063,106.06108674056152,0.4072289156626506,-0.4348894348894349,,7.0,0.0,0.0,10.407777786254885,175.52502632141113,0,2.0,"NL_ee.String({
  ""type"": ""Invocation"",
  ""arguments"": {
    ""element"": {
      ""type"": ""ArgumentRef"",
      ""value"": ""_MAPPING_VAR_0_0""
    }
  },
  ""functionName"": ""Feature.id""
})",-9999.0,"{""type"":""Point"",""coordinates"":[74.79311238515751,30.26572110039021]}",0.0,0.0,0.05929512163807782,0.0,0,0,0.6864660326767877,0,0,0
,,,,,,,,4992,3.859480210397338,343.7000666959722,0.0094991364421416,-0.0536277602523659,,9.0,53.91204833984375,53.91204833984375,82.5400276184082,144.4094066619873,0,3.0,"NL_ee.String({
  ""type"": ""Invocation"",
  ""arguments"": {
    ""element"": {
      ""type"": ""ArgumentRef"",
      ""value"": ""_MAPPING_VAR_0_0""
    }
  },
  ""functionName"": ""Feature.id""
})",-9999.0,"{""type"":""Point"",""coordinates"":[78.61683683868031,31.247410652105636]}",1.0,0.653162470323916,0.5715696056532245,0.0,0,0,19.26652521030351,0,1,0
,,,,,,,,4711,4.301580194266413,149.4115112824457,0.1000369139904023,-0.2148389726865063,,9.0,9.352599620819092,18.993497848510746,18.993497848510746,30.200051307678223,0,4.0,"NL_ee.String({
  ""type"": ""Invocation"",
  ""arguments"": {
    ""element"": {
      ""type"": ""ArgumentRef"",
      ""value"": ""_MAPPING_VAR_0_0""
    }
  },
  ""functionName"": ""Feature.id""
})",-9999.0,"{""type"":""Point"",""coordinates"":[80.690235027991,32.237729510184685]}",0.4924105973219891,1.0,0.6289227013227536,1.0308255050532478,0,0,20.26474429518907,0,0,0
,,,,,,,,231,1.4064752487549674,228.75265145027723,0.7157036511875221,-0.6138712904301434,,6.0,0.0,0.0,0.0,145.69999980926514,0,5.0,"NL_ee.String({
  ""type"": ""Invocation"",
  ""arguments"": {
    ""element"": {
      ""type"": ""ArgumentRef"",
      ""value"": ""_MAPPING_VAR_0_0""
    }
  },
  ""functionName"": ""Feature.id""
})",-9999.0,"{""type"":""Point"",""coordinates"":[75.4888035109884,28.729971518030702]}",0.0,0.0,0.0,0.0,0,0,0.3248957824623975,0,0,0
,,,,,,,,4928,22.846927589711512,357.37128533332634,0.1042047531992687,-0.1793036121054344,,9.0,0.0,0.0,0.0,0.0,0,6.0,"NL_ee.String({
  ""type"": ""Invocation"",
  ""arguments"": {
    ""element"": {
      ""type"": ""ArgumentRef"",
      ""value"": ""_MAPPING_VAR_0_0""
    }
  },
  ""functionName"": ""Feature.id""
})",-9999.0,"{""type"":""Point"",""coordinates"":[78.22065182744805,33.099354783729204]}",0.0,0.0,0.0,0.0,0,0,112.58965916209834,0,1,1
,,,,,,,,778,13.023791970803066,204.522767191136,-0.031438127090301,0.0664087685364281,,7.0,74.87321472167969,247.97840118408203,404.70469665527344,835.2865104675293,0,7.0,"NL_ee.String({
  ""type"": ""Invocation"",
  ""arguments"": {
    ""element"": {
      ""type"": ""ArgumentRef"",
      ""value"": ""_MAPPING_VAR_0_0""
    }
  },
  ""functionName"": ""Feature.id""
})",-9999.0,"{""type"":""Point"",""coordinates"":[75.6056813594108,32.53389091283439]}",0.3019344199501431,0.6127391236956894,0.484510035279692,2.3119774822795125,0,1,10.132510153284786,0,0,0
,,,,,,,,587,14.509412980381898,284.4896006568719,0.4015375517445299,-0.2810810810810811,,4.0,40.257843017578125,126.73382568359376,225.3843364715576,670.392499923706,0,8.0,"NL_ee.String({
  ""type"": ""Invocation"",
  ""arguments"": {
    ""element"": {
      ""type"": ""ArgumentRef"",
      ""value"": ""_MAPPING_VAR_0_0""
    }
  },
  ""functionName"": ""Feature.id""
})",-9999.0,"{""type"":""Point"",""coordinates"":[75.10625587808993,32.87262119293467]}",0.3176566540182151,0.5623009463196967,0.3361975805176929,2.1480530546124115,0,1,8.517025419484174,0,0,0
,,,,,,,,5369,38.334477269967394,149.29651456832278,0.1217352810978309,-0.2895674300254452,,9.0,32.78642654418945,37.47020149230957,37.47020149230957,37.47020149230957,0,9.0,"NL_ee.String({
  ""type"": ""Invocation"",
  ""arguments"": {
    ""element"": {
      ""type"": ""ArgumentRef"",
      ""value"": ""_MAPPING_VAR_0_0""
    }
  },
  ""functionName"": ""Feature.id""
})",-9999.0,"{""type"":""Point"",""coordinates"":[77.41597872123022,32.65027413588478]}",0.8750000063628849,1.0,1.0,0.14285713454643612,0,0,205.81780846245493,0,0,1
,,,,,,,,2302,45.31382761691664,227.74131920414132,-0.0979914790018259,0.1034482758620689,,9.0,126.96542739868164,346.22997856140137,431.4239273071289,712.7138748168945,0,10.0,"NL_ee.String({
  ""type"": ""Invocation"",
  ""arguments"": {
    ""element"": {
      ""type"": ""ArgumentRef"",
      ""value"": ""_MAPPING_VAR_0_0""
    }
  },
  ""functionName"": ""Feature.id""
})",-9999.0,"{""type"":""Point"",""coordinates"":[76.13330907282601,32.46581753540769]}",0.3667083593576379,0.8025284566910951,0.6053255626852604,1.7269626516060268,1,1,104.3124311741421,0,0,1
,,,,,,,,4419,42.0683871111212,111.02067981214527,0.0197759645968745,-0.0458091050914763,,7.0,52.17084503173828,69.56112670898438,85.74993896484375,111.93945789337158,0,11.0,"NL_ee.String({
  ""type"": ""Invocation"",
  ""arguments"": {
    ""element"": {
      ""type"": ""ArgumentRef"",
      ""value"": ""_MAPPING_VAR_0_0""
    }
  },
  ""functionName"": ""Feature.id""
})",-9999.0,"{""type"":""Point"",""coordinates"":[77.3481192092088,32.283720011278305]}",0.75,0.8112090521429227,0.7660385406415424,0.3333333333333333,0,0,185.90020264404455,0,0,1
,,,,,,,,214,6.8131679349577405,198.4809586675085,0.3992322456813819,-0.333943275388838,,7.0,7.212966918945312,15.249139785766602,15.249139785766602,234.5189619064331,0,12.0,"NL_ee.String({
  ""type"": ""Invocation"",
  ""arguments"": {
    ""element"": {
      ""type"": ""ArgumentRef"",
      ""value"": ""_MAPPING_VAR_0_0""
    }
  },
  ""functionName"": ""Feature.id""
})",-9999.0,"{""type"":""Point"",""coordinates"":[74.41973221415952,31.256481420466535]}",0.47300811850894203,1.0,0.06502305682152305,1.1141286182408205,0,0,1.4580179380809566,0,0,0
,,,,,,,,208,6.582053994598674,286.2950222911703,0.0994806232520974,-0.1008,,6.0,0.0,0.0,6.864577293395996,145.940664768219,0,13.0,"NL_ee.String({
  ""type"": ""Invocation"",
  ""arguments"": {
    ""element"": {
      ""type"": ""ArgumentRef"",
      ""value"": ""_MAPPING_VAR_0_0""
    }
  },
  ""functionName"": ""Feature.id""
})",-9999.0,"{""type"":""Point"",""coordinates"":[74.25241567631787,28.720019776232803]}",0.0,0.0,0.04703676870526954,0.0,0,0,1.3690672308765242,0,0,0
,,,,,,,,4511,3.3711974214640144,285.9503667195006,0.5428820200261211,-0.5578021978021978,,9.0,15.79079818725586,15.79079818725586,15.79079818725586,69.15553569793701,0,14.0,"NL_ee.String({
  ""type"": ""Invocation"",
  ""arguments"": {
    ""element"": {
      ""type"": ""ArgumentRef"",
      ""value"": ""_MAPPING_VAR_0_0""
    }
  },
  ""functionName"": ""Feature.id""
})",-9999.0,"{""type"":""Point"",""coordinates"":[80.94770738373786,30.971489755500453]}",1.0,1.0,0.2283374429521904,0.0,0,0,15.20747156822417,0,0,0
,,,,,,,,4740,35.90238078617966,101.609781287595,0.0524748790472646,-0.145402997164844,,9.0,0.0,4.09807825088501,4.09807825088501,4.09807825088501,0,15.0,"NL_ee.String({
  ""type"": ""Invocation"",
  ""arguments"": {
    ""element"": {
      ""type"": ""ArgumentRef"",
      ""value"": ""_MAPPING_VAR_0_0""
    }
  },
  ""functionName"": ""Feature.id""
})",-9999.0,"{""type"":""Point"",""coordinates"":[79.99607659171394,32.368624364008035]}",0.0,1.0,1.0,0.0,0,0,170.1772849264916,0,0,1
,,,,,,,,240,2.141451333015259,30.02317354393362,0.0676895306859205,-0.1218587008060692,,7.0,0.0,11.164861679077148,34.6108283996582,168.88381481170654,0,16.0,"NL_ee.String({
  ""type"": ""Invocation"",
  ""arguments"": {
    ""element"": {
      ""type"": ""ArgumentRef"",
      ""value"": ""_MAPPING_VAR_0_0""
    }
  },
  ""functionName"": ""Feature.id""
})",-9999.0,"{""type"":""Point"",""coordinates"":[76.24860458692785,30.092502243797984]}",0.0,0.3225829081625624,0.20493869373004642,0.0,0,0,0.5139483199236621,0,1,0
,,,,,,,,3587,20.446641214535425,357.01793374459174,0.0089668615984405,0.0069071373752877,,7.0,28.56178092956543,58.10124206542969,82.78946113586426,300.7957515716553,0,17.0,"NL_ee.String({
  ""type"": ""Invocation"",
  ""arguments"": {
    ""element"": {
      ""type"": ""ArgumentRef"",
      ""value"": ""_MAPPING_VAR_0_0""
    }
  },
  ""functionName"": ""Feature.id""
})",-9999.0,"{""type"":""Point"",""coordinates"":[74.98599012723187,33.42439164178679]}",0.49158640872773574,0.7017951472118028,0.2752348086809405,1.0342303657012786,0,0,73.34210203653858,0,1,1
,,,,,,,,5535,36.09143085293204,192.2956356171007,0.0612088752869166,-0.1396877567789646,,9.0,0.0,0.0,0.0,0.0,0,18.0,"NL_ee.String({
  ""type"": ""Invocation"",
  ""arguments"": {
    ""element"": {
      ""type"": ""ArgumentRef"",
      ""value"": ""_MAPPING_VAR_0_0""
    }
  },
  ""functionName"": ""Feature.id""
})",-9999.0,"{""type"":""Point"",""coordinates"":[77.44997568569876,33.46737976211687]}",0.0,0.0,0.0,0.0,0,0,199.76606977097885,0,0,1
,,,,,,,,208,2.7802885155465065,-0.0,0.2385847005337023,-0.3272611734801949,,7.0,0.0,0.0,10.575128555297852,145.51873016357422,0,19.0,"NL_ee.String({
  ""type"": ""Invocation"",
  ""arguments"": {
    ""element"": {
      ""type"": ""ArgumentRef"",
      ""value"": ""_MAPPING_VAR_0_0""
    }
  },
  ""functionName"": ""Feature.id""
})",-9999.0,"{""type"":""Point"",""coordinates"":[75.03647060315807,29.936496667176204]}",0.0,0.0,0.0726719408794359,0.0,0,0,0.5783000112336734,0,1,0
,,,,,,,,210,1.4095267779555871,228.86137608971563,0.1778846153846154,-0.2591006423982869,,7.0,0.0,0.9490594863891602,8.5625319480896,192.5560383796692,0,20.0,"NL_ee.String({
  ""type"": ""Invocation"",
  ""arguments"": {
    ""element"": {
      ""type"": ""ArgumentRef"",
      ""value"": ""_MAPPING_VAR_0_0""
    }
  },
  ""functionName"": ""Feature.id""
})",-9999.0,"{""type"":""Point"",""coordinates"":[75.66918996094697,29.1268742937476]}",0.0,0.11083865054668864,0.044467740508903536,0.0,0,0,0.2960006233706733,0,0,0
,,,,,,,,3658,24.5280253186153,22.7285748746628,0.0535252860834256,-0.1370517928286852,,9.0,0.0,0.0,0.0,8.191542625427246,0,21.0,"NL_ee.String({
  ""type"": ""Invocation"",
  ""arguments"": {
    ""element"": {
      ""type"": ""ArgumentRef"",
      ""value"": ""_MAPPING_VAR_0_0""
    }
  },
  ""functionName"": ""Feature.id""
})",-9999.0,"{""type"":""Point"",""coordinates"":[77.1826192984353,34.274368371390835]}",0.0,0.0,0.0,0.0,0,0,89.72351661549476,0,1,1
,,,,,,,,168,2.299497800300645,113.77389718180592,0.2542901716068643,-0.2412196063296024,,7.0,30.597739219665527,60.45522356033325,148.93486642837524,226.14556980133057,0,22.0,"NL_ee.String({
  ""type"": ""Invocation"",
  ""arguments"": {
    ""element"": {
      ""type"": ""ArgumentRef"",
      ""value"": ""_MAPPING_VAR_0_0""
    }
  },
  ""functionName"": ""Feature.id""
})",-9999.0,"{""type"":""Point"",""coordinates"":[80.09787274810682,28.234774094079665]}",0.5061223401006784,0.4059171972964905,0.6585796332831764,0.9758068766557095,0,0,0.3863156304505084,0,0,0
,,,,,,,,2059,25.93406497796412,153.9941703539109,0.0200633579725448,-0.0045060658578856,,7.0,54.37761688232422,76.35568618774414,158.45602798461914,621.8769569396973,0,23.0,"NL_ee.String({
  ""type"": ""Invocation"",
  ""arguments"": {
    ""element"": {
      ""type"": ""ArgumentRef"",
      ""value"": ""_MAPPING_VAR_0_0""
    }
  },
  ""functionName"": ""Feature.id""
})",-9999.0,"{""type"":""Point"",""coordinates"":[74.638400037237,33.374550910070354]}",0.7121619829153257,0.4818730291229802,0.2548028612675939,0.4041749264772217,0,1,53.39823978962813,0,0,1
,,,,,,,,5218,22.24571989026755,8.343681830669501,0.1835467597982149,-0.2423625254582484,,9.0,0.0,0.0,0.0,0.0,0,24.0,"NL_ee.String({
  ""type"": ""Invocation"",
  ""arguments"": {
    ""element"": {
      ""type"": ""ArgumentRef"",
      ""value"": ""_MAPPING_VAR_0_0""
    }
  },
  ""functionName"": ""Feature.id""
})",-9999.0,"{""type"":""Point"",""coordinates"":[79.29295377525777,35.094527838115944]}",0.0,0.0,0.0,0.0,0,0,116.07816638741609,0,1,1
,,,,,,,,3453,37.20305763117575,64.75532095827008,0.909805261359754,-0.7740399873056173,,7.0,77.12362861633301,89.97756671905518,128.3162546157837,172.09114360809326,0,25.0,"NL_ee.String({
  ""type"": ""Invocation"",
  ""arguments"": {
    ""element"": {
      ""type"": ""ArgumentRef"",
      ""value"": ""_MAPPING_VAR_0_0""
    }
  },
  ""functionName"": ""Feature.id""
})",-9999.0,"{""type"":""Point"",""coordinates"":[77.36172327557526,31.926150346040494]}",0.8571428571428571,0.7012172151414041,0.7456296234976564,0.16666666666666666,0,0,128.46215800044988,0,0,0
,,,,,,,,231,1.430637766189682,229.5961414063376,0.3930217248189598,-0.2816474863718958,,4.0,0.0,82.21197128295898,107.8477611541748,357.6497173309326,0,26.0,"NL_ee.String({
  ""type"": ""Invocation"",
  ""arguments"": {
    ""element"": {
      ""type"": ""ArgumentRef"",
      ""value"": ""_MAPPING_VAR_0_0""
    }
  },
  ""functionName"": ""Feature.id""
})",-9999.0,"{""type"":""Point"",""coordinates"":[75.58387152738156,31.659415211755064]}",0.0,0.7622965039156637,0.3015457748967923,0.0,0,0,0.33047732398981655,0,0,0
,,,,,,,,203,1.095606761279435,270.0,0.6941719561454126,-0.5926227285055601,,7.0,0.0,0.0,63.55978393554688,161.09938621520996,0,27.0,"NL_ee.String({
  ""type"": ""Invocation"",
  ""arguments"": {
    ""element"": {
      ""type"": ""ArgumentRef"",
      ""value"": ""_MAPPING_VAR_0_0""
    }
  },
  ""functionName"": ""Feature.id""
})",-9999.0,"{""type"":""Point"",""coordinates"":[73.47303243820504,32.172139207039315]}",0.0,0.0,0.3945377163053771,0.0,0,0,0.22240817253972528,0,0,0
,,,,,,,,2504,34.32696661083239,143.7086751104249,-0.0482315112540192,0.0757220921155347,,7.0,91.83049011230467,192.35446166992188,285.8176956176758,644.0489158630371,0,28.0,"NL_ee.String({
  ""type"": ""Invocation"",
  ""arguments"": {
    ""element"": {
      ""type"": ""ArgumentRef"",
      ""value"": ""_MAPPING_VAR_0_0""
    }
  },
  ""functionName"": ""Feature.id""
})",-9999.0,"{""type"":""Point"",""coordinates"":[75.76361154063613,32.744411616748366]}",0.47740244398325826,0.6729970348904671,0.443782589455453,1.0946687906672476,0,1,85.95472439352432,0,0,1
,,,,,,,,4537,9.485189411880926,234.455935121347,0.0658418029164825,-0.0811295383236217,,9.0,0.0,0.0,0.0,0.0,0,29.0,"NL_ee.String({
  ""type"": ""Invocation"",
  ""arguments"": {
    ""element"": {
      ""type"": ""ArgumentRef"",
      ""value"": ""_MAPPING_VAR_0_0""
    }
  },
  ""functionName"": ""Feature.id""
})",-9999.0,"{""type"":""Point"",""coordinates"":[78.20518635497338,33.536960177450865]}",0.0,0.0,0.0,0.0,0,0,43.03430436170376,0,0,0
,,,,,,,,1119,28.806636589922764,204.13866517222715,0.8305709023941068,-0.6797634136037178,,7.0,54.85352516174317,104.41197299957275,202.79657554626465,327.2955856323242,0,30.0,"NL_ee.String({
  ""type"": ""Invocation"",
  ""arguments"": {
    ""element"": {
      ""type"": ""ArgumentRef"",
      ""value"": ""_MAPPING_VAR_0_0""
    }
  },
  ""functionName"": ""Feature.id""
})",-9999.0,"{""type"":""Point"",""coordinates"":[78.77381148898895,30.254016726118156]}",0.5253566577270562,0.5148606317356326,0.6196129262008481,0.9034687869503314,0,0,32.23462634412357,1,0,0
,,,,,,,,2148,21.90958252903481,22.22213960119323,0.8148148148148148,-0.6415410385259631,,9.0,71.88154029846191,71.88154029846191,139.26752281188965,248.46879959106445,0,31.0,"NL_ee.String({
  ""type"": ""Invocation"",
  ""arguments"": {
    ""element"": {
      ""type"": ""ArgumentRef"",
      ""value"": ""_MAPPING_VAR_0_0""
    }
  },
  ""functionName"": ""Feature.id""
})",-9999.0,"{""type"":""Point"",""coordinates"":[77.45110306285466,31.63775620622831]}",1.0,0.5161400077141689,0.5605030613143351,0.0,0,0,47.061783272366775,0,1,0
,,,,,,,,1433,26.92021916545912,266.3443469195701,-0.0544217687074829,0.0951175406871609,,4.0,159.38453102111816,356.7838382720947,557.8191833496094,831.2081604003906,0,32.0,"NL_ee.String({
  ""type"": ""Invocation"",
  ""arguments"": {
    ""element"": {
      ""type"": ""ArgumentRef"",
      ""value"": ""_MAPPING_VAR_0_0""
    }
  },
  ""functionName"": ""Feature.id""
})",-9999.0,"{""type"":""Point"",""coordinates"":[78.15318050888165,30.400024090331847]}",0.446725759196431,0.6396048198444314,0.6710944501325751,1.238509822667932,1,1,38.57667406410292,1,0,1
,,,,,,,,4958,39.8352798530923,315.8879327256193,0.0076548364648573,-0.0006910850034554,,9.0,0.0,0.0,0.0,0.0,0,33.0,"NL_ee.String({
  ""type"": ""Invocation"",
  ""arguments"": {
    ""element"": {
      ""type"": ""ArgumentRef"",
      ""value"": ""_MAPPING_VAR_0_0""
    }
  },
  ""functionName"": ""Feature.id""
})",-9999.0,"{""type"":""Point"",""coordinates"":[78.38899271138214,33.24420134233261]}",0.0,0.0,0.0,0.0,0,0,197.50331751163165,0,1,1
,,,,,,,,2445,26.96105970194216,225.5631863507037,-0.0145576707726763,0.0387766247951938,,7.0,200.86328125,350.8045310974121,416.8451976776123,654.754316329956,0,34.0,"NL_ee.String({
  ""type"": ""Invocation"",
  ""arguments"": {
    ""element"": {
      ""type"": ""ArgumentRef"",
      ""value"": ""_MAPPING_VAR_0_0""
    }
  },
  ""functionName"": ""Feature.id""
})",-9999.0,"{""type"":""Point"",""coordinates"":[76.60902975945353,32.13200702940458]}",0.5725789248549469,0.8415702832894911,0.6366436803565078,0.7464841205137492,1,1,65.91979097124857,0,0,1
,,,,,,,,764,17.341936601809515,33.95992746794881,0.7700272479564033,-0.6855215360664245,,7.0,52.41188430786133,52.41188430786133,180.964469909668,528.169116973877,0,35.0,"NL_ee.String({
  ""type"": ""Invocation"",
  ""arguments"": {
    ""element"": {
      ""type"": ""ArgumentRef"",
      ""value"": ""_MAPPING_VAR_0_0""
    }
  },
  ""functionName"": ""Feature.id""
})",-9999.0,"{""type"":""Point"",""coordinates"":[74.05917683175491,33.36335271981358]}",1.0,0.2896252746963189,0.3426259962841001,0.0,0,1,13.249239563782469,0,1,0
,,,,,,,,4524,7.800075970443085,315.15642636223384,0.0626587637595258,-0.1331828442437923,,9.0,0.0,19.529580116271973,19.529580116271973,71.2934021949768,0,36.0,"NL_ee.String({
  ""type"": ""Invocation"",
  ""arguments"": {
    ""element"": {
      ""type"": ""ArgumentRef"",
      ""value"": ""_MAPPING_VAR_0_0""
    }
  },
  ""functionName"": ""Feature.id""
})",-9999.0,"{""type"":""Point"",""coordinates"":[80.68461801981536,33.081151860256774]}",0.0,1.0,0.27393250307877703,0.0,0,0,35.287543690284515,0,1,0
,,,,,,,,252,1.0694814893926774,90.0,0.9182720373613544,-0.8561476181510074,,4.0,0.0,0.0,59.27469730377197,208.7423505783081,0,37.0,"NL_ee.String({
  ""type"": ""Invocation"",
  ""arguments"": {
    ""element"": {
      ""type"": ""ArgumentRef"",
      ""value"": ""_MAPPING_VAR_0_0""
    }
  },
  ""functionName"": ""Feature.id""
})",-9999.0,"{""type"":""Point"",""coordinates"":[76.8162224008593,29.872649456802538]}",0.0,0.0,0.2839610512172302,0.0,0,0,0.2695093353269547,0,0,0
,,,,,,,,5146,4.501205746772034,90.0,-0.2635933806146572,0.2932501418037436,,,0.0,3.0808733701705933,3.0808733701705933,4.933524250984192,0,38.0,"NL_ee.String({
  ""type"": ""Invocation"",
  ""arguments"": {
    ""element"": {
      ""type"": ""ArgumentRef"",
      ""value"": ""_MAPPING_VAR_0_0""
    }
  },
  ""functionName"": ""Feature.id""
})",-9999.0,"{""type"":""Point"",""coordinates"":[80.72718238933095,34.66208114537558]}",0.0,1.0,0.6244771918484009,0.0,0,0,23.163204772888886,0,0,0
,,,,,,,,2873,25.45385945418296,189.51032620800507,0.1665642286416717,-0.1781502172563625,,7.0,10.124475479125977,10.124475479125977,24.977354049682617,98.70415115356444,0,39.0,"NL_ee.String({
  ""type"": ""Invocation"",
  ""arguments"": {
    ""element"": {
      ""type"": ""ArgumentRef"",
      ""value"": ""_MAPPING_VAR_0_0""
    }
  },
  ""functionName"": ""Feature.id""
})",-9999.0,"{""type"":""Point"",""coordinates"":[74.08075585945674,34.58006653684067]}",1.0,0.40534619715872694,0.2530527212662284,0.0,0,0,73.12893821186765,0,0,1
,,,,,,,,1554,28.278122459953103,158.8812475284348,0.8797814207650273,-0.7542883634677793,,7.0,53.26927947998047,87.35362243652344,167.5042552947998,482.2707958221436,0,40.0,"NL_ee.String({
  ""type"": ""Invocation"",
  ""arguments"": {
    ""element"": {
      ""type"": ""ArgumentRef"",
      ""value"": ""_MAPPING_VAR_0_0""
    }
  },
  ""functionName"": ""Feature.id""
})",-9999.0,"{""type"":""Point"",""coordinates"":[74.57597304086147,33.36615947594145]}",0.6098119115631322,0.5215009152023337,0.34732406926952636,0.6398498963995273,0,1,43.944202302767124,1,0,0
,,,,,,,,322,1.4022105981432544,48.59960477449551,0.7096002733173898,-0.5916030534351145,,6.0,0.0,6.218480110168457,23.274471759796143,205.1332232952118,0,41.0,"NL_ee.String({
  ""type"": ""Invocation"",
  ""arguments"": {
    ""element"": {
      ""type"": ""ArgumentRef"",
      ""value"": ""_MAPPING_VAR_0_0""
    }
  },
  ""functionName"": ""Feature.id""
})",-9999.0,"{""type"":""Point"",""coordinates"":[75.75930277579101,28.160420084696753]}",0.0,0.2671802898190856,0.11346027418630932,0.0,0,0,0.4515118126021279,0,0,0
,,,,,,,,161,1.411004612688784,228.91379722719327,0.9035369774919614,-0.8009126246408653,,6.0,0.0,0.0,0.0,102.5383801460266,0,42.0,"NL_ee.String({
  ""type"": ""Invocation"",
  ""arguments"": {
    ""element"": {
      ""type"": ""ArgumentRef"",
      ""value"": ""_MAPPING_VAR_0_0""
    }
  },
  ""functionName"": ""Feature.id""
})",-9999.0,"{""type"":""Point"",""coordinates"":[73.47000693783907,29.31619991116783]}",0.0,0.0,0.0,0.0,0,0,0.22717174264289422,0,0,0
,,,,,,,,4235,6.577640734711941,278.0702190493833,0.0545670225385527,-0.1426735218508997,,9.0,16.0559024810791,16.0559024810791,16.0559024810791,16.0559024810791,0,43.0,"NL_ee.String({
  ""type"": ""Invocation"",
  ""arguments"": {
    ""element"": {
      ""type"": ""ArgumentRef"",
      ""value"": ""_MAPPING_VAR_0_0""
    }
  },
  ""functionName"": ""Feature.id""
})",-9999.0,"{""type"":""Point"",""coordinates"":[79.61722196103473,31.707025586204633]}",1.0,1.0,1.0,0.0,0,0,27.85630851150507,0,0,0
,,,,,,,,226,2.3029102136642354,246.2635367847547,0.3006993006993007,-0.316658801321378,,4.0,5.967300891876221,16.976855754852295,47.43320369720459,172.41399097442627,0,44.0,"NL_ee.String({
  ""type"": ""Invocation"",
  ""arguments"": {
    ""element"": {
      ""type"": ""ArgumentRef"",
      ""value"": ""_MAPPING_VAR_0_0""
    }
  },
  ""functionName"": ""Feature.id""
})",-9999.0,"{""type"":""Point"",""coordinates"":[77.03589848684324,28.423179931791157]}",0.3514962357013994,0.3579107973230322,0.27511226571073477,1.8449806809581681,0,0,0.5204577082881172,0,0,0
,,,,,,,,4848,13.805400819962252,171.17810007412376,0.0772467688608355,-0.2418572418572418,,9.0,21.624311447143555,21.624311447143555,45.14866065979004,78.51280403137207,0,45.0,"NL_ee.String({
  ""type"": ""Invocation"",
  ""arguments"": {
    ""element"": {
      ""type"": ""ArgumentRef"",
      ""value"": ""_MAPPING_VAR_0_0""
    }
  },
  ""functionName"": ""Feature.id""
})",-9999.0,"{""type"":""Point"",""coordinates"":[79.92516586841421,30.783382570236327]}",1.0,0.4789579830526941,0.5750483786281481,0.0,0,0,66.928583175177,0,0,0
,,,,,,,,5656,36.21410133061895,128.2415590089524,0.0435335239911026,-0.1289102784462014,,9.0,0.0,0.0,7.05625057220459,7.05625057220459,0,46.0,"NL_ee.String({
  ""type"": ""Invocation"",
  ""arguments"": {
    ""element"": {
      ""type"": ""ArgumentRef"",
      ""value"": ""_MAPPING_VAR_0_0""
    }
  },
  ""functionName"": ""Feature.id""
})",-9999.0,"{""type"":""Point"",""coordinates"":[79.58618013324283,32.393273616058316]}",0.0,0.0,1.0,0.0,0,0,204.82695712598078,0,0,1
,,,,,,,,5481,51.23083455219832,337.3788786053228,0.0061191626409017,-0.0048247024766806,,9.0,12.402345657348633,12.402345657348633,17.317574501037598,17.317574501037598,0,47.0,"NL_ee.String({
  ""type"": ""Invocation"",
  ""arguments"": {
    ""element"": {
      ""type"": ""ArgumentRef"",
      ""value"": ""_MAPPING_VAR_0_0""
    }
  },
  ""functionName"": ""Feature.id""
})",-9999.0,"{""type"":""Point"",""coordinates"":[77.8456353697556,32.32616653022839]}",1.0,0.7161710582856471,1.0,0.0,0,0,280.796204180599,0,1,1
,,,,,,,,211,4.244688715005314,310.868033573826,0.2661498708010336,-0.2539987204094689,,7.0,0.0,0.0,10.811357498168944,135.2770004272461,0,48.0,"NL_ee.String({
  ""type"": ""Invocation"",
  ""arguments"": {
    ""element"": {
      ""type"": ""ArgumentRef"",
      ""value"": ""_MAPPING_VAR_0_0""
    }
  },
  ""functionName"": ""Feature.id""
})",-9999.0,"{""type"":""Point"",""coordinates"":[75.10556973089304,30.088461905993487]}",0.0,0.0,0.07992014506548323,0.0,0,0,0.8956293188661212,0,0,0
,,,,,,,,5736,40.40709645177274,314.7152907797364,-0.0552763819095477,-0.016638935108153,,9.0,0.0,0.0,0.0,12.064671754837036,0,49.0,"NL_ee.String({
  ""type"": ""Invocation"",
  ""arguments"": {
    ""element"": {
      ""type"": ""ArgumentRef"",
      ""value"": ""_MAPPING_VAR_0_0""
    }
  },
  ""functionName"": ""Feature.id""
})",-9999.0,"{""type"":""Point"",""coordinates"":[79.99573032865207,33.947067206108755]}",0.0,0.0,0.0,0.0,0,0,231.77510524736843,0,0,1
,,,,,,,,4615,20.817074180176075,333.39357576295924,0.0416415208207604,-0.0479659987856709,,9.0,48.72077560424805,48.72077560424805,48.72077560424805,95.40789031982422,0,50.0,"NL_ee.String({
  ""type"": ""Invocation"",
  ""arguments"": {
    ""element"": {
      ""type"": ""ArgumentRef"",
      ""value"": ""_MAPPING_VAR_0_0""
    }
  },
  ""functionName"": ""Feature.id""
})",-9999.0,"{""type"":""Point"",""coordinates"":[78.8777591309417,31.174178676814403]}",1.0,1.0,0.5106577185694741,0.0,0,0,96.07079734151259,0,1,1
,,,,,,,,701,5.149598814856019,122.60690950550092,0.4749620637329286,-0.3995680345572354,,7.0,48.94968032836914,191.65573120117188,255.4811019897461,401.0626602172852,0,51.0,"NL_ee.String({
  ""type"": ""Invocation"",
  ""arguments"": {
    ""element"": {
      ""type"": ""ArgumentRef"",
      ""value"": ""_MAPPING_VAR_0_0""
    }
  },
  ""functionName"": ""Feature.id""
})",-9999.0,"{""type"":""Point"",""coordinates"":[76.57546489087692,31.468428826830067]}",0.25540420848145157,0.7501757652856222,0.6370104408406735,2.9153622641759402,0,1,3.6098687692140694,0,0,0
,,,,,,,,4541,35.04735806167712,233.1282641976626,0.0815154994259471,-0.1826741996233521,,9.0,0.0,0.0,0.0,0.0,0,52.0,"NL_ee.String({
  ""type"": ""Invocation"",
  ""arguments"": {
    ""element"": {
      ""type"": ""ArgumentRef"",
      ""value"": ""_MAPPING_VAR_0_0""
    }
  },
  ""functionName"": ""Feature.id""
})",-9999.0,"{""type"":""Point"",""coordinates"":[78.68423976346347,33.21800422372972]}",0.0,0.0,0.0,0.0,0,0,159.1500529580758,0,0,1
,,,,,,,,5903,35.42679365088609,338.9058595391534,-0.0035756853396901,-0.0441298917568692,,,0.0,0.0,0.0,0.0,0,53.0,"NL_ee.String({
  ""type"": ""Invocation"",
  ""arguments"": {
    ""element"": {
      ""type"": ""ArgumentRef"",
      ""value"": ""_MAPPING_VAR_0_0""
    }
  },
  ""functionName"": ""Feature.id""
})",-9999.0,"{""type"":""Point"",""coordinates"":[78.61876787164259,34.71816892064827]}",0.0,0.0,0.0,0.0,0,0,209.1243629211806,0,1,1
,,,,,,,,2792,22.96192146445377,36.64604272347006,0.0094475936423252,0.034753958975449,,7.0,16.30285406112671,34.01750707626343,34.01750707626343,113.6681580543518,0,54.0,"NL_ee.String({
  ""type"": ""Invocation"",
  ""arguments"": {
    ""element"": {
      ""type"": ""ArgumentRef"",
      ""value"": ""_MAPPING_VAR_0_0""
    }
  },
  ""functionName"": ""Feature.id""
})",-9999.0,"{""type"":""Point"",""coordinates"":[75.3637000786029,33.67986154849765]}",0.47924893569001226,1.0,0.29927032916287377,1.086598269770222,0,0,64.10968472875493,0,1,1
,,,,,,,,4525,31.18401966375969,216.64196558421412,0.022883295194508,-0.0407450523864959,,9.0,22.64962387084961,22.64962387084961,34.86490345001221,67.17513370513916,0,55.0,"NL_ee.String({
  ""type"": ""Invocation"",
  ""arguments"": {
    ""element"": {
      ""type"": ""ArgumentRef"",
      ""value"": ""_MAPPING_VAR_0_0""
    }
  },
  ""functionName"": ""Feature.id""
})",-9999.0,"{""type"":""Point"",""coordinates"":[78.6314247062222,31.626739639367415]}",1.0,0.6496396556303006,0.5190150212882256,0.0,0,0,141.10768897851258,0,0,1
,,,,,,,,234,4.260630301296031,209.64009328229093,0.0694362017804154,-0.1957531519575315,,4.0,8.936878204345703,19.33074760437012,56.731557846069336,188.9212727546692,0,56.0,"NL_ee.String({
  ""type"": ""Invocation"",
  ""arguments"": {
    ""element"": {
      ""type"": ""ArgumentRef"",
      ""value"": ""_MAPPING_VAR_0_0""
    }
  },
  ""functionName"": ""Feature.id""
})",-9999.0,"{""type"":""Point"",""coordinates"":[77.23609750193685,28.5109431081311]}",0.46231415293660627,0.34074064485978955,0.3002920582677856,1.1630313362635096,0,0,0.9969874905032712,0,0,0
,,,,,,,,4560,24.64161130421803,108.51813513783088,0.1298892988929889,-0.2452216348108987,,9.0,17.68475103378296,17.68475103378296,17.68475103378296,17.68475103378296,0,57.0,"NL_ee.String({
  ""type"": ""Invocation"",
  ""arguments"": {
    ""element"": {
      ""type"": ""ArgumentRef"",
      ""value"": ""_MAPPING_VAR_0_0""
    }
  },
  ""functionName"": ""Feature.id""
})",-9999.0,"{""type"":""Point"",""coordinates"":[79.9168412073218,31.132287412607266]}",1.0,1.0,1.0,0.0,0,0,112.36574754723422,0,0,1
,,,,,,,,3422,35.645449758477355,22.25726715943693,-0.0016755521706016,0.055211186391812,,7.0,40.22658157348633,86.82586002349854,86.82586002349854,166.0832052230835,0,58.0,"NL_ee.String({
  ""type"": ""Invocation"",
  ""arguments"": {
    ""element"": {
      ""type"": ""ArgumentRef"",
      ""value"": ""_MAPPING_VAR_0_0""
    }
  },
  ""functionName"": ""Feature.id""
})",-9999.0,"{""type"":""Point"",""coordinates"":[75.91937034624637,33.45219960347407]}",0.46330184996266566,1.0,0.522785310572937,1.158420045334555,0,0,121.9787290735095,0,1,1
,,,,,,,,4143,57.35996934905029,299.1644096187335,0.0347182697780307,-0.0814991076740035,,9.0,0.0,0.0,0.0,0.0,0,59.0,"NL_ee.String({
  ""type"": ""Invocation"",
  ""arguments"": {
    ""element"": {
      ""type"": ""ArgumentRef"",
      ""value"": ""_MAPPING_VAR_0_0""
    }
  },
  ""functionName"": ""Feature.id""
})",-9999.0,"{""type"":""Point"",""coordinates"":[77.25960837662235,33.78175267500683]}",0.0,0.0,0.0,0.0,0,0,237.64235301311535,0,0,1
,,,,,,,,4982,45.58273666051713,325.56956494304484,-0.0303030303030303,-0.1034482758620689,,,81.42290496826172,142.99057579040527,195.8805980682373,245.81818389892572,0,60.0,"NL_ee.String({
  ""type"": ""Invocation"",
  ""arguments"": {
    ""element"": {
      ""type"": ""ArgumentRef"",
      ""value"": ""_MAPPING_VAR_0_0""
    }
  },
  ""functionName"": ""Feature.id""
})",-9999.0,"{""type"":""Point"",""coordinates"":[76.54981726914824,32.68875617674212]}",0.569428471199465,0.7299884582780007,0.7968515386509344,0.7561468219064691,0,0,227.09319404269633,0,1,1
,,,,,,,,274,3.661697920099848,239.60883523496807,0.1969002055986082,-0.3193863319386332,,9.0,0.0,0.0,0.0,158.14430904388428,0,61.0,"NL_ee.String({
  ""type"": ""Invocation"",
  ""arguments"": {
    ""element"": {
      ""type"": ""ArgumentRef"",
      ""value"": ""_MAPPING_VAR_0_0""
    }
  },
  ""functionName"": ""Feature.id""
})",-9999.0,"{""type"":""Point"",""coordinates"":[74.59134186157384,28.389676558315095]}",0.0,0.0,0.0,0.0,0,0,1.0033052301073584,0,0,0
,,,,,,,,3901,29.592436109905268,3.9256941857706034,0.2930277913213067,-0.3148239960337134,,9.0,29.90508079528809,29.90508079528809,29.90508079528809,53.06878089904785,0,62.0,"NL_ee.String({
  ""type"": ""Invocation"",
  ""arguments"": {
    ""element"": {
      ""type"": ""ArgumentRef"",
      ""value"": ""_MAPPING_VAR_0_0""
    }
  },
  ""functionName"": ""Feature.id""
})",-9999.0,"{""type"":""Point"",""coordinates"":[76.67297738276876,33.622832081512456]}",1.0,1.0,0.5635155036287001,0.0,0,0,115.44009326474045,0,1,1
,,,,,,,,395,2.1563505596673034,210.7019227982801,0.0908141962421711,-0.052896725440806,,4.0,43.82358551025391,124.97190856933594,237.5567970275879,561.1813774108887,0,63.0,"NL_ee.String({
  ""type"": ""Invocation"",
  ""arguments"": {
    ""element"": {
      ""type"": ""ArgumentRef"",
      ""value"": ""_MAPPING_VAR_0_0""
    }
  },
  ""functionName"": ""Feature.id""
})",-9999.0,"{""type"":""Point"",""coordinates"":[75.07279929714308,32.64459420459514]}",0.35066749009390424,0.5260717021488664,0.42331553859395504,1.8517043303107825,0,1,0.8517584710685848,0,0,0
,,,,,,,,196,2.975353446538771,20.879331834573563,0.0611764705882353,-0.1186440677966101,,6.0,0.0,0.0,7.410124778747559,133.85320472717285,0,64.0,"NL_ee.String({
  ""type"": ""Invocation"",
  ""arguments"": {
    ""element"": {
      ""type"": ""ArgumentRef"",
      ""value"": ""_MAPPING_VAR_0_0""
    }
  },
  ""functionName"": ""Feature.id""
})",-9999.0,"{""type"":""Point"",""coordinates"":[74.61734441506664,29.08989766303487]}",0.0,0.0,0.05536008490682978,0.0,0,0,0.5831692755215991,0,1,0
,,,,,,,,694,24.080844880739924,347.94808764751,0.8500851788756388,-0.6762492764808026,,7.0,67.91788101196289,178.14857292175293,284.1824007034302,528.6011943817139,0,65.0,"NL_ee.String({
  ""type"": ""Invocation"",
  ""arguments"": {
    ""element"": {
      ""type"": ""ArgumentRef"",
      ""value"": ""_MAPPING_VAR_0_0""
    }
  },
  ""functionName"": ""Feature.id""
})",-9999.0,"{""type"":""Point"",""coordinates"":[78.481881216582,29.84638744709102]}",0.3812429136987476,0.6268810893313093,0.5376121047850229,1.622999573416819,0,1,16.712106347233508,0,1,0
,,,,,,,,1626,13.718604325112262,90.0,0.4519685039370079,-0.3727047146401985,,7.0,98.2745189666748,159.89385986328125,281.53681087493896,461.7538843154907,0,66.0,"NL_ee.String({
  ""type"": ""Invocation"",
  ""arguments"": {
    ""element"": {
      ""type"": ""ArgumentRef"",
      ""value"": ""_MAPPING_VAR_0_0""
    }
  },
  ""functionName"": ""Feature.id""
})",-9999.0,"{""type"":""Point"",""coordinates"":[78.37612524259724,30.453000889829692]}",0.6146234699112608,0.5679323402377654,0.6097118409567737,0.6270123888116079,0,1,22.30645063263254,0,0,0
,,,,,,,,1739,20.16506010331651,314.85217374311486,0.4537732767069585,-0.3046027557900909,,4.0,88.42192459106445,150.11291217803955,272.5692138671875,547.6142883300781,0,67.0,"NL_ee.String({
  ""type"": ""Invocation"",
  ""arguments"": {
    ""element"": {
      ""type"": ""ArgumentRef"",
      ""value"": ""_MAPPING_VAR_0_0""
    }
  },
  ""functionName"": ""Feature.id""
})",-9999.0,"{""type"":""Point"",""coordinates"":[79.48848208024494,29.483638312552422]}",0.589036101612583,0.5507331882726264,0.4977394119835212,0.6976888127269889,0,1,35.067039519667404,0,0,0
,,,,,,,,4763,4.409190260003855,77.88124458424892,0.102402022756005,-0.2077562326869806,,9.0,21.53364944458008,21.53364944458008,37.91914176940918,63.19025421142578,0,68.0,"NL_ee.String({
  ""type"": ""Invocation"",
  ""arguments"": {
    ""element"": {
      ""type"": ""ArgumentRef"",
      ""value"": ""_MAPPING_VAR_0_0""
    }
  },
  ""functionName"": ""Feature.id""
})",-9999.0,"{""type"":""Point"",""coordinates"":[80.29153302934107,30.80725938539822]}",1.0,0.5678833549432308,0.6000789558867261,0.0,0,0,21.000973208398356,0,0,0
,,,,,,,,229,2.8234790074807505,131.02988414797755,0.4726799653078924,-0.4432639184020399,,7.0,11.46424961090088,11.46424961090088,43.13178825378418,180.6425848007202,0,69.0,"NL_ee.String({
  ""type"": ""Invocation"",
  ""arguments"": {
    ""element"": {
      ""type"": ""ArgumentRef"",
      ""value"": ""_MAPPING_VAR_0_0""
    }
  },
  ""functionName"": ""Feature.id""
})",-9999.0,"{""type"":""Point"",""coordinates"":[76.30843636665983,29.517855327374743]}",1.0,0.26579583353804165,0.23876866189312976,0.0,0,0,0.6465766927130919,0,0,0
,,,,,,,,4149,1.4309429731199588,229.60654694433097,0.0531877421627333,-0.116504854368932,,9.0,18.79795265197754,18.79795265197754,18.79795265197754,29.85587406158448,0,70.0,"NL_ee.String({
  ""type"": ""Invocation"",
  ""arguments"": {
    ""element"": {
      ""type"": ""ArgumentRef"",
      ""value"": ""_MAPPING_VAR_0_0""
    }
  },
  ""functionName"": ""Feature.id""
})",-9999.0,"{""type"":""Point"",""coordinates"":[79.74078192710334,31.6935992156891]}",1.0,1.0,0.6296232564889079,0.0,0,0,5.9369823954747085,0,0,0
,,,,,,,,239,1.0721209392516975,90.0,0.8785942492012779,-0.7791225416036308,,4.0,0.0,0.0,18.95309829711914,142.2945318222046,0,71.0,"NL_ee.String({
  ""type"": ""Invocation"",
  ""arguments"": {
    ""element"": {
      ""type"": ""ArgumentRef"",
      ""value"": ""_MAPPING_VAR_0_0""
    }
  },
  ""functionName"": ""Feature.id""
})",-9999.0,"{""type"":""Point"",""coordinates"":[76.16348947681072,30.117413138553086]}",0.0,0.0,0.1331962518475469,0.0,0,0,0.2562369044811557,0,0,0
,,,,,,,,5246,18.117278199150004,32.74435695061666,-0.0025839793281653,-0.0343903528360875,,9.0,11.685591697692873,11.685591697692873,11.685591697692873,29.26151895523072,0,72.0,"NL_ee.String({
  ""type"": ""Invocation"",
  ""arguments"": {
    ""element"": {
      ""type"": ""ArgumentRef"",
      ""value"": ""_MAPPING_VAR_0_0""
    }
  },
  ""functionName"": ""Feature.id""
})",-9999.0,"{""type"":""Point"",""coordinates"":[77.19664621150477,34.589441693050745]}",1.0,1.0,0.3993501402156016,0.0,0,0,95.04324143274093,0,1,0
,,,,,,,,401,9.712552915300272,18.95466277778009,0.8631840796019901,-0.7173975351103468,,7.0,57.07023239135742,112.28617095947266,222.7622747421265,342.0665063858032,0,73.0,"NL_ee.String({
  ""type"": ""Invocation"",
  ""arguments"": {
    ""element"": {
      ""type"": ""ArgumentRef"",
      ""value"": ""_MAPPING_VAR_0_0""
    }
  },
  ""functionName"": ""Feature.id""
})",-9999.0,"{""type"":""Point"",""coordinates"":[80.27005366544358,29.13095499185917]}",0.5082569999822661,0.5040627776379869,0.6512250412815389,0.9675085636496725,0,0,3.8947337190354085,0,1,0
,,,,,,,,284,1.4238887043511317,49.36448618842154,0.3789260385005066,-0.3175217812197483,,7.0,0.0,118.78961563110352,175.66140174865723,260.7456512451172,0,74.0,"NL_ee.String({
  ""type"": ""Invocation"",
  ""arguments"": {
    ""element"": {
      ""type"": ""ArgumentRef"",
      ""value"": ""_MAPPING_VAR_0_0""
    }
  },
  ""functionName"": ""Feature.id""
})",-9999.0,"{""type"":""Point"",""coordinates"":[76.54222871749113,30.887341796794303]}",0.0,0.6762419885563252,0.6736887112396155,0.0,0,0,0.4043843920357214,0,0,0
,,,,,,,,644,0.0,-0.0,0.7075163398692811,-0.6201550387596899,,4.0,119.92466163635254,266.0720195770264,382.8599033355713,632.4523525238037,0,75.0,"NL_ee.String({
  ""type"": ""Invocation"",
  ""arguments"": {
    ""element"": {
      ""type"": ""ArgumentRef"",
      ""value"": ""_MAPPING_VAR_0_0""
    }
  },
  ""functionName"": ""Feature.id""
})",-9999.0,"{""type"":""Point"",""coordinates"":[78.0220818241909,30.32543568635193]}",0.45072255935440436,0.694959219440167,0.6053577029285563,1.2186597480994894,1,1,0.0,0,1,0
,,,,,,,,4619,19.05117740931041,106.33540977723533,-0.0180586907449209,0.0037217291726309,,9.0,10.515511751174929,10.515511751174929,10.515511751174929,14.98223328590393,0,76.0,"NL_ee.String({
  ""type"": ""Invocation"",
  ""arguments"": {
    ""element"": {
      ""type"": ""ArgumentRef"",
      ""value"": ""_MAPPING_VAR_0_0""
    }
  },
  ""functionName"": ""Feature.id""
})",-9999.0,"{""type"":""Point"",""coordinates"":[77.42476411893774,33.85736675548962]}",1.0,1.0,0.7018654395849298,0.0,0,0,87.99738845360478,0,0,0
,,,,,,,,5303,9.38361799954004,72.9102930961672,0.2572135201978565,-0.3775971093044263,,9.0,0.0,0.0,0.0,0.0,0,77.0,"NL_ee.String({
  ""type"": ""Invocation"",
  ""arguments"": {
    ""element"": {
      ""type"": ""ArgumentRef"",
      ""value"": ""_MAPPING_VAR_0_0""
    }
  },
  ""functionName"": ""Feature.id""
})",-9999.0,"{""type"":""Point"",""coordinates"":[81.09404125862754,34.93022562962331]}",0.0,0.0,0.0,0.0,0,0,49.76132625156083,0,0,0
,,,,,,,,252,1.4149271737792877,49.0522047923757,0.588534442903375,-0.495213228894691,,7.0,0.0,0.0,58.767656326293945,228.1340627670288,0,78.0,"NL_ee.String({
  ""type"": ""Invocation"",
  ""arguments"": {
    ""element"": {
      ""type"": ""ArgumentRef"",
      ""value"": ""_MAPPING_VAR_0_0""
    }
  },
  ""functionName"": ""Feature.id""
})",-9999.0,"{""type"":""Point"",""coordinates"":[76.91395890316916,29.808672740189582]}",0.0,0.0,0.25760141038783696,0.0,0,0,0.3565616477923805,0,0,0
,,,,,,,,230,0.0,-0.0,0.1766482133870156,-0.1736947791164658,,7.0,0.0,0.0,85.06475830078125,282.7235412597656,0,79.0,"NL_ee.String({
  ""type"": ""Invocation"",
  ""arguments"": {
    ""element"": {
      ""type"": ""ArgumentRef"",
      ""value"": ""_MAPPING_VAR_0_0""
    }
  },
  ""functionName"": ""Feature.id""
})",-9999.0,"{""type"":""Point"",""coordinates"":[74.60568130399835,32.191471517226404]}",0.0,0.0,0.30087610646693186,0.0,0,0,0.0,0,1,0
,,,,,,,,216,4.21254612589183,131.2487825521752,0.1671732522796352,-0.2452371301175517,,7.0,0.0,0.0,32.935147285461426,183.25762844085693,0,80.0,"NL_ee.String({
  ""type"": ""Invocation"",
  ""arguments"": {
    ""element"": {
      ""type"": ""ArgumentRef"",
      ""value"": ""_MAPPING_VAR_0_0""
    }
  },
  ""functionName"": ""Feature.id""
})",-9999.0,"{""type"":""Point"",""coordinates"":[76.27844317614732,28.72451710459023]}",0.0,0.0,0.1797204709330321,0.0,0,0,0.9099099631926353,0,0,0
,,,,,,,,4300,31.43871055358257,85.44369483023931,0.2356599861782999,-0.2288659793814433,,7.0,4.146944046020508,6.901220321655273,9.65549659729004,84.78888893127441,0,81.0,"NL_ee.String({
  ""type"": ""Invocation"",
  ""arguments"": {
    ""element"": {
      ""type"": ""ArgumentRef"",
      ""value"": ""_MAPPING_VAR_0_0""
    }
  },
  ""functionName"": ""Feature.id""
})",-9999.0,"{""type"":""Point"",""coordinates"":[75.35829722519149,34.56646068096211]}",0.6009001093629559,0.7147452492078143,0.1138769090973264,0.6641701081734694,0,0,135.18645538040508,0,0,1
,,,,,,,,1025,27.47299092587476,253.72844527245903,0.3375298458866941,-0.2942659105229994,,4.0,48.54726791381836,83.05420970916748,182.9059352874756,308.2862062454224,0,82.0,"NL_ee.String({
  ""type"": ""Invocation"",
  ""arguments"": {
    ""element"": {
      ""type"": ""ArgumentRef"",
      ""value"": ""_MAPPING_VAR_0_0""
    }
  },
  ""functionName"": ""Feature.id""
})",-9999.0,"{""type"":""Point"",""coordinates"":[81.21455864712789,28.878367637736584]}",0.5845250720441174,0.45408154513209276,0.5932991213426743,0.7107906021942619,0,0,28.15981569902163,1,0,0
,,,,,,,,194,2.355570547743661,66.82618673740897,0.8499341816586222,-0.7285772857728577,,7.0,0.0,8.229133605957031,8.229133605957031,159.15568733215332,0,83.0,"NL_ee.String({
  ""type"": ""Invocation"",
  ""arguments"": {
    ""element"": {
      ""type"": ""ArgumentRef"",
      ""value"": ""_MAPPING_VAR_0_0""
    }
  },
  ""functionName"": ""Feature.id""
})",-9999.0,"{""type"":""Point"",""coordinates"":[73.9822214654207,31.11636402119552]}",0.0,1.0,0.05170492958120351,0.0,0,0,0.4569806862622702,0,0,0
,,,,,,,,1576,0.9274099368729608,180.0,0.907651715039578,-0.7998506348020911,,7.0,7.554198265075684,7.554198265075684,20.313039302825928,83.47599935531616,0,84.0,"NL_ee.String({
  ""type"": ""Invocation"",
  ""arguments"": {
    ""element"": {
      ""type"": ""ArgumentRef"",
      ""value"": ""_MAPPING_VAR_0_0""
    }
  },
  ""functionName"": ""Feature.id""
})",-9999.0,"{""type"":""Point"",""coordinates"":[74.39917670695053,34.235413920886046]}",1.0,0.3718891177463902,0.2433398756493269,0.0,0,0,1.4615980605117862,0,0,0
,,,,,,,,227,0.0,-0.0,0.2036082474226804,-0.3497109826589595,,4.0,57.065242767333984,130.41005516052246,245.16813850402832,475.0440444946289,0,85.0,"NL_ee.String({
  ""type"": ""Invocation"",
  ""arguments"": {
    ""element"": {
      ""type"": ""ArgumentRef"",
      ""value"": ""_MAPPING_VAR_0_0""
    }
  },
  ""functionName"": ""Feature.id""
})",-9999.0,"{""type"":""Point"",""coordinates"":[78.60727511485739,29.4197628673841]}",0.4375831502953669,0.5319208929686421,0.5160955943881964,1.2852799503934373,0,1,0.0,0,1,0
,,,,,,,,1588,1.854334168853263,180.0,0.6933151432469304,-0.5912820512820512,,7.0,10.153818130493164,10.153818130493164,21.06151866912841,105.80537700653076,0,86.0,"NL_ee.String({
  ""type"": ""Invocation"",
  ""arguments"": {
    ""element"": {
      ""type"": ""ArgumentRef"",
      ""value"": ""_MAPPING_VAR_0_0""
    }
  },
  ""functionName"": ""Feature.id""
})",-9999.0,"{""type"":""Point"",""coordinates"":[74.77825951024617,34.16425933039821]}",1.0,0.4821028478528685,0.19905905791374293,0.0,0,0,2.9446826601389815,0,0,0
,,,,,,,,5436,17.8174876044791,113.7614408385973,0.0832395950506186,-0.1602409638554217,,9.0,0.0,2.425386428833008,2.425386428833008,6.584147930145264,0,87.0,"NL_ee.String({
  ""type"": ""Invocation"",
  ""arguments"": {
    ""element"": {
      ""type"": ""ArgumentRef"",
      ""value"": ""_MAPPING_VAR_0_0""
    }
  },
  ""functionName"": ""Feature.id""
})",-9999.0,"{""type"":""Point"",""coordinates"":[81.22054901182292,34.36392789488791]}",0.0,1.0,0.3683675480206742,0.0,0,0,96.8558626179484,0,0,0
,,,,,,,,4005,4.895181007559541,40.88403597652066,0.5739196360879454,-0.4946004319654428,,7.0,24.760160446166992,24.760160446166992,66.1784315109253,201.7103338241577,0,88.0,"NL_ee.String({
  ""type"": ""Invocation"",
  ""arguments"": {
    ""element"": {
      ""type"": ""ArgumentRef"",
      ""value"": ""_MAPPING_VAR_0_0""
    }
  },
  ""functionName"": ""Feature.id""
})",-9999.0,"{""type"":""Point"",""coordinates"":[80.82677404868747,29.967219749839884]}",1.0,0.3741424491464319,0.3280864706149204,0.0,0,0,19.605199935275962,0,1,0
,,,,,,,,3936,42.38272967300247,266.94951730402863,0.041305456399796,-0.0276799194765978,,9.0,0.0,0.0,0.0,15.08999252319336,0,89.0,"NL_ee.String({
  ""type"": ""Invocation"",
  ""arguments"": {
    ""element"": {
      ""type"": ""ArgumentRef"",
      ""value"": ""_MAPPING_VAR_0_0""
    }
  },
  ""functionName"": ""Feature.id""
})",-9999.0,"{""type"":""Point"",""coordinates"":[76.83609499423767,35.201213513575894]}",0.0,0.0,0.0,0.0,0,0,166.8184239929377,0,0,1
,,,,,,,,236,2.199357232473168,90.0,0.3427672955974842,-0.2595870206489675,,7.0,9.585234642028809,17.198923587799072,67.42021322250366,301.29434156417847,0,90.0,"NL_ee.String({
  ""type"": ""Invocation"",
  ""arguments"": {
    ""element"": {
      ""type"": ""ArgumentRef"",
      ""value"": ""_MAPPING_VAR_0_0""
    }
  },
  ""functionName"": ""Feature.id""
})",-9999.0,"{""type"":""Point"",""coordinates"":[74.42124584697412,32.54124155141485]}",0.5573159618447622,0.2551004033617974,0.22376860073936217,0.7943143000783914,0,0,0.5190483068636675,0,0,0
,,,,,,,,257,0.9274099368670312,-0.0,0.3583617747440273,-0.307776560788609,,4.0,24.144983291625977,24.144983291625977,75.22195816040039,226.74008560180664,0,91.0,"NL_ee.String({
  ""type"": ""Invocation"",
  ""arguments"": {
    ""element"": {
      ""type"": ""ArgumentRef"",
      ""value"": ""_MAPPING_VAR_0_0""
    }
  },
  ""functionName"": ""Feature.id""
})",-9999.0,"{""type"":""Point"",""coordinates"":[76.78195279819359,30.0647633953141]}",1.0,0.3209831794080679,0.33175412261466053,0.0,0,0,0.23834435377482702,0,1,0
,,,,,,,,150,1.4050171657379151,48.70046971069946,0.8097434419140963,-0.6696808510638298,,7.0,74.48205184936523,155.05974960327148,288.6665439605713,463.4605474472046,0,92.0,"NL_ee.String({
  ""type"": ""Invocation"",
  ""arguments"": {
    ""element"": {
      ""type"": ""ArgumentRef"",
      ""value"": ""_MAPPING_VAR_0_0""
    }
  },
  ""functionName"": ""Feature.id""
})",-9999.0,"{""type"":""Point"",""coordinates"":[81.06513144759819,28.537321326710096]}",0.48034420305676667,0.537158714258383,0.6228503063541885,1.0818404669740977,0,1,0.21075257486068727,0,0,0
,,,,,,,,263,0.9274099368670312,-0.0,0.8235042735042735,-0.7426996120073515,,4.0,0.0,49.84046173095703,84.66683959960938,227.5254497528076,0,93.0,"NL_ee.String({
  ""type"": ""Invocation"",
  ""arguments"": {
    ""element"": {
      ""type"": ""ArgumentRef"",
      ""value"": ""_MAPPING_VAR_0_0""
    }
  },
  ""functionName"": ""Feature.id""
})",-9999.0,"{""type"":""Point"",""coordinates"":[76.38233037001116,30.578470715012195]}",0.0,0.5886656684795754,0.3721203043070333,0.0,0,0,0.2439088133960292,0,1,0
,,,,,,,,5171,0.9274099368729608,-0.0,0.0194634402945818,-0.0754716981132075,,9.0,0.0,7.313572645187378,7.313572645187378,26.019339323043823,0,94.0,"NL_ee.String({
  ""type"": ""Invocation"",
  ""arguments"": {
    ""element"": {
      ""type"": ""ArgumentRef"",
      ""value"": ""_MAPPING_VAR_0_0""
    }
  },
  ""functionName"": ""Feature.id""
})",-9999.0,"{""type"":""Point"",""coordinates"":[80.66710871959492,34.33425447733583]}",0.0,1.0,0.2810821810033497,0.0,0,0,4.79563678357008,0,1,0
,,,,,,,,1763,18.61454588995437,163.98976478959494,0.4204398447606727,-0.3527720739219712,,4.0,72.98781967163086,107.96569633483888,181.698579788208,347.92784690856934,0,95.0,"NL_ee.String({
  ""type"": ""Invocation"",
  ""arguments"": {
    ""element"": {
      ""type"": ""ArgumentRef"",
      ""value"": ""_MAPPING_VAR_0_0""
    }
  },
  ""functionName"": ""Feature.id""
})",-9999.0,"{""type"":""Point"",""coordinates"":[80.11974273284291,29.393649735969245]}",0.67602786949357,0.5942022026847219,0.5222306331690545,0.4792289565652464,0,0,32.817444403989555,0,0,0
,,,,,,,,4984,11.347373381549112,323.76963188997144,-0.028095733610822,0.0286011440457618,,7.0,7.46921968460083,7.46921968460083,7.46921968460083,7.46921968460083,0,96.0,"NL_ee.String({
  ""type"": ""Invocation"",
  ""arguments"": {
    ""element"": {
      ""type"": ""ArgumentRef"",
      ""value"": ""_MAPPING_VAR_0_0""
    }
  },
  ""functionName"": ""Feature.id""
})",-9999.0,"{""type"":""Point"",""coordinates"":[76.93951272407746,35.02681337835813]}",1.0,1.0,1.0,0.0,0,0,56.555308933640774,0,1,0
,,,,,,,,5053,16.234807281703386,340.9219259995203,-0.0661661191928672,0.0791300323924109,,7.0,85.2996883392334,111.29823684692384,151.06624221801758,209.03454208374023,0,97.0,"NL_ee.String({
  ""type"": ""Invocation"",
  ""arguments"": {
    ""element"": {
      ""type"": ""ArgumentRef"",
      ""value"": ""_MAPPING_VAR_0_0""
    }
  },
  ""functionName"": ""Feature.id""
})",-9999.0,"{""type"":""Point"",""coordinates"":[77.80043480359544,31.743214123320133]}",0.7664064656886879,0.7367512106794788,0.722685546188341,0.30479066235617736,0,0,82.0344811944472,0,1,0
,,,,,,,,5109,32.30616984266727,129.7925971810509,0.0136082474226804,-0.1162579473206176,,7.0,20.34817123413086,20.34817123413086,41.06574249267578,92.62157821655272,0,98.0,"NL_ee.String({
  ""type"": ""Invocation"",
  ""arguments"": {
    ""element"": {
      ""type"": ""ArgumentRef"",
      ""value"": ""_MAPPING_VAR_0_0""
    }
  },
  ""functionName"": ""Feature.id""
})",-9999.0,"{""type"":""Point"",""coordinates"":[81.06945752695054,29.972240824693333]}",1.0,0.49550233355113515,0.44337122389193734,0.0,0,0,165.0522217261871,0,0,1
,,,,,,,,4762,25.97102361977456,175.54217887209307,0.0704387990762124,-0.1656711725872367,,9.0,17.573501586914062,17.573501586914062,25.6245346069336,55.168031215667725,0,99.0,"NL_ee.String({
  ""type"": ""Invocation"",
  ""arguments"": {
    ""element"": {
      ""type"": ""ArgumentRef"",
      ""value"": ""_MAPPING_VAR_0_0""
    }
  },
  ""functionName"": ""Feature.id""
})",-9999.0,"{""type"":""Point"",""coordinates"":[80.26543156887229,31.226061592848357]}",1.0,0.6858076392988985,0.4644815854812711,0.0,0,0,123.67401447736646,0,0,1
,,,,,,,,774,16.51825146537016,236.91713517310487,,,,4.0,197.13282775878903,443.1922454833984,612.7461090087891,1012.4533500671388,0,100.0,"NL_ee.String({
  ""type"": ""Invocation"",
  ""arguments"": {
    ""element"": {
      ""type"": ""ArgumentRef"",
      ""value"": ""_MAPPING_VAR_0_0""
    }
  },
  ""functionName"": ""Feature.id""
})",-9999.0,"{""type"":""Point"",""coordinates"":[76.29820334558873,32.123296757425976]}",0.44480206900680863,0.7232885512734302,0.6052092266455101,1.2481909812894618,1,1,12.785126634196503,0,0,0
,,,,,,,,893,7.1193231512498505,49.60646229294228,0.1331331331331331,-0.1125307125307125,,4.0,82.35310363769531,207.4559783935547,280.0182800292969,441.1340103149414,0,101.0,"NL_ee.String({
  ""type"": ""Invocation"",
  ""arguments"": {
    ""element"": {
      ""type"": ""ArgumentRef"",
      ""value"": ""_MAPPING_VAR_0_0""
    }
  },
  ""functionName"": ""Feature.id""
})",-9999.0,"{""type"":""Point"",""coordinates"":[76.50286062621475,31.693240944967215]}",0.3969666445643096,0.7408658405153036,0.6347691936728745,1.519103339519997,0,1,6.357555574066117,0,0,0
,,,,,,,,2796,36.77010647999112,271.2412493355944,-0.0292929292929292,0.0601466992665036,,9.0,0.0,0.0,0.0,0.0,0,102.0,"NL_ee.String({
  ""type"": ""Invocation"",
  ""arguments"": {
    ""element"": {
      ""type"": ""ArgumentRef"",
      ""value"": ""_MAPPING_VAR_0_0""
    }
  },
  ""functionName"": ""Feature.id""
})",-9999.0,"{""type"":""Point"",""coordinates"":[76.13025694948884,34.57790541893332]}",0.0,0.0,0.0,0.0,0,0,102.80921771805518,0,0,1
,,,,,,,,241,3.737803565491622,60.29254499527773,0.6986573843858777,-0.5844155844155844,,7.0,0.0,0.0,33.340877532958984,163.07014846801758,0,103.0,"NL_ee.String({
  ""type"": ""Invocation"",
  ""arguments"": {
    ""element"": {
      ""type"": ""ArgumentRef"",
      ""value"": ""_MAPPING_VAR_0_0""
    }
  },
  ""functionName"": ""Feature.id""
})",-9999.0,"{""type"":""Point"",""coordinates"":[75.77940903552368,31.146875846506045]}",0.0,0.0,0.2044572709731605,0.0,0,0,0.9008106592834808,0,0,0
,,,,,,,,254,0.0,-0.0,0.7688258182650493,-0.6555269922879178,,7.0,0.0,62.56070327758789,142.39267349243164,286.17465019226074,0,104.0,"NL_ee.String({
  ""type"": ""Invocation"",
  ""arguments"": {
    ""element"": {
      ""type"": ""ArgumentRef"",
      ""value"": ""_MAPPING_VAR_0_0""
    }
  },
  ""functionName"": ""Feature.id""
})",-9999.0,"{""type"":""Point"",""coordinates"":[74.5622234483835,32.75421823402786]}",0.0,0.43935338626051623,0.49757263054840095,0.0,0,0,0.0,0,1,0
,,,,,,,,757,5.968022755641264,201.7072475521084,0.6113973931494392,-0.5672169811320755,,4.0,64.12672424316406,64.12672424316406,143.68675422668457,417.9104595184326,0,105.0,"NL_ee.String({
  ""type"": ""Invocation"",
  ""arguments"": {
    ""element"": {
      ""type"": ""ArgumentRef"",
      ""value"": ""_MAPPING_VAR_0_0""
    }
  },
  ""functionName"": ""Feature.id""
})",-9999.0,"{""type"":""Point"",""coordinates"":[74.13098683281191,33.14173691304096]}",1.0,0.44629530806991297,0.3438218665124055,0.0,0,1,4.517793226020437,0,0,0
,,,,,,,,187,1.0669391244869926,270.0,0.2323337679269882,-0.2374967268918565,,7.0,0.0,0.0,7.587370872497559,147.31734657287598,0,106.0,"NL_ee.String({
  ""type"": ""Invocation"",
  ""arguments"": {
    ""element"": {
      ""type"": ""ArgumentRef"",
      ""value"": ""_MAPPING_VAR_0_0""
    }
  },
  ""functionName"": ""Feature.id""
})",-9999.0,"{""type"":""Point"",""coordinates"":[74.43691513670929,29.634032857939825]}",0.0,0.0,0.051503580868151086,0.0,0,0,0.1995176162790676,0,0,0
,,,,,,,,3663,34.01750010789036,41.97042484369356,0.054054054054054,-0.1150822015725518,,9.0,1.1667852401733398,1.1667852401733398,1.1667852401733398,16.87755823135376,0,107.0,"NL_ee.String({
  ""type"": ""Invocation"",
  ""arguments"": {
    ""element"": {
      ""type"": ""ArgumentRef"",
      ""value"": ""_MAPPING_VAR_0_0""
    }
  },
  ""functionName"": ""Feature.id""
})",-9999.0,"{""type"":""Point"",""coordinates"":[75.68734916011138,34.42585030518401]}",1.0,1.0,0.06913234865964087,0.0,0,0,124.60610289520241,0,1,1
,,,,,,,,216,1.433738209317816,49.70156563076283,0.4006444683136412,-0.3292558613659531,,7.0,9.704233169555664,16.72086811065674,23.32972002029419,210.419502735138,0,108.0,"NL_ee.String({
  ""type"": ""Invocation"",
  ""arguments"": {
    ""element"": {
      ""type"": ""ArgumentRef"",
      ""value"": ""_MAPPING_VAR_0_0""
    }
  },
  ""functionName"": ""Feature.id""
})",-9999.0,"{""type"":""Point"",""coordinates"":[74.27377119509067,32.00351738908221]}",0.5803665877473699,0.7167196218433609,0.11087242255134536,0.7230488817100785,0,0,0.30968745321264823,0,0,0
,,,,,,,,2860,40.65732593313477,182.60694580198816,0.7570381797146163,-0.6459537572254336,,7.0,19.37318658828736,25.55210971832276,31.731032848358154,148.7151484489441,0,109.0,"NL_ee.String({
  ""type"": ""Invocation"",
  ""arguments"": {
    ""element"": {
      ""type"": ""ArgumentRef"",
      ""value"": ""_MAPPING_VAR_0_0""
    }
  },
  ""functionName"": ""Feature.id""
})",-9999.0,"{""type"":""Point"",""coordinates"":[75.1424401432749,34.025304984533726]}",0.7581834455882657,0.8052719191472802,0.21336785915425316,0.31894201306929304,0,0,116.27995216876545,0,0,0
,,,,,,,,4742,43.19246937289442,83.06753359880557,-0.0044130626654898,-0.0537132181223727,,9.0,6.61895227432251,6.61895227432251,13.768447399139404,38.258042335510254,0,110.0,"NL_ee.String({
  ""type"": ""Invocation"",
  ""arguments"": {
    ""element"": {
      ""type"": ""ArgumentRef"",
      ""value"": ""_MAPPING_VAR_0_0""
    }
  },
  ""functionName"": ""Feature.id""
})",-9999.0,"{""type"":""Point"",""coordinates"":[75.45529600428412,35.27612948351297]}",1.0,0.48073338136413457,0.3598837410026033,0.0,0,0,204.81868976626532,0,0,1
,,,,,,,,1573,36.292537933508655,172.7182249807795,0.5707824513794663,-0.5235797323974556,,4.0,58.33673858642578,90.09506702423096,148.55927848815918,315.5404977798462,0,111.0,"NL_ee.String({
  ""type"": ""Invocation"",
  ""arguments"": {
    ""element"": {
      ""type"": ""ArgumentRef"",
      ""value"": ""_MAPPING_VAR_0_0""
    }
  },
  ""functionName"": ""Feature.id""
})",-9999.0,"{""type"":""Point"",""coordinates"":[80.05693131398677,29.593502912812276]}",0.6475020277274025,0.6064587008034771,0.47080891211564724,0.5443967079296911,0,0,57.08816216940912,1,0,0
,,,,,,,,2697,25.09372530180541,104.00279975396305,0.3963963963963964,-0.3940415964024733,,9.0,30.967077255249023,30.967077255249023,30.967077255249023,81.34182453155518,0,112.0,"NL_ee.String({
  ""type"": ""Invocation"",
  ""arguments"": {
    ""element"": {
      ""type"": ""ArgumentRef"",
      ""value"": ""_MAPPING_VAR_0_0""
    }
  },
  ""functionName"": ""Feature.id""
})",-9999.0,"{""type"":""Point"",""coordinates"":[74.23486502714732,34.97604216111697]}",1.0,1.0,0.38070300775262145,0.0,0,0,67.67777713896919,0,0,0
,,,,,,,,4277,41.197832082251615,256.0896617028872,0.0593645484949832,-0.1292335115864527,,9.0,0.0,0.0,0.0,0.0,0,113.0,"NL_ee.String({
  ""type"": ""Invocation"",
  ""arguments"": {
    ""element"": {
      ""type"": ""ArgumentRef"",
      ""value"": ""_MAPPING_VAR_0_0""
    }
  },
  ""functionName"": ""Feature.id""
})",-9999.0,"{""type"":""Point"",""coordinates"":[77.59270755591518,33.04341074248292]}",0.0,0.0,0.0,0.0,0,0,176.20312781579017,0,0,1
,,,,,,,,219,6.383201177897272,270.0,0.1785195936139332,-0.2447623914154318,,7.0,0.0,0.0,8.031679153442383,132.28453731536865,0,114.0,"NL_ee.String({
  ""type"": ""Invocation"",
  ""arguments"": {
    ""element"": {
      ""type"": ""ArgumentRef"",
      ""value"": ""_MAPPING_VAR_0_0""
    }
  },
  ""functionName"": ""Feature.id""
})",-9999.0,"{""type"":""Point"",""coordinates"":[75.72159775088306,29.749803092854346]}",0.0,0.0,0.06071517742315354,0.0,0,0,1.3979210579595025,0,0,0
,,,,,,,,4961,17.12571680548502,322.0016844437235,0.1174911660777385,-0.223996129656507,,9.0,36.82635116577149,36.82635116577149,52.32192611694336,83.0360107421875,0,115.0,"NL_ee.String({
  ""type"": ""Invocation"",
  ""arguments"": {
    ""element"": {
      ""type"": ""ArgumentRef"",
      ""value"": ""_MAPPING_VAR_0_0""
    }
  },
  ""functionName"": ""Feature.id""
})",-9999.0,"{""type"":""Point"",""coordinates"":[78.66361940240546,31.422517760388676]}",1.0,0.7038416568125165,0.630111269186497,0.0,0,0,84.96068107201118,0,1,0
,,,,,,,,234,3.502967629348696,217.50231009811617,-0.119520655944497,0.2079432624113475,,7.0,68.7032413482666,138.30578994750977,261.7666492462158,533.1072845458984,0,116.0,"NL_ee.String({
  ""type"": ""Invocation"",
  ""arguments"": {
    ""element"": {
      ""type"": ""ArgumentRef"",
      ""value"": ""_MAPPING_VAR_0_0""
    }
  },
  ""functionName"": ""Feature.id""
})",-9999.0,"{""type"":""Point"",""coordinates"":[78.1273420038549,29.686915237362182]}",0.4967488445302331,0.5283552749969319,0.49102058222518763,1.013089735408812,0,1,0.819694425267595,0,0,0
,,,,,,,,160,1.4042772925064488,228.67393375583887,0.7404396266184884,-0.6336913510457886,,7.0,59.766719818115234,121.6333360671997,225.9611959457397,344.26634788513184,0,117.0,"NL_ee.String({
  ""type"": ""Invocation"",
  ""arguments"": {
    ""element"": {
      ""type"": ""ArgumentRef"",
      ""value"": ""_MAPPING_VAR_0_0""
    }
  },
  ""functionName"": ""Feature.id""
})",-9999.0,"{""type"":""Point"",""coordinates"":[80.44467207635957,28.438814640198917]}",0.4913679238814551,0.5382930266328014,0.6563557470366929,1.0351348783630712,0,0,0.22468436680103182,0,0,0
,,,,,,,,199,2.106623079173453,90.0,0.1766688269604666,-0.1562858234619793,,7.0,23.74402618408203,29.101250171661377,87.40522146224976,269.78396463394165,0,118.0,"NL_ee.String({
  ""type"": ""Invocation"",
  ""arguments"": {
    ""element"": {
      ""type"": ""ArgumentRef"",
      ""value"": ""_MAPPING_VAR_0_0""
    }
  },
  ""functionName"": ""Feature.id""
})",-9999.0,"{""type"":""Point"",""coordinates"":[78.12790791313881,28.3396368578596]}",0.8159108644481474,0.3329463581787294,0.32398227070628965,0.22562407681182658,0,0,0.4192179927555172,0,0,0
,,,,,,,,3681,29.364328070827703,161.70038171165805,0.3203509522790498,-0.3248872664805668,,7.0,8.782002449035645,8.782002449035645,19.067715644836422,47.02852725982666,0,119.0,"NL_ee.String({
  ""type"": ""Invocation"",
  ""arguments"": {
    ""element"": {
      ""type"": ""ArgumentRef"",
      ""value"": ""_MAPPING_VAR_0_0""
    }
  },
  ""functionName"": ""Feature.id""
})",-9999.0,"{""type"":""Point"",""coordinates"":[74.85762258312671,34.444891033061566]}",1.0,0.4605691952100109,0.40544998442093894,0.0,0,0,108.09009162871678,0,0,0
,,,,,,,,4891,19.93438579911299,257.1045595458773,0.0752314814814814,-0.1569115815691158,,9.0,0.0,0.0,0.0,7.707199096679687,0,120.0,"NL_ee.String({
  ""type"": ""Invocation"",
  ""arguments"": {
    ""element"": {
      ""type"": ""ArgumentRef"",
      ""value"": ""_MAPPING_VAR_0_0""
    }
  },
  ""functionName"": ""Feature.id""
})",-9999.0,"{""type"":""Point"",""coordinates"":[76.89149432634339,34.49189716208514]}",0.0,0.0,0.0,0.0,0,0,97.49908094346164,0,0,0
,,,,,,,,474,12.65066002354246,111.1371499299611,0.5972889014402711,-0.4562306900102986,,7.0,0.0,141.08722114562988,243.14985847473145,525.6668319702148,0,121.0,"NL_ee.String({
  ""type"": ""Invocation"",
  ""arguments"": {
    ""element"": {
      ""type"": ""ArgumentRef"",
      ""value"": ""_MAPPING_VAR_0_0""
    }
  },
  ""functionName"": ""Feature.id""
})",-9999.0,"{""type"":""Point"",""coordinates"":[75.92338036465381,31.728625468174158]}",0.0,0.5802480084942838,0.4625550704110407,0.0,0,1,5.996412851159127,0,0,0
,,,,,,,,5365,33.648614438737255,145.77873026034578,0.0492775101889588,-0.1568627450980392,,9.0,0.0,0.0,0.0,0.0,0,122.0,"NL_ee.String({
  ""type"": ""Invocation"",
  ""arguments"": {
    ""element"": {
      ""type"": ""ArgumentRef"",
      ""value"": ""_MAPPING_VAR_0_0""
    }
  },
  ""functionName"": ""Feature.id""
})",-9999.0,"{""type"":""Point"",""coordinates"":[78.53810169519988,34.751851358525606]}",0.0,0.0,0.0,0.0,0,0,180.52481646382537,0,0,1
,,,,,,,,3893,16.534588324011747,220.23572981233312,-0.0294323756131744,0.0425164189422744,,,112.56665420532228,179.68880653381348,210.0604772567749,247.697096824646,0,123.0,"NL_ee.String({
  ""type"": ""Invocation"",
  ""arguments"": {
    ""element"": {
      ""type"": ""ArgumentRef"",
      ""value"": ""_MAPPING_VAR_0_0""
    }
  },
  ""functionName"": ""Feature.id""
})",-9999.0,"{""type"":""Point"",""coordinates"":[76.83547216083613,32.41647273212152]}",0.6264533466314705,0.8554146352536582,0.8480538526678193,0.5962880641904837,1,0,64.36915234537773,0,0,0
,,,,,,,,250,2.990035816461515,158.3938302343295,0.6590330788804071,-0.568061568061568,,4.0,0.0,55.47320175170898,130.47482681274414,291.5413284301758,0,124.0,"NL_ee.String({
  ""type"": ""Invocation"",
  ""arguments"": {
    ""element"": {
      ""type"": ""ArgumentRef"",
      ""value"": ""_MAPPING_VAR_0_0""
    }
  },
  ""functionName"": ""Feature.id""
})",-9999.0,"{""type"":""Point"",""coordinates"":[74.18117025006516,32.68639861942382]}",0.0,0.42516401904348516,0.44753458288502274,0.0,0,0,0.7475089541153788,0,0,0
,,,,,,,,4668,16.624160156653215,105.72892476822052,0.0249798549556809,-0.2409756097560975,,9.0,6.188257694244385,6.188257694244385,6.188257694244385,9.362220525741575,0,125.0,"NL_ee.String({
  ""type"": ""Invocation"",
  ""arguments"": {
    ""element"": {
      ""type"": ""ArgumentRef"",
      ""value"": ""_MAPPING_VAR_0_0""
    }
  },
  ""functionName"": ""Feature.id""
})",-9999.0,"{""type"":""Point"",""coordinates"":[80.20454095409029,32.339090389077505]}",1.0,1.0,0.660981834088363,0.0,0,0,77.6015796112572,0,0,0
,,,,,,,,4634,32.923493991559305,180.0,0.0057034220532319,-0.07193515704154,,9.0,4.672760963439941,4.672760963439941,9.057330131530762,21.762266159057617,0,126.0,"NL_ee.String({
  ""type"": ""Invocation"",
  ""arguments"": {
    ""element"": {
      ""type"": ""ArgumentRef"",
      ""value"": ""_MAPPING_VAR_0_0""
    }
  },
  ""functionName"": ""Feature.id""
})",-9999.0,"{""type"":""Point"",""coordinates"":[78.62538629323859,32.267403342615744]}",1.0,0.5159093127424966,0.41619425409706395,0.0,0,0,152.56747115688583,0,0,1
,,,,,,,,1831,39.87426814179919,97.79599072405422,0.5688127584170112,-0.4997176736307171,,7.0,9.797703742980955,9.797703742980955,23.50416755676269,62.07555437088013,0,127.0,"NL_ee.String({
  ""type"": ""Invocation"",
  ""arguments"": {
    ""element"": {
      ""type"": ""ArgumentRef"",
      ""value"": ""_MAPPING_VAR_0_0""
    }
  },
  ""functionName"": ""Feature.id""
})",-9999.0,"{""type"":""Point"",""coordinates"":[74.1462781629797,34.7678601259481]}",1.0,0.41684963823200494,0.3786380612299225,0.0,0,0,73.00978496763432,1,0,0
,,,,,,,,236,1.4138331029873814,310.9862930901588,0.5506764249279219,-0.4819838914794404,,7.0,6.474674701690674,6.474674701690674,54.90578842163086,188.2376976013184,0,128.0,"NL_ee.String({
  ""type"": ""Invocation"",
  ""arguments"": {
    ""element"": {
      ""type"": ""ArgumentRef"",
      ""value"": ""_MAPPING_VAR_0_0""
    }
  },
  ""functionName"": ""Feature.id""
})",-9999.0,"{""type"":""Point"",""coordinates"":[76.48065845981561,29.672684004034167]}",1.0,0.11792335358105686,0.29168327662995336,0.0,0,0,0.333664612305022,0,0,0
,,,,,,,,5823,62.28660199603726,318.444775229275,-0.0017048683462777,0.0483069977426636,,,7.758144378662109,7.758144378662109,13.629963874816896,69.7713041305542,0,129.0,"NL_ee.String({
  ""type"": ""Invocation"",
  ""arguments"": {
    ""element"": {
      ""type"": ""ArgumentRef"",
      ""value"": ""_MAPPING_VAR_0_0""
    }
  },
  ""functionName"": ""Feature.id""
})",-9999.0,"{""type"":""Point"",""coordinates"":[77.69922955370555,34.871329337841985]}",1.0,0.5691977212790912,0.19535200100764738,0.0,0,0,362.694883422925,0,1,1
,,,,,,,,5050,16.296522142868437,279.56178103302005,0.0998815633636004,-0.1962215543151567,,9.0,7.702767848968506,26.95655345916748,37.48689937591553,104.85451984405518,0,130.0,"NL_ee.String({
  ""type"": ""Invocation"",
  ""arguments"": {
    ""element"": {
      ""type"": ""ArgumentRef"",
      ""value"": ""_MAPPING_VAR_0_0""
    }
  },
  ""functionName"": ""Feature.id""
})",-9999.0,"{""type"":""Point"",""coordinates"":[81.05068397544137,32.620746922683715]}",0.2857475033162639,0.7190926405742281,0.3575134331993308,2.4995931316789317,0,0,82.2974368214856,0,0,0
,,,,,,,,3979,38.09714159658715,85.26262572491939,0.2327718223583461,-0.2905811623246493,,9.0,17.95057487487793,17.95057487487793,29.33789825439453,29.33789825439453,0,131.0,"NL_ee.String({
  ""type"": ""Invocation"",
  ""arguments"": {
    ""element"": {
      ""type"": ""ArgumentRef"",
      ""value"": ""_MAPPING_VAR_0_0""
    }
  },
  ""functionName"": ""Feature.id""
})",-9999.0,"{""type"":""Point"",""coordinates"":[78.32063223765778,31.84978340252688]}",1.0,0.6118561977148145,1.0,0.0,0,0,151.58852641282027,0,0,1
,,,,,,,,275,1.4022208320949283,228.5999735897975,0.4028871391076115,-0.3648260453239706,,4.0,0.0,11.094876289367676,40.71194839477539,170.9281301498413,0,132.0,"NL_ee.String({
  ""type"": ""Invocation"",
  ""arguments"": {
    ""element"": {
      ""type"": ""ArgumentRef"",
      ""value"": ""_MAPPING_VAR_0_0""
    }
  },
  ""functionName"": ""Feature.id""
})",-9999.0,"{""type"":""Point"",""coordinates"":[76.46763869915841,28.161774541016467]}",0.0,0.2725213782888243,0.23818167529876993,0.0,0,0,0.3856107288261053,0,0,0
,,,,,,,,175,4.254357247844888,49.24494949862754,-0.0128585558852621,-0.0450261780104712,,7.0,0.0,0.0,0.0,90.9761381149292,0,133.0,"NL_ee.String({
  ""type"": ""Invocation"",
  ""arguments"": {
    ""element"": {
      ""type"": ""ArgumentRef"",
      ""value"": ""_MAPPING_VAR_0_0""
    }
  },
  ""functionName"": ""Feature.id""
})",-9999.0,"{""type"":""Point"",""coordinates"":[73.86019180615179,30.479803169999187]}",0.0,0.0,0.0,0.0,0,0,0.7445125183728554,0,0,0
,,,,,,,,476,8.034999987493105,290.1220427604968,0.8075244231968406,-0.6485308056872038,,4.0,0.0,91.70279693603516,135.33421802520752,323.1368818283081,0,134.0,"NL_ee.String({
  ""type"": ""Invocation"",
  ""arguments"": {
    ""element"": {
      ""type"": ""ArgumentRef"",
      ""value"": ""_MAPPING_VAR_0_0""
    }
  },
  ""functionName"": ""Feature.id""
})",-9999.0,"{""type"":""Point"",""coordinates"":[76.26053437502027,31.251700467364874]}",0.0,0.6776024443349167,0.41881390096818,0.0,0,0,3.8246599940467183,0,0,0
,,,,,,,,1166,26.211627146425243,220.86405197136912,0.7075023741690408,-0.5960940967598757,,4.0,45.375709533691406,136.56562614440918,230.429162979126,416.5071716308594,0,135.0,"NL_ee.String({
  ""type"": ""Invocation"",
  ""arguments"": {
    ""element"": {
      ""type"": ""ArgumentRef"",
      ""value"": ""_MAPPING_VAR_0_0""
    }
  },
  ""functionName"": ""Feature.id""
})",-9999.0,"{""type"":""Point"",""coordinates"":[76.88669379159228,31.31129746959447]}",0.33226303583677474,0.5926577364549135,0.5532417655063813,2.009663706591946,0,1,30.562757252731835,1,0,0
,,,,,,,,218,2.3397333530742803,113.34011513557456,0.7598550067965564,-0.6773914921183329,,4.0,0.0,0.0,17.415740966796875,182.2705488204956,0,136.0,"NL_ee.String({
  ""type"": ""Invocation"",
  ""arguments"": {
    ""element"": {
      ""type"": ""ArgumentRef"",
      ""value"": ""_MAPPING_VAR_0_0""
    }
  },
  ""functionName"": ""Feature.id""
})",-9999.0,"{""type"":""Point"",""coordinates"":[75.28516890980205,30.345480259442155]}",0.0,0.0,0.09554884801465273,0.0,0,0,0.5100618709701932,0,0,0
,,,,,,,,207,3.178113813895569,270.0,0.3333333333333333,-0.3673036093418259,,6.0,0.0,1.8960329294204712,8.447208523750305,193.12157547473907,0,137.0,"NL_ee.String({
  ""type"": ""Invocation"",
  ""arguments"": {
    ""element"": {
      ""type"": ""ArgumentRef"",
      ""value"": ""_MAPPING_VAR_0_0""
    }
  },
  ""functionName"": ""Feature.id""
})",-9999.0,"{""type"":""Point"",""coordinates"":[75.59809346430264,29.000881759388466]}",0.0,0.22445674498144033,0.043740366673092036,0.0,0,0,0.6578695594763827,0,0,0
,,,,,,,,5313,16.32757994704406,96.345188709425,-0.1267865375749193,0.1555951850200624,,,74.42112731933594,74.42112731933594,74.42112731933594,125.14548110961914,0,138.0,"NL_ee.String({
  ""type"": ""Invocation"",
  ""arguments"": {
    ""element"": {
      ""type"": ""ArgumentRef"",
      ""value"": ""_MAPPING_VAR_0_0""
    }
  },
  ""functionName"": ""Feature.id""
})",-9999.0,"{""type"":""Point"",""coordinates"":[76.53209855606256,33.48873497935193]}",1.0,1.0,0.5946769045072268,0.0,0,0,86.7484322586451,0,0,0
,,,,,,,,4749,29.1797308459892,221.08759419168132,0.086634740966478,-0.2193453834880312,,9.0,0.0,0.0,0.0,0.0,0,139.0,"NL_ee.String({
  ""type"": ""Invocation"",
  ""arguments"": {
    ""element"": {
      ""type"": ""ArgumentRef"",
      ""value"": ""_MAPPING_VAR_0_0""
    }
  },
  ""functionName"": ""Feature.id""
})",-9999.0,"{""type"":""Point"",""coordinates"":[79.2833098154862,33.06375400426675]}",0.0,0.0,0.0,0.0,0,0,138.5745417876027,0,0,1
,,,,,,,,2656,41.49015557470224,26.251543119180347,0.8773402194964494,-0.85814696485623,,4.0,22.36031913757324,40.63388442993164,58.90744972229004,213.52240562438965,0,140.0,"NL_ee.String({
  ""type"": ""Invocation"",
  ""arguments"": {
    ""element"": {
      ""type"": ""ArgumentRef"",
      ""value"": ""_MAPPING_VAR_0_0""
    }
  },
  ""functionName"": ""Feature.id""
})",-9999.0,"{""type"":""Point"",""coordinates"":[73.91330092943956,34.14527532595109]}",0.5502875113042904,0.689791946884371,0.27588416096208185,0.8172318641755141,0,0,110.19785320640915,0,1,0
,,,,,,,,5600,40.960218660345625,188.75591640791453,0.0243722304283604,-0.0198529411764705,,9.0,20.01810646057129,20.01810646057129,33.052157402038574,57.03793811798096,0,141.0,"NL_ee.String({
  ""type"": ""Invocation"",
  ""arguments"": {
    ""element"": {
      ""type"": ""ArgumentRef"",
      ""value"": ""_MAPPING_VAR_0_0""
    }
  },
  ""functionName"": ""Feature.id""
})",-9999.0,"{""type"":""Point"",""coordinates"":[79.8073237212619,30.96100185891837]}",1.0,0.6056520370841699,0.5794767218560979,0.0,0,0,229.37722449793552,0,0,1
,,,,,,,,1795,33.876011966404825,219.5043926814738,0.1336946702800361,-0.0708191126279863,,4.0,81.79372596740723,121.3933835029602,196.0960717201233,369.0420727729797,0,142.0,"NL_ee.String({
  ""type"": ""Invocation"",
  ""arguments"": {
    ""element"": {
      ""type"": ""ArgumentRef"",
      ""value"": ""_MAPPING_VAR_0_0""
    }
  },
  ""functionName"": ""Feature.id""
})",-9999.0,"{""type"":""Point"",""coordinates"":[79.98967588526286,29.334206069335785]}",0.6737906433377621,0.6190505625029452,0.5313650832455463,0.4841405262713238,0,0,60.80744147969666,1,0,1
,,,,,,,,209,1.0843811884577368,90.0,0.3638497652582159,-0.2562162162162162,,4.0,5.858432292938232,13.17311716079712,18.78743934631348,280.8737602233887,0,143.0,"NL_ee.String({
  ""type"": ""Invocation"",
  ""arguments"": {
    ""element"": {
      ""type"": ""ArgumentRef"",
      ""value"": ""_MAPPING_VAR_0_0""
    }
  },
  ""functionName"": ""Feature.id""
})",-9999.0,"{""type"":""Point"",""coordinates"":[74.64032689404887,31.216471198145065]}",0.44472634847375275,0.7011661843838225,0.06688926488316736,1.2485737654894509,0,0,0.226635668387667,0,0,0
,,,,,,,,5107,12.954457182923957,189.866621029302,0.1402157164869029,-0.2221304706853839,,9.0,0.0,0.0,0.0,0.0,0,144.0,"NL_ee.String({
  ""type"": ""Invocation"",
  ""arguments"": {
    ""element"": {
      ""type"": ""ArgumentRef"",
      ""value"": ""_MAPPING_VAR_0_0""
    }
  },
  ""functionName"": ""Feature.id""
})",-9999.0,"{""type"":""Point"",""coordinates"":[80.75543113276694,34.77876192777147]}",0.0,0.0,0.0,0.0,0,0,66.15841283319264,0,0,0
,,,,,,,,212,3.3473591598289474,73.93271142313162,0.8141197497765862,-0.7522658610271903,,4.0,0.0,0.0,0.0,160.02644062042236,0,145.0,"NL_ee.String({
  ""type"": ""Invocation"",
  ""arguments"": {
    ""element"": {
      ""type"": ""ArgumentRef"",
      ""value"": ""_MAPPING_VAR_0_0""
    }
  },
  ""functionName"": ""Feature.id""
})",-9999.0,"{""type"":""Point"",""coordinates"":[75.03458897046579,30.225490308046073]}",0.0,0.0,0.0,0.0,0,0,0.7096401418837369,0,0,0
,,,,,,,,1056,18.94362950155254,238.74839199199693,0.8339350180505415,-0.6821192052980133,,7.0,35.13594436645508,51.87272071838379,85.34627342224121,422.0399913787842,0,146.0,"NL_ee.String({
  ""type"": ""Invocation"",
  ""arguments"": {
    ""element"": {
      ""type"": ""ArgumentRef"",
      ""value"": ""_MAPPING_VAR_0_0""
    }
  },
  ""functionName"": ""Feature.id""
})",-9999.0,"{""type"":""Point"",""coordinates"":[73.57179649810327,34.1545115329437]}",0.6773491708138385,0.6077912794358257,0.20222319013754853,0.47634343273572616,0,1,20.004472753639483,0,0,0
,,,,,,,,488,9.800916644835546,212.50182590685992,0.8824696255888916,-0.7325422181652214,,7.0,109.25969696044922,184.48467445373527,338.2871570587158,547.2364826202393,0,147.0,"NL_ee.String({
  ""type"": ""Invocation"",
  ""arguments"": {
    ""element"": {
      ""type"": ""ArgumentRef"",
      ""value"": ""_MAPPING_VAR_0_0""
    }
  },
  ""functionName"": ""Feature.id""
})",-9999.0,"{""type"":""Point"",""coordinates"":[79.3476013815369,29.309769596962816]}",0.5922426742707518,0.5453493300122967,0.6181736192714218,0.688497035833045,1,1,4.782847322679746,0,0,0
,,,,,,,,199,1.4203029001775045,49.24018085942454,0.5733000623830318,-0.5007438262421898,,7.0,0.0,0.0,0.0,175.79271125793457,0,148.0,"NL_ee.String({
  ""type"": ""Invocation"",
  ""arguments"": {
    ""element"": {
      ""type"": ""ArgumentRef"",
      ""value"": ""_MAPPING_VAR_0_0""
    }
  },
  ""functionName"": ""Feature.id""
})",-9999.0,"{""type"":""Point"",""coordinates"":[74.48377797653768,30.463432103843683]}",0.0,0.0,0.0,0.0,0,0,0.2826402771353234,0,0,0
,,,,,,,,5173,2.9907478682964728,21.6406492456064,0.1492760858711932,-0.2376344086021505,,9.0,12.710478782653809,47.398263931274414,47.398263931274414,148.4395637512207,0,149.0,"NL_ee.String({
  ""type"": ""Invocation"",
  ""arguments"": {
    ""element"": {
      ""type"": ""ArgumentRef"",
      ""value"": ""_MAPPING_VAR_0_0""
    }
  },
  ""functionName"": ""Feature.id""
})",-9999.0,"{""type"":""Point"",""coordinates"":[80.84298312596245,32.84269513059512]}",0.2681633825467425,1.0,0.3193101807460993,2.7290699069463518,0,0,15.471138722697653,0,1,0
,,,,,,,,214,7.713191801881116,146.78705059145958,0.5336087119789711,-0.5064551825894504,,7.0,3.901190280914306,6.126217842102051,13.035759925842283,213.98865509033203,0,150.0,"NL_ee.String({
  ""type"": ""Invocation"",
  ""arguments"": {
    ""element"": {
      ""type"": ""ArgumentRef"",
      ""value"": ""_MAPPING_VAR_0_0""
    }
  },
  ""functionName"": ""Feature.id""
})",-9999.0,"{""type"":""Point"",""coordinates"":[75.72572051641089,29.214028352603794]}",0.636802409164039,0.46995479181519334,0.06091799549064616,0.570345817806732,0,0,1.650623045602559,0,0,0
,,,,,,,,5579,23.726503964175546,58.96065327567064,0.0728155339805825,-0.1890853189853958,,6.0,0.0,0.0,0.0,0.0,0,151.0,"NL_ee.String({
  ""type"": ""Invocation"",
  ""arguments"": {
    ""element"": {
      ""type"": ""ArgumentRef"",
      ""value"": ""_MAPPING_VAR_0_0""
    }
  },
  ""functionName"": ""Feature.id""
})",-9999.0,"{""type"":""Point"",""coordinates"":[78.22856392872292,35.24200992053967]}",0.0,0.0,0.0,0.0,0,0,132.37016561613538,0,0,1
,,,,,,,,208,1.0614836935333851,270.0,0.2361899074350552,-0.2707182320441988,,7.0,0.0,0.0,9.941536903381348,185.79211711883545,0,152.0,"NL_ee.String({
  ""type"": ""Invocation"",
  ""arguments"": {
    ""element"": {
      ""type"": ""ArgumentRef"",
      ""value"": ""_MAPPING_VAR_0_0""
    }
  },
  ""functionName"": ""Feature.id""
})",-9999.0,"{""type"":""Point"",""coordinates"":[75.5440440333931,29.112256590719497]}",0.0,0.0,0.053508927383730656,0.0,0,0,0.22078860825494412,0,0,0
,,,,,,,,800,13.038394527660984,155.33201012511606,0.5908111988513999,-0.54049356969065,,7.0,40.6389274597168,83.20174026489258,139.58556747436523,364.91940689086914,0,153.0,"NL_ee.String({
  ""type"": ""Invocation"",
  ""arguments"": {
    ""element"": {
      ""type"": ""ArgumentRef"",
      ""value"": ""_MAPPING_VAR_0_0""
    }
  },
  ""functionName"": ""Feature.id""
})",-9999.0,"{""type"":""Point"",""coordinates"":[74.48206088773163,33.12882442803108]}",0.48843843085893496,0.5960626286107444,0.3825106717772041,1.047340947847751,0,0,10.430715622128789,0,0,0
,,,,,,,,296,2.142982082807148,30.093985077682795,0.6641994546162836,-0.6399232245681382,,7.0,0.0,89.11511611938477,168.7642059326172,378.494553565979,0,154.0,"NL_ee.String({
  ""type"": ""Invocation"",
  ""arguments"": {
    ""element"": {
      ""type"": ""ArgumentRef"",
      ""value"": ""_MAPPING_VAR_0_0""
    }
  },
  ""functionName"": ""Feature.id""
})",-9999.0,"{""type"":""Point"",""coordinates"":[77.04993862272543,30.372907680289895]}",0.0,0.5280451244203166,0.44588278574317264,0.0,0,0,0.6343226965109159,0,1,0
,,,,,,,,5522,8.058299330723242,304.8680530762405,0.1265474552957359,-0.250381679389313,,9.0,0.0,16.068898677825928,16.068898677825928,58.13901233673096,0,155.0,"NL_ee.String({
  ""type"": ""Invocation"",
  ""arguments"": {
    ""element"": {
      ""type"": ""ArgumentRef"",
      ""value"": ""_MAPPING_VAR_0_0""
    }
  },
  ""functionName"": ""Feature.id""
})",-9999.0,"{""type"":""Point"",""coordinates"":[81.0403940325294,33.26567630542621]}",0.0,1.0,0.2763875413768243,0.0,0,0,44.49792890425374,0,0,0
,,,,,,,,227,1.4160068509776351,49.09011594605984,0.7380952380952381,-0.6536702243519931,,4.0,0.0,0.0,0.0,116.6589288711548,0,156.0,"NL_ee.String({
  ""type"": ""Invocation"",
  ""arguments"": {
    ""element"": {
      ""type"": ""ArgumentRef"",
      ""value"": ""_MAPPING_VAR_0_0""
    }
  },
  ""functionName"": ""Feature.id""
})",-9999.0,"{""type"":""Point"",""coordinates"":[75.85572233434321,29.942245470998333]}",0.0,0.0,0.0,0.0,0,0,0.3214335551719232,0,0,0
,,,,,,,,4542,51.832185116330855,55.95476364181586,-0.0115730818688384,-0.0690774223458507,,7.0,22.974496841430664,50.239362716674805,50.239362716674805,132.36105918884277,0,157.0,"NL_ee.String({
  ""type"": ""Invocation"",
  ""arguments"": {
    ""element"": {
      ""type"": ""ArgumentRef"",
      ""value"": ""_MAPPING_VAR_0_0""
    }
  },
  ""functionName"": ""Feature.id""
})",-9999.0,"{""type"":""Point"",""coordinates"":[75.69222561993614,33.981720755983666]}",0.45730072196567223,1.0,0.3795630151689635,1.18674485293086,0,0,235.42178479837474,0,0,1
,,,,,,,,5202,41.809895536609005,196.41633249951727,0.0579872802095024,-0.148659626320065,,9.0,0.0,0.0,0.0,0.0,0,158.0,"NL_ee.String({
  ""type"": ""Invocation"",
  ""arguments"": {
    ""element"": {
      ""type"": ""ArgumentRef"",
      ""value"": ""_MAPPING_VAR_0_0""
    }
  },
  ""functionName"": ""Feature.id""
})",-9999.0,"{""type"":""Point"",""coordinates"":[78.81399088722725,33.641030157196695]}",0.0,0.0,0.0,0.0,0,0,217.49507658144006,0,0,1
,,,,,,,,3065,27.520694303243896,186.1694145634553,0.227554684949396,-0.191381495564005,,9.0,20.453649520874023,20.453649520874023,46.93426370620728,78.27247285842896,0,159.0,"NL_ee.String({
  ""type"": ""Invocation"",
  ""arguments"": {
    ""element"": {
      ""type"": ""ArgumentRef"",
      ""value"": ""_MAPPING_VAR_0_0""
    }
  },
  ""functionName"": ""Feature.id""
})",-9999.0,"{""type"":""Point"",""coordinates"":[81.22992438423812,29.854006709262563]}",1.0,0.4357935526358099,0.5996266885690077,0.0,0,0,84.35092803944255,0,0,1
,,,,,,,,221,3.256407329591031,270.0,0.3787575150300601,-0.29,,7.0,0.0,0.0,0.0,240.1515684127808,0,160.0,"NL_ee.String({
  ""type"": ""Invocation"",
  ""arguments"": {
    ""element"": {
      ""type"": ""ArgumentRef"",
      ""value"": ""_MAPPING_VAR_0_0""
    }
  },
  ""functionName"": ""Feature.id""
})",-9999.0,"{""type"":""Point"",""coordinates"":[74.82323552304607,31.401366032487132]}",0.0,0.0,0.0,0.0,0,0,0.7196660198396179,0,0,0
,,,,,,,,286,4.404823732475294,90.0,0.2484157160963244,-0.2918032786885245,,4.0,48.24197006225586,106.58219528198242,175.14297103881836,360.76511001586914,0,161.0,"NL_ee.String({
  ""type"": ""Invocation"",
  ""arguments"": {
    ""element"": {
      ""type"": ""ArgumentRef"",
      ""value"": ""_MAPPING_VAR_0_0""
    }
  },
  ""functionName"": ""Feature.id""
})",-9999.0,"{""type"":""Point"",""coordinates"":[74.13685951408054,32.797611985147576]}",0.4526269132909397,0.608543949265082,0.48547646703173225,1.2093250989633921,0,0,1.259779587487934,0,0,0
,,,,,,,,244,2.1518086754298267,329.5025479046991,0.5772357723577236,-0.4521763238148045,,7.0,0.0,176.0022201538086,222.5025177001953,469.1294136047363,0,162.0,"NL_ee.String({
  ""type"": ""Invocation"",
  ""arguments"": {
    ""element"": {
      ""type"": ""ArgumentRef"",
      ""value"": ""_MAPPING_VAR_0_0""
    }
  },
  ""functionName"": ""Feature.id""
})",-9999.0,"{""type"":""Point"",""coordinates"":[75.5815950742949,31.90574829415802]}",0.0,0.7910122634700151,0.4742881414970586,0.0,0,1,0.5250413168048778,0,1,0
,,,,,,,,262,4.749471138723736,346.9510419896112,0.6628637951105937,-0.598835907768077,,4.0,0.0,14.832295417785645,47.99728488922119,199.40211296081543,0,163.0,"NL_ee.String({
  ""type"": ""Invocation"",
  ""arguments"": {
    ""element"": {
      ""type"": ""ArgumentRef"",
      ""value"": ""_MAPPING_VAR_0_0""
    }
  },
  ""functionName"": ""Feature.id""
})",-9999.0,"{""type"":""Point"",""coordinates"":[76.39957204811344,30.35289357439447]}",0.0,0.3090236343997148,0.24070599943267978,0.0,0,0,1.2443614383456187,0,1,0
,,,,,,,,4905,3.704791833623834,-0.0,-0.0731158605174353,0.0534175761056863,,,64.14058685302734,64.14058685302734,83.00159454345703,104.00301551818848,0,164.0,"NL_ee.String({
  ""type"": ""Invocation"",
  ""arguments"": {
    ""element"": {
      ""type"": ""ArgumentRef"",
      ""value"": ""_MAPPING_VAR_0_0""
    }
  },
  ""functionName"": ""Feature.id""
})",-9999.0,"{""type"":""Point"",""coordinates"":[77.67915641172529,32.16392695957588]}",1.0,0.7727633090162545,0.7980691149185128,0.0,0,0,18.172003943924906,0,1,0
,,,,,,,,303,1.442682906041314,230.00226965915647,0.7473903966597077,-0.694331983805668,,7.0,61.90597915649414,61.90597915649414,193.97396087646484,447.650577545166,0,165.0,"NL_ee.String({
  ""type"": ""Invocation"",
  ""arguments"": {
    ""element"": {
      ""type"": ""ArgumentRef"",
      ""value"": ""_MAPPING_VAR_0_0""
    }
  },
  ""functionName"": ""Feature.id""
})",-9999.0,"{""type"":""Point"",""coordinates"":[73.9620596960447,32.96179269431546]}",1.0,0.3191458218246101,0.43331556040915353,0.0,0,1,0.43713292053051817,0,0,0
,,,,,,,,4539,29.663074907310573,130.82287500670412,0.0020134228187919,0.0206625122991144,,9.0,0.0,0.0,0.0,3.757667779922485,0,166.0,"NL_ee.String({
  ""type"": ""Invocation"",
  ""arguments"": {
    ""element"": {
      ""type"": ""ArgumentRef"",
      ""value"": ""_MAPPING_VAR_0_0""
    }
  },
  ""functionName"": ""Feature.id""
})",-9999.0,"{""type"":""Point"",""coordinates"":[76.40560632435634,34.27807656149892]}",0.0,0.0,0.0,0.0,0,0,134.6406970042827,0,0,1
,,,,,,,,4658,17.965270479892265,275.7303925204138,0.117786027674654,-0.2239467849223946,,9.0,22.307403087615967,22.307403087615967,22.307403087615967,51.27490472793579,0,167.0,"NL_ee.String({
  ""type"": ""Invocation"",
  ""arguments"": {
    ""element"": {
      ""type"": ""ArgumentRef"",
      ""value"": ""_MAPPING_VAR_0_0""
    }
  },
  ""functionName"": ""Feature.id""
})",-9999.0,"{""type"":""Point"",""coordinates"":[79.37074237618853,31.464222190141793]}",1.0,1.0,0.435054988516875,0.0,0,0,83.68222989533817,0,0,0
,,,,,,,,273,1.0871497413504136,270.0,0.3215189873417721,-0.2364784840110541,,7.0,0.0,116.1169776916504,154.58732223510742,371.0070018768311,0,168.0,"NL_ee.String({
  ""type"": ""Invocation"",
  ""arguments"": {
    ""element"": {
      ""type"": ""ArgumentRef"",
      ""value"": ""_MAPPING_VAR_0_0""
    }
  },
  ""functionName"": ""Feature.id""
})",-9999.0,"{""type"":""Point"",""coordinates"":[75.88534506763642,31.456381676254082]}",0.0,0.7511416590491905,0.41666955462589395,0.0,0,0,0.29679187938866297,0,0,0
,,,,,,,,5461,9.861405854041427,242.2502749591913,0.0474934036939313,-0.1582786287381473,,9.0,10.412907600402832,12.495489120483398,12.495489120483398,12.495489120483398,0,169.0,"NL_ee.String({
  ""type"": ""Invocation"",
  ""arguments"": {
    ""element"": {
      ""type"": ""ArgumentRef"",
      ""value"": ""_MAPPING_VAR_0_0""
    }
  },
  ""functionName"": ""Feature.id""
})",-9999.0,"{""type"":""Point"",""coordinates"":[77.58841850310588,32.670278924535516]}",0.8333333333333334,1.0,1.0,0.2,0,0,53.85313736892024,0,0,0
,,,,,,,,199,0.9274099368611016,180.0,-0.1827485380116959,0.0386930352536543,,7.0,0.0,0.0,0.0,143.71889209747314,0,170.0,"NL_ee.String({
  ""type"": ""Invocation"",
  ""arguments"": {
    ""element"": {
      ""type"": ""ArgumentRef"",
      ""value"": ""_MAPPING_VAR_0_0""
    }
  },
  ""functionName"": ""Feature.id""
})",-9999.0,"{""type"":""Point"",""coordinates"":[74.60332948061827,29.743029794388924]}",0.0,0.0,0.0,0.0,0,0,0.18455457743535922,0,0,0
,,,,,,,,5766,9.461729975028067,166.24664570395737,0.0816831683168316,-0.2494639027877055,,9.0,0.0,0.0,0.0,0.0,0,171.0,"NL_ee.String({
  ""type"": ""Invocation"",
  ""arguments"": {
    ""element"": {
      ""type"": ""ArgumentRef"",
      ""value"": ""_MAPPING_VAR_0_0""
    }
  },
  ""functionName"": ""Feature.id""
})",-9999.0,"{""type"":""Point"",""coordinates"":[79.01441302862075,35.20204083288524]}",0.0,0.0,0.0,0.0,0,0,54.55633503601184,0,0,0
,,,,,,,,4531,25.921144559598112,2.3157491963555685,0.4693877551020408,-0.4693877551020408,,9.0,0.0,0.0,0.0,0.0,0,172.0,"NL_ee.String({
  ""type"": ""Invocation"",
  ""arguments"": {
    ""element"": {
      ""type"": ""ArgumentRef"",
      ""value"": ""_MAPPING_VAR_0_0""
    }
  },
  ""functionName"": ""Feature.id""
})",-9999.0,"{""type"":""Point"",""coordinates"":[76.77376216286069,34.48488249677718]}",0.0,0.0,0.0,0.0,0,0,117.44870599953904,0,1,0
,,,,,,,,1001,3.522126454970792,142.0924033556692,0.890117994100295,-0.7916812303390423,,4.0,47.39045715332031,122.60281181335448,231.1973934173584,417.2361497879028,0,173.0,"NL_ee.String({
  ""type"": ""Invocation"",
  ""arguments"": {
    ""element"": {
      ""type"": ""ArgumentRef"",
      ""value"": ""_MAPPING_VAR_0_0""
    }
  },
  ""functionName"": ""Feature.id""
})",-9999.0,"{""type"":""Point"",""coordinates"":[76.97134549809209,31.114477197351793]}",0.3865364623567167,0.5302949570544311,0.5541164003523783,1.587078057016898,0,1,3.5256485814257625,0,0,0
,,,,,,,,317,2.1508107407716617,210.45224385422705,0.6303123399897593,-0.5389076848719188,,7.0,0.0,140.58724212646484,172.37055587768555,401.9284477233887,0,174.0,"NL_ee.String({
  ""type"": ""Invocation"",
  ""arguments"": {
    ""element"": {
      ""type"": ""ArgumentRef"",
      ""value"": ""_MAPPING_VAR_0_0""
    }
  },
  ""functionName"": ""Feature.id""
})",-9999.0,"{""type"":""Point"",""coordinates"":[75.79719932603712,31.739287700619133]}",0.0,0.8156105398083522,0.42885881020373245,0.0,0,1,0.6818070048246168,0,0,0
,,,,,,,,5139,23.930099419850485,170.0327612644709,-0.0040760869565217,-0.0615496017378711,,7.0,32.15690803527832,37.51639270782471,37.51639270782471,37.51639270782471,0,175.0,"NL_ee.String({
  ""type"": ""Invocation"",
  ""arguments"": {
    ""element"": {
      ""type"": ""ArgumentRef"",
      ""value"": ""_MAPPING_VAR_0_0""
    }
  },
  ""functionName"": ""Feature.id""
})",-9999.0,"{""type"":""Point"",""coordinates"":[77.5859334210951,32.5410606917921]}",0.8571428571428571,1.0,1.0,0.16666666666666666,0,0,122.97678091861165,0,0,1
,,,,,,,,4539,16.052096161242666,42.99740961152779,0.0026666666666666,-0.0329670329670329,,9.0,11.540570259094238,16.29703378677368,21.053497314453125,68.91474151611328,0,176.0,"NL_ee.String({
  ""type"": ""Invocation"",
  ""arguments"": {
    ""element"": {
      ""type"": ""ArgumentRef"",
      ""value"": ""_MAPPING_VAR_0_0""
    }
  },
  ""functionName"": ""Feature.id""
})",-9999.0,"{""type"":""Point"",""coordinates"":[75.49888456312482,34.414056522831125]}",0.7081393098945598,0.7740772729282297,0.30550063529630317,0.41215151599040256,0,0,72.86046447588046,0,1,0
,,,,,,,,329,2.394704998531956,67.22685201989242,0.7546919431279621,-0.623859649122807,,4.0,0.0,98.33781433105467,184.33782386779785,402.0908527374268,0,177.0,"NL_ee.String({
  ""type"": ""Invocation"",
  ""arguments"": {
    ""element"": {
      ""type"": ""ArgumentRef"",
      ""value"": ""_MAPPING_VAR_0_0""
    }
  },
  ""functionName"": ""Feature.id""
})",-9999.0,"{""type"":""Point"",""coordinates"":[74.72398838450412,32.90001694444253]}",0.0,0.533465201377119,0.458448190534128,0.0,0,1,0.7878579445170136,0,0,0
,,,,,,,,2047,23.216125834103565,135.81159219733252,0.8574561403508771,-0.7618304732189287,,4.0,45.003379821777344,94.9602222442627,175.48262977600098,351.24092292785645,0,178.0,"NL_ee.String({
  ""type"": ""Invocation"",
  ""arguments"": {
    ""element"": {
      ""type"": ""ArgumentRef"",
      ""value"": ""_MAPPING_VAR_0_0""
    }
  },
  ""functionName"": ""Feature.id""
})",-9999.0,"{""type"":""Point"",""coordinates"":[79.21994786599096,29.967713540789205]}",0.4739182234221904,0.5411374468542952,0.4996075864771727,1.110068679737494,0,0,47.523409582410004,0,0,0
,,,,,,,,215,4.655295334017513,293.4275939885119,0.6206088992974239,-0.5727272727272728,,7.0,0.0,0.0,0.0,108.86249279975893,0,179.0,"NL_ee.String({
  ""type"": ""Invocation"",
  ""arguments"": {
    ""element"": {
      ""type"": ""ArgumentRef"",
      ""value"": ""_MAPPING_VAR_0_0""
    }
  },
  ""functionName"": ""Feature.id""
})",-9999.0,"{""type"":""Point"",""coordinates"":[75.38817633248718,29.93181212366766]}",0.0,0.0,0.0,0.0,0,0,1.0008884968137652,0,0,0
,,,,,,,,291,4.199290158640198,270.0,0.5235204855842185,-0.4896142433234421,,6.0,0.0,11.094876289367676,40.71194839477539,170.9281301498413,0,180.0,"NL_ee.String({
  ""type"": ""Invocation"",
  ""arguments"": {
    ""element"": {
      ""type"": ""ArgumentRef"",
      ""value"": ""_MAPPING_VAR_0_0""
    }
  },
  ""functionName"": ""Feature.id""
})",-9999.0,"{""type"":""Point"",""coordinates"":[76.47588994612812,28.128535070081302]}",0.0,0.2725213782888243,0.23818167529876993,0.0,0,0,1.2219934361642977,0,0,0
,,,,,,,,4016,44.15941730065578,66.41703420160594,0.8613042661153918,-0.7591474245115453,,7.0,12.410659790039062,12.410659790039062,31.2631950378418,48.89917850494385,0,181.0,"NL_ee.String({
  ""type"": ""Invocation"",
  ""arguments"": {
    ""element"": {
      ""type"": ""ArgumentRef"",
      ""value"": ""_MAPPING_VAR_0_0""
    }
  },
  ""functionName"": ""Feature.id""
})",-9999.0,"{""type"":""Point"",""coordinates"":[74.18405227658802,35.06484593192042]}",1.0,0.3969734947121326,0.6393398824620541,0.0,0,0,177.34421987943364,0,0,0
,,,,,,,,4854,7.378860558827169,180.0,0.1666666666666666,-0.290181020296215,,9.0,17.583611965179443,17.583611965179443,17.583611965179443,77.42333698272705,0,182.0,"NL_ee.String({
  ""type"": ""Invocation"",
  ""arguments"": {
    ""element"": {
      ""type"": ""ArgumentRef"",
      ""value"": ""_MAPPING_VAR_0_0""
    }
  },
  ""functionName"": ""Feature.id""
})",-9999.0,"{""type"":""Point"",""coordinates"":[81.27526682693458,30.726970126815324]}",1.0,1.0,0.22710997291556037,0.0,0,0,35.81698915254708,0,0,0
,,,,,,,,5736,18.673960228748264,16.679047122961098,-0.1114341085271317,0.1308056872037914,,,0.0,0.0,0.0,16.803682327270508,0,183.0,"NL_ee.String({
  ""type"": ""Invocation"",
  ""arguments"": {
    ""element"": {
      ""type"": ""ArgumentRef"",
      ""value"": ""_MAPPING_VAR_0_0""
    }
  },
  ""functionName"": ""Feature.id""
})",-9999.0,"{""type"":""Point"",""coordinates"":[77.66233398064448,33.44647193851933]}",0.0,0.0,0.0,0.0,0,0,107.11383587210004,0,1,0
,,,,,,,,5543,16.7537067365925,102.42103438268649,0.0306530430919591,-0.0881801125703564,,9.0,0.0,0.0,0.0,0.0,0,184.0,"NL_ee.String({
  ""type"": ""Invocation"",
  ""arguments"": {
    ""element"": {
      ""type"": ""ArgumentRef"",
      ""value"": ""_MAPPING_VAR_0_0""
    }
  },
  ""functionName"": ""Feature.id""
})",-9999.0,"{""type"":""Point"",""coordinates"":[78.51031088520405,34.31662558455233]}",0.0,0.0,0.0,0.0,0,0,92.86579644093221,0,0,0
,,,,,,,,2946,29.28745398857389,197.74630668792727,0.0152505446623093,0.0223776223776223,,7.0,85.46416854858398,141.28993606567383,214.3548583984375,342.21178245544434,0,185.0,"NL_ee.String({
  ""type"": ""Invocation"",
  ""arguments"": {
    ""element"": {
      ""type"": ""ArgumentRef"",
      ""value"": ""_MAPPING_VAR_0_0""
    }
  },
  ""functionName"": ""Feature.id""
})",-9999.0,"{""type"":""Point"",""coordinates"":[77.34402500176442,31.54943881450874]}",0.6048850394330908,0.6591403484918806,0.6263807074683243,0.6532067001313475,0,0,86.28083945033868,0,0,1
,,,,,,,,5256,16.263713336002215,160.61349599758543,0.1184713375796178,-0.206043956043956,,9.0,0.0,0.0,0.0,15.882145881652832,0,186.0,"NL_ee.String({
  ""type"": ""Invocation"",
  ""arguments"": {
    ""element"": {
      ""type"": ""ArgumentRef"",
      ""value"": ""_MAPPING_VAR_0_0""
    }
  },
  ""functionName"": ""Feature.id""
})",-9999.0,"{""type"":""Point"",""coordinates"":[80.21863995366013,33.29839593417619]}",0.0,0.0,0.0,0.0,0,0,85.48207729402765,0,0,0
,,,,,,,,2304,24.845630640959104,348.20664606886805,-0.0104265402843601,0.020178320037541,,7.0,87.11246681213379,165.02828979492188,248.0645351409912,407.5164957046509,0,187.0,"NL_ee.String({
  ""type"": ""Invocation"",
  ""arguments"": {
    ""element"": {
      ""type"": ""ArgumentRef"",
      ""value"": ""_MAPPING_VAR_0_0""
    }
  },
  ""functionName"": ""Feature.id""
})",-9999.0,"{""type"":""Point"",""coordinates"":[77.26517141559066,31.21051385422141]}",0.5278638403172397,0.665263535963033,0.6087226842487793,0.8944279255783316,0,1,57.24433299676978,0,1,1
,,,,,,,,246,2.837031678218512,130.7917479361409,0.2314507198228128,-0.2508436445444319,,4.0,0.0,0.0,18.58696174621582,134.6086869239807,0,188.0,"NL_ee.String({
  ""type"": ""Invocation"",
  ""arguments"": {
    ""element"": {
      ""type"": ""ArgumentRef"",
      ""value"": ""_MAPPING_VAR_0_0""
    }
  },
  ""functionName"": ""Feature.id""
})",-9999.0,"{""type"":""Point"",""coordinates"":[76.06621609842995,30.353342863277263]}",0.0,0.0,0.13808144311453446,0.0,0,0,0.697909792841754,0,0,0
,,,,,,,,259,3.335429520085841,73.87354605623769,0.5004694835680751,-0.3950240069838499,,4.0,75.79156398773193,177.04997158050537,267.4551839828491,527.8870010375977,0,189.0,"NL_ee.String({
  ""type"": ""Invocation"",
  ""arguments"": {
    ""element"": {
      ""type"": ""ArgumentRef"",
      ""value"": ""_MAPPING_VAR_0_0""
    }
  },
  ""functionName"": ""Feature.id""
})",-9999.0,"{""type"":""Point"",""coordinates"":[78.15370084217493,29.84150415204884]}",0.4280800686447396,0.6619799584511284,0.5066523393399494,1.3360115857902566,0,1,0.8638762457022329,0,0,0
,,,,,,,,216,2.9746341722944263,20.842916074070803,0.7797140303842717,-0.6916542790401359,,7.0,12.102903366088867,26.912787437438965,67.27599620819092,230.6224250793457,0,190.0,"NL_ee.String({
  ""type"": ""Invocation"",
  ""arguments"": {
    ""element"": {
      ""type"": ""ArgumentRef"",
      ""value"": ""_MAPPING_VAR_0_0""
    }
  },
  ""functionName"": ""Feature.id""
})",-9999.0,"{""type"":""Point"",""coordinates"":[77.45780983778683,28.892140217028587]}",0.4497082806536886,0.4000355097552953,0.2917148936624207,1.2236637460764928,0,0,0.6425209812155961,0,1,0
,,,,,,,,217,1.4069937029150132,311.2288302453172,0.3455076698319941,-0.2854152128401954,,7.0,1.9265869855880733,7.018536925315857,31.86629617214203,162.59758937358856,0,191.0,"NL_ee.String({
  ""type"": ""Invocation"",
  ""arguments"": {
    ""element"": {
      ""type"": ""ArgumentRef"",
      ""value"": ""_MAPPING_VAR_0_0""
    }
  },
  ""functionName"": ""Feature.id""
})",-9999.0,"{""type"":""Point"",""coordinates"":[76.67954695973035,28.79792365796196]}",0.27449980046964995,0.22024953535238784,0.19598258679546088,2.6429898975848793,0,0,0.30531763353255786,0,0,0
,,,,,,,,1736,26.49272436026343,340.3665071730913,0.8257925515543244,-0.7447058823529412,,7.0,60.72817611694336,89.32615566253662,159.56938457489014,303.5310802459717,0,192.0,"NL_ee.String({
  ""type"": ""Invocation"",
  ""arguments"": {
    ""element"": {
      ""type"": ""ArgumentRef"",
      ""value"": ""_MAPPING_VAR_0_0""
    }
  },
  ""functionName"": ""Feature.id""
})",-9999.0,"{""type"":""Point"",""coordinates"":[79.78819764387185,29.548596030579546]}",0.6798476399943488,0.5597950753555329,0.5257101989212449,0.47091780741978073,0,0,45.991369489417316,1,1,0
,,,,,,,,4599,5.6985842575562495,35.7959142692159,0.0772081531809759,-0.1815718157181571,,9.0,0.0,10.595932006835938,10.595932006835938,29.84541606903076,0,193.0,"NL_ee.String({
  ""type"": ""Invocation"",
  ""arguments"": {
    ""element"": {
      ""type"": ""ArgumentRef"",
      ""value"": ""_MAPPING_VAR_0_0""
    }
  },
  ""functionName"": ""Feature.id""
})",-9999.0,"{""type"":""Point"",""coordinates"":[80.73485627640159,33.690672857184886]}",0.0,1.0,0.3550271164700182,0.0,0,0,26.20778900050119,0,1,0
,,,,,,,,5212,1.1297341510635226,90.0,0.0329308452250274,-0.1103244837758112,,9.0,0.0,0.0,0.0,0.0,0,194.0,"NL_ee.String({
  ""type"": ""Invocation"",
  ""arguments"": {
    ""element"": {
      ""type"": ""ArgumentRef"",
      ""value"": ""_MAPPING_VAR_0_0""
    }
  },
  ""functionName"": ""Feature.id""
})",-9999.0,"{""type"":""Point"",""coordinates"":[79.27784013911436,34.827618156541796]}",0.0,0.0,0.0,0.0,0,0,5.888174395343079,0,0,0
,,,,,,,,196,1.4275242276291618,130.51035636644517,0.3940546967895362,-0.4273192111029948,,7.0,0.0,6.719906806945801,6.719906806945801,204.09351634979248,0,195.0,"NL_ee.String({
  ""type"": ""Invocation"",
  ""arguments"": {
    ""element"": {
      ""type"": ""ArgumentRef"",
      ""value"": ""_MAPPING_VAR_0_0""
    }
  },
  ""functionName"": ""Feature.id""
})",-9999.0,"{""type"":""Point"",""coordinates"":[73.91197808281163,31.307096440322724]}",0.0,1.0,0.032925626091074175,0.0,0,0,0.2797947486153157,0,0,0
,,,,,,,,207,3.49144099984637,142.74549569143986,0.1237322515212981,-0.208287895310796,,6.0,0.0,0.0,6.902523279190064,139.6810691356659,0,196.0,"NL_ee.String({
  ""type"": ""Invocation"",
  ""arguments"": {
    ""element"": {
      ""type"": ""ArgumentRef"",
      ""value"": ""_MAPPING_VAR_0_0""
    }
  },
  ""functionName"": ""Feature.id""
})",-9999.0,"{""type"":""Point"",""coordinates"":[73.60231271974921,28.768707586084126]}",0.0,0.0,0.049416311901836575,0.0,0,0,0.7227282869681987,0,0,0
,,,,,,,,5256,26.589725648941272,154.89611291209528,0.0472727272727272,-0.1771117166212534,,,0.0,0.0,0.0,21.314926147460938,0,197.0,"NL_ee.String({
  ""type"": ""Invocation"",
  ""arguments"": {
    ""element"": {
      ""type"": ""ArgumentRef"",
      ""value"": ""_MAPPING_VAR_0_0""
    }
  },
  ""functionName"": ""Feature.id""
})",-9999.0,"{""type"":""Point"",""coordinates"":[79.73202390009897,33.01668892289896]}",0.0,0.0,0.0,0.0,0,0,139.7555980108353,0,0,1
,,,,,,,,717,4.301126032932926,149.42178597275716,-0.0097604259094942,0.0774317993937723,,4.0,188.58048248291016,431.5138282775879,598.5501441955566,1015.8137340545654,0,198.0,"NL_ee.String({
  ""type"": ""Invocation"",
  ""arguments"": {
    ""element"": {
      ""type"": ""ArgumentRef"",
      ""value"": ""_MAPPING_VAR_0_0""
    }
  },
  ""functionName"": ""Feature.id""
})",-9999.0,"{""type"":""Point"",""coordinates"":[76.17563044720379,32.20043362861728]}",0.4370207166607845,0.7209317923689362,0.5892321831547563,1.288221042793722,1,1,3.0839073656129075,0,0,0
,,,,,,,,1703,0.9274099368611016,-0.0,0.862124898621249,-0.7011607804396147,,7.0,12.909733772277832,25.62671566009521,25.62671566009521,138.44456386566162,0,199.0,"NL_ee.String({
  ""type"": ""Invocation"",
  ""arguments"": {
    ""element"": {
      ""type"": ""ArgumentRef"",
      ""value"": ""_MAPPING_VAR_0_0""
    }
  },
  ""functionName"": ""Feature.id""
})",-9999.0,"{""type"":""Point"",""coordinates"":[74.76422195555784,33.93913733380144]}",0.503760760587058,1.0,0.18510452808361513,0.985069259532341,0,0,1.5793791224744562,0,1,0
,,,,,,,,5354,16.911985381003795,234.1516405586588,0.0515653775322283,-0.0115146147032772,,9.0,24.581408500671387,24.581408500671387,24.581408500671387,24.581408500671387,0,200.0,"NL_ee.String({
  ""type"": ""Invocation"",
  ""arguments"": {
    ""element"": {
      ""type"": ""ArgumentRef"",
      ""value"": ""_MAPPING_VAR_0_0""
    }
  },
  ""functionName"": ""Feature.id""
})",-9999.0,"{""type"":""Point"",""coordinates"":[80.3398517519009,31.364485840615437]}",1.0,1.0,1.0,0.0,0,0,90.54676972989432,0,0,0
,,,,,,,,4921,10.965949161882635,260.3814584639341,0.2297476759628154,-0.3144073811213627,,9.0,19.869001388549805,30.464893341064453,44.938791275024414,69.26889419555664,0,201.0,"NL_ee.String({
  ""type"": ""Invocation"",
  ""arguments"": {
    ""element"": {
      ""type"": ""ArgumentRef"",
      ""value"": ""_MAPPING_VAR_0_0""
    }
  },
  ""functionName"": ""Feature.id""
})",-9999.0,"{""type"":""Point"",""coordinates"":[79.71608391023568,32.075188368834155]}",0.6521933678253795,0.6779197320777939,0.6487586065421422,0.5332875943438655,0,0,53.96343582562445,0,0,0
,,,,,,,,4336,40.2784387745409,252.20329709756413,0.2767162066525124,-0.2973750449478605,,7.0,1.3099535703659058,1.3099535703659058,2.8977771997451782,45.213985085487366,0,202.0,"NL_ee.String({
  ""type"": ""Invocation"",
  ""arguments"": {
    ""element"": {
      ""type"": ""ArgumentRef"",
      ""value"": ""_MAPPING_VAR_0_0""
    }
  },
  ""functionName"": ""Feature.id""
})",-9999.0,"{""type"":""Point"",""coordinates"":[75.32940160544084,34.65752196284569]}",1.0,0.4520546198241532,0.06409028521299923,0.0,0,0,174.64731052640937,0,0,1
,,,,,,,,3762,50.69192958971893,66.5717500416808,0.0590979782270606,-0.1561969439728353,,9.0,0.0,0.0,0.0,13.509501457214355,0,203.0,"NL_ee.String({
  ""type"": ""Invocation"",
  ""arguments"": {
    ""element"": {
      ""type"": ""ArgumentRef"",
      ""value"": ""_MAPPING_VAR_0_0""
    }
  },
  ""functionName"": ""Feature.id""
})",-9999.0,"{""type"":""Point"",""coordinates"":[79.43653429000993,31.547887854889247]}",0.0,0.0,0.0,0.0,0,0,190.7030391165226,0,0,1
,,,,,,,,499,26.615889741831445,256.9308436829082,0.710691823899371,-0.5885788449059053,,7.0,99.63703918457033,200.16976356506348,318.9994983673096,586.515302658081,0,204.0,"NL_ee.String({
  ""type"": ""Invocation"",
  ""arguments"": {
    ""element"": {
      ""type"": ""ArgumentRef"",
      ""value"": ""_MAPPING_VAR_0_0""
    }
  },
  ""functionName"": ""Feature.id""
})",-9999.0,"{""type"":""Point"",""coordinates"":[77.46300193596952,30.431548399866006]}",0.49776268608212726,0.627492408576077,0.5438894721443879,1.0089894802500468,0,1,13.28132898117389,1,0,0
,,,,,,,,1078,28.882577548459373,3.856001718457963,0.6333830104321908,-0.5494816211121584,,7.0,87.89776992797852,157.43428993225098,246.23622512817383,465.9765548706055,0,205.0,"NL_ee.String({
  ""type"": ""Invocation"",
  ""arguments"": {
    ""element"": {
      ""type"": ""ArgumentRef"",
      ""value"": ""_MAPPING_VAR_0_0""
    }
  },
  ""functionName"": ""Feature.id""
})",-9999.0,"{""type"":""Point"",""coordinates"":[79.86655939567996,29.222489939492537]}",0.5583140112983248,0.6393628307544976,0.5284305026817279,0.7911067602881068,0,1,31.135418597239205,1,1,0
,,,,,,,,212,2.8114599705017462,131.24372445476715,0.1468720443183353,-0.2251732101616628,,9.0,0.0,1.992930293083191,9.682214617729189,148.02244198322296,0,206.0,"NL_ee.String({
  ""type"": ""Invocation"",
  ""arguments"": {
    ""element"": {
      ""type"": ""ArgumentRef"",
      ""value"": ""_MAPPING_VAR_0_0""
    }
  },
  ""functionName"": ""Feature.id""
})",-9999.0,"{""type"":""Point"",""coordinates"":[74.3556598770269,28.74326245554136]}",0.0,0.205834137309239,0.06541045052362116,0.0,0,0,0.5960295137463701,0,0,0
,,,,,,,,1970,3.868981121919738,16.775796814551242,0.5606557377049181,-0.5583333333333333,,7.0,11.357213020324709,15.24110198020935,33.08471989631653,139.81676030158997,0,207.0,"NL_ee.String({
  ""type"": ""Invocation"",
  ""arguments"": {
    ""element"": {
      ""type"": ""ArgumentRef"",
      ""value"": ""_MAPPING_VAR_0_0""
    }
  },
  ""functionName"": ""Feature.id""
})",-9999.0,"{""type"":""Point"",""coordinates"":[74.61317804110621,33.972405771696494]}",0.7451700693999757,0.46066891386637404,0.23662914106257044,0.3419755315792782,0,0,7.621892810181884,0,1,0
,,,,,,,,5426,36.24525628301818,273.7982544158218,0.0850914205344585,-0.1658481299584435,,9.0,0.0,0.0,0.0,7.784479141235352,0,208.0,"NL_ee.String({
  ""type"": ""Invocation"",
  ""arguments"": {
    ""element"": {
      ""type"": ""ArgumentRef"",
      ""value"": ""_MAPPING_VAR_0_0""
    }
  },
  ""functionName"": ""Feature.id""
})",-9999.0,"{""type"":""Point"",""coordinates"":[77.89935092905749,32.76132077810117]}",0.0,0.0,0.0,0.0,0,0,196.66676059165664,0,0,1
,,,,,,,,5245,3.000029703530701,337.91605273086367,0.0274118903524385,-0.0571428571428571,,6.0,0.0,0.0,0.0,0.0,0,209.0,"NL_ee.String({
  ""type"": ""Invocation"",
  ""arguments"": {
    ""element"": {
      ""type"": ""ArgumentRef"",
      ""value"": ""_MAPPING_VAR_0_0""
    }
  },
  ""functionName"": ""Feature.id""
})",-9999.0,"{""type"":""Point"",""coordinates"":[80.49666617671299,34.75851107918185]}",0.0,0.0,0.0,0.0,0,0,15.735155795018525,0,1,0
,,,,,,,,2609,44.49613000601453,83.37762067248873,0.8492403583950137,-0.6996061582527748,,7.0,22.19698143005371,22.19698143005371,60.75269079208374,222.17526769638064,0,210.0,"NL_ee.String({
  ""type"": ""Invocation"",
  ""arguments"": {
    ""element"": {
      ""type"": ""ArgumentRef"",
      ""value"": ""_MAPPING_VAR_0_0""
    }
  },
  ""functionName"": ""Feature.id""
})",-9999.0,"{""type"":""Point"",""coordinates"":[74.24574324320304,33.97464948638577]}",1.0,0.3653662272510577,0.27344488620176616,0.0,0,0,116.09040318569191,0,0,0
,,,,,,,,4180,30.266057446454315,271.58957515945383,-0.0233795856301083,0.0340289528106787,,9.0,73.69190216064453,73.69190216064453,73.69190216064453,231.0851058959961,0,211.0,"NL_ee.String({
  ""type"": ""Invocation"",
  ""arguments"": {
    ""element"": {
      ""type"": ""ArgumentRef"",
      ""value"": ""_MAPPING_VAR_0_0""
    }
  },
  ""functionName"": ""Feature.id""
})",-9999.0,"{""type"":""Point"",""coordinates"":[76.09805346197993,33.64204843677129]}",1.0,1.0,0.31889507493317576,0.0,0,0,126.51212012617904,0,0,1
,,,,,,,,2873,54.54622702371664,137.53785588391918,-0.0092983939137785,0.0361842105263157,,7.0,25.817898750305176,69.23565578460693,80.62822151184082,160.87119102478027,0,212.0,"NL_ee.String({
  ""type"": ""Invocation"",
  ""arguments"": {
    ""element"": {
      ""type"": ""ArgumentRef"",
      ""value"": ""_MAPPING_VAR_0_0""
    }
  },
  ""functionName"": ""Feature.id""
})",-9999.0,"{""type"":""Point"",""coordinates"":[75.96025294119805,33.21275360385637]}",0.37289888364205015,0.8587025049838063,0.5011973927601556,1.6816921258469397,0,0,156.7113102391379,0,0,1
,,,,,,,,213,2.833835984137611,130.84761797428084,0.676923076923077,-0.595608417200366,,7.0,4.450325965881348,4.450325965881348,17.518362045288086,176.62526035308838,0,213.0,"NL_ee.String({
  ""type"": ""Invocation"",
  ""arguments"": {
    ""element"": {
      ""type"": ""ArgumentRef"",
      ""value"": ""_MAPPING_VAR_0_0""
    }
  },
  ""functionName"": ""Feature.id""
})",-9999.0,"{""type"":""Point"",""coordinates"":[75.1643519715558,30.15955934178411]}",1.0,0.2540377892851205,0.09918378611455374,0.0,0,0,0.6036070646213111,0,0,0
,,,,,,,,5465,21.065587086993173,37.01215535443807,0.0612638687891944,-0.1381272633212623,,9.0,0.0,0.0,0.0,29.94484806060791,0,214.0,"NL_ee.String({
  ""type"": ""Invocation"",
  ""arguments"": {
    ""element"": {
      ""type"": ""ArgumentRef"",
      ""value"": ""_MAPPING_VAR_0_0""
    }
  },
  ""functionName"": ""Feature.id""
})",-9999.0,"{""type"":""Point"",""coordinates"":[79.59517395628464,33.095186166298205]}",0.0,0.0,0.0,0.0,0,0,115.12343343041769,0,1,1
,,,,,,,,4014,36.63773069395518,118.61173022791613,0.430005577244841,-0.4911311427740622,,7.0,18.318233489990234,18.318233489990234,45.74822044372559,107.98020839691162,0,215.0,"NL_ee.String({
  ""type"": ""Invocation"",
  ""arguments"": {
    ""element"": {
      ""type"": ""ArgumentRef"",
      ""value"": ""_MAPPING_VAR_0_0""
    }
  },
  ""functionName"": ""Feature.id""
})",-9999.0,"{""type"":""Point"",""coordinates"":[74.23600241579356,35.092612765189635]}",1.0,0.40041412129950066,0.4236722740482695,0.0,0,0,147.06385100553607,0,0,0
,,,,,,,,285,7.615037866065253,316.5917461286967,0.2618369987063389,-0.2951799229849953,,9.0,0.0,3.246511220932007,4.252055525779724,153.79915463924408,0,216.0,"NL_ee.String({
  ""type"": ""Invocation"",
  ""arguments"": {
    ""element"": {
      ""type"": ""ArgumentRef"",
      ""value"": ""_MAPPING_VAR_0_0""
    }
  },
  ""functionName"": ""Feature.id""
})",-9999.0,"{""type"":""Point"",""coordinates"":[74.34919623945252,28.240286002954416]}",0.0,0.7635157163985236,0.0276468068745467,0.0,0,0,2.170285791828597,0,1,0
,,,,,,,,5329,34.06115657316061,163.28903922266025,0.0684491978609625,-0.1910581222056631,,9.0,0.0,2.8415346145629883,2.8415346145629883,9.747042655944824,0,217.0,"NL_ee.String({
  ""type"": ""Invocation"",
  ""arguments"": {
    ""element"": {
      ""type"": ""ArgumentRef"",
      ""value"": ""_MAPPING_VAR_0_0""
    }
  },
  ""functionName"": ""Feature.id""
})",-9999.0,"{""type"":""Point"",""coordinates"":[80.22730023541212,33.62125377525888]}",0.0,1.0,0.29152787310619865,0.0,0,0,181.5119033783729,0,0,1
,,,,,,,,5285,2.4342211250892727,292.3827725853721,0.0463320463320463,-0.1152263374485596,,9.0,0.0,3.8648194074630737,3.8648194074630737,8.21154248714447,0,218.0,"NL_ee.String({
  ""type"": ""Invocation"",
  ""arguments"": {
    ""element"": {
      ""type"": ""ArgumentRef"",
      ""value"": ""_MAPPING_VAR_0_0""
    }
  },
  ""functionName"": ""Feature.id""
})",-9999.0,"{""type"":""Point"",""coordinates"":[80.91461739598101,34.549415978700395]}",0.0,1.0,0.47065693364110556,0.0,0,0,12.864858646096806,0,0,0
,,,,,,,,220,2.8571367988011693,229.55582954656,0.2533109102375446,-0.279673749731702,,7.0,11.234795570373535,18.44769859313965,26.639028549194336,279.7162952423096,0,219.0,"NL_ee.String({
  ""type"": ""Invocation"",
  ""arguments"": {
    ""element"": {
      ""type"": ""ArgumentRef"",
      ""value"": ""_MAPPING_VAR_0_0""
    }
  },
  ""functionName"": ""Feature.id""
})",-9999.0,"{""type"":""Point"",""coordinates"":[74.38035309027408,31.52658857577218]}",0.6090079753661817,0.6925064312714052,0.09523588365174708,0.6420146212350082,0,0,0.6285700957362572,0,0,0
,,,,,,,,4592,36.24438969166179,50.18027492488011,0.0931880108991825,-0.1608796296296296,,9.0,0.0,0.0,0.0,0.0,0,220.0,"NL_ee.String({
  ""type"": ""Invocation"",
  ""arguments"": {
    ""element"": {
      ""type"": ""ArgumentRef"",
      ""value"": ""_MAPPING_VAR_0_0""
    }
  },
  ""functionName"": ""Feature.id""
})",-9999.0,"{""type"":""Point"",""coordinates"":[78.19068157499036,33.51368389727863]}",0.0,0.0,0.0,0.0,0,0,166.4342374641109,0,0,1
,,,,,,,,4852,37.646805914010784,25.53197906604533,-0.0193482688391038,0.0350701402805611,,9.0,0.0097667193040251,0.0097667193040251,0.0097667193040251,0.0097667193040251,0,221.0,"NL_ee.String({
  ""type"": ""Invocation"",
  ""arguments"": {
    ""element"": {
      ""type"": ""ArgumentRef"",
      ""value"": ""_MAPPING_VAR_0_0""
    }
  },
  ""functionName"": ""Feature.id""
})",-9999.0,"{""type"":""Point"",""coordinates"":[76.65282691475956,34.139392343817825]}",1.0,1.0,1.0,0.0,0,0,182.66230229478032,0,1,1
,,,,,,,,198,7.186684010005459,153.98188251527583,0.7775182481751824,-0.692992213570634,,7.0,46.73705005645752,89.25328731536865,209.17652416229248,351.8685646057129,0,222.0,"NL_ee.String({
  ""type"": ""Invocation"",
  ""arguments"": {
    ""element"": {
      ""type"": ""ArgumentRef"",
      ""value"": ""_MAPPING_VAR_0_0""
    }
  },
  ""functionName"": ""Feature.id""
})",-9999.0,"{""type"":""Point"",""coordinates"":[79.95472753137072,28.598157666486575]}",0.5236451391567938,0.4266888345755294,0.5944734631145175,0.9096902180936169,0,0,1.4229634339810808,0,0,0
,,,,,,,,4201,17.531819903445015,90.0,0.1796469366562824,-0.1615541922290388,,9.0,0.0,0.0,0.0,0.0,0,223.0,"NL_ee.String({
  ""type"": ""Invocation"",
  ""arguments"": {
    ""element"": {
      ""type"": ""ArgumentRef"",
      ""value"": ""_MAPPING_VAR_0_0""
    }
  },
  ""functionName"": ""Feature.id""
})",-9999.0,"{""type"":""Point"",""coordinates"":[76.453482403413,34.92837186627902]}",0.0,0.0,0.0,0.0,0,0,73.65117541437252,0,0,0
,,,,,,,,4949,22.582583821803315,166.66771913251884,0.0363524337646333,-0.1228304405874499,,9.0,1.3240951299667358,1.3240951299667358,1.3240951299667358,9.499987959861755,0,224.0,"NL_ee.String({
  ""type"": ""Invocation"",
  ""arguments"": {
    ""element"": {
      ""type"": ""ArgumentRef"",
      ""value"": ""_MAPPING_VAR_0_0""
    }
  },
  ""functionName"": ""Feature.id""
})",-9999.0,"{""type"":""Point"",""coordinates"":[78.42306308762917,32.44193284346271]}",1.0,1.0,0.13937861137941948,0.0,0,0,111.76120733410461,0,0,1
,,,,,,,,4645,1.8543341688295631,180.0,0.0523289246693502,-0.1117861482381531,,9.0,16.54815673828125,26.55217361450196,32.552515506744385,72.68886804580688,0,225.0,"NL_ee.String({
  ""type"": ""Invocation"",
  ""arguments"": {
    ""element"": {
      ""type"": ""ArgumentRef"",
      ""value"": ""_MAPPING_VAR_0_0""
    }
  },
  ""functionName"": ""Feature.id""
})",-9999.0,"{""type"":""Point"",""coordinates"":[81.05824948487174,32.193797040553875]}",0.6232317164890474,0.8156719442772634,0.44783357317148653,0.6045396496081148,0,0,8.61338221421332,0,0,0
,,,,,,,,3271,54.79897651286549,325.3071158246476,-0.0069065794256633,0.0376893272278971,,7.0,141.03973388671875,307.49295806884766,405.0099983215332,489.5129051208496,0,226.0,"NL_ee.String({
  ""type"": ""Invocation"",
  ""arguments"": {
    ""element"": {
      ""type"": ""ArgumentRef"",
      ""value"": ""_MAPPING_VAR_0_0""
    }
  },
  ""functionName"": ""Feature.id""
})",-9999.0,"{""type"":""Point"",""coordinates"":[76.32163504612366,32.57764778849708]}",0.4586763052152237,0.7592231286713377,0.8273734851209805,1.1801867430905815,1,1,179.247452173583,0,1,1
,,,,,,,,206,3.537214510002145,321.7788548633217,0.216243654822335,-0.1284144427001569,,7.0,0.0,0.0,65.67571258544922,153.2515106201172,0,227.0,"NL_ee.String({
  ""type"": ""Invocation"",
  ""arguments"": {
    ""element"": {
      ""type"": ""ArgumentRef"",
      ""value"": ""_MAPPING_VAR_0_0""
    }
  },
  ""functionName"": ""Feature.id""
})",-9999.0,"{""type"":""Point"",""coordinates"":[73.67147046274046,32.16293028887551]}",0.0,0.0,0.42854854950335497,0.0,0,0,0.7286661890604419,0,1,0
,,,,,,,,1248,17.365123736879095,214.08058529240515,0.4660544440800262,-0.4890073284477015,,7.0,35.19620895385742,35.19620895385742,106.74417877197266,422.64385414123535,0,228.0,"NL_ee.String({
  ""type"": ""Invocation"",
  ""arguments"": {
    ""element"": {
      ""type"": ""ArgumentRef"",
      ""value"": ""_MAPPING_VAR_0_0""
    }
  },
  ""functionName"": ""Feature.id""
})",-9999.0,"{""type"":""Point"",""coordinates"":[73.93943019526372,33.75545746953891]}",1.0,0.32972485580730077,0.2525629504038685,0.0,0,1,21.67167442362511,0,0,0
,,,,,,,,223,2.780288515528756,-0.0,0.7499159663865547,-0.6669868715978227,,7.0,64.16813278198242,113.4004364013672,217.829496383667,335.9551525115967,0,229.0,"NL_ee.String({
  ""type"": ""Invocation"",
  ""arguments"": {
    ""element"": {
      ""type"": ""ArgumentRef"",
      ""value"": ""_MAPPING_VAR_0_0""
    }
  },
  ""functionName"": ""Feature.id""
})",-9999.0,"{""type"":""Point"",""coordinates"":[80.10205728780677,29.011386675026092]}",0.5658543725075893,0.5205926574867207,0.6483886160256103,0.7672391494802631,0,0,0.6200043389629126,0,1,0
,,,,,,,,4986,5.661409416679634,191.5472233134772,0.0385756676557863,-0.1513157894736842,,9.0,0.0,0.0,0.0,0.0,0,230.0,"NL_ee.String({
  ""type"": ""Invocation"",
  ""arguments"": {
    ""element"": {
      ""type"": ""ArgumentRef"",
      ""value"": ""_MAPPING_VAR_0_0""
    }
  },
  ""functionName"": ""Feature.id""
})",-9999.0,"{""type"":""Point"",""coordinates"":[79.67192184306889,35.33827186840668]}",0.0,0.0,0.0,0.0,0,0,28.227787351564654,0,0,0
,,,,,,,,4752,43.475165990424266,126.69540113563716,0.1343789741415854,-0.1257888094236432,,9.0,39.62974166870117,39.62974166870117,63.02183532714844,106.71496200561523,0,231.0,"NL_ee.String({
  ""type"": ""Invocation"",
  ""arguments"": {
    ""element"": {
      ""type"": ""ArgumentRef"",
      ""value"": ""_MAPPING_VAR_0_0""
    }
  },
  ""functionName"": ""Feature.id""
})",-9999.0,"{""type"":""Point"",""coordinates"":[78.12179860793803,31.601209552571973]}",1.0,0.6288255723271445,0.5905623179984105,0.0,0,0,206.5939887864961,0,0,1
,,,,,,,,457,7.781483735386809,224.7040433362048,0.655448717948718,-0.504734158776402,,7.0,43.82358551025391,124.97190856933594,237.5567970275879,561.1813774108887,0,232.0,"NL_ee.String({
  ""type"": ""Invocation"",
  ""arguments"": {
    ""element"": {
      ""type"": ""ArgumentRef"",
      ""value"": ""_MAPPING_VAR_0_0""
    }
  },
  ""functionName"": ""Feature.id""
})",-9999.0,"{""type"":""Point"",""coordinates"":[75.09040144876569,32.64951356052903]}",0.35066749009390424,0.5260717021488664,0.42331553859395504,1.8517043303107825,0,1,3.556138067071772,0,0,0
,,,,,,,,5771,25.225517052711485,206.69802377746203,0.1240530303030303,-0.2475039411455596,,9.0,0.0,0.0,6.634234428405762,20.952816009521484,0,233.0,"NL_ee.String({
  ""type"": ""Invocation"",
  ""arguments"": {
    ""element"": {
      ""type"": ""ArgumentRef"",
      ""value"": ""_MAPPING_VAR_0_0""
    }
  },
  ""functionName"": ""Feature.id""
})",-9999.0,"{""type"":""Point"",""coordinates"":[80.36562835017334,32.7257778133865]}",0.0,0.0,0.31662734142231763,0.0,0,0,145.576458911198,0,0,1
,,,,,,,,2403,35.07040777503123,202.73132889226625,0.4666050381326554,-0.3864977059209089,,7.0,31.16099548339844,68.59280776977539,100.56096363067628,240.13161945343012,0,234.0,"NL_ee.String({
  ""type"": ""Invocation"",
  ""arguments"": {
    ""element"": {
      ""type"": ""ArgumentRef"",
      ""value"": ""_MAPPING_VAR_0_0""
    }
  },
  ""functionName"": ""Feature.id""
})",-9999.0,"{""type"":""Point"",""coordinates"":[75.29407884161711,33.34040137457812]}",0.45428954574927266,0.6821017350399677,0.41877435324663087,1.201239296296532,0,0,84.27418988340004,0,0,0
,,,,,,,,5167,26.44145295499807,254.905775101124,-0.0125911199469847,-0.0773680404916847,,9.0,0.0,0.0,1.2556360960006714,1.2556360960006714,0,235.0,"NL_ee.String({
  ""type"": ""Invocation"",
  ""arguments"": {
    ""element"": {
      ""type"": ""ArgumentRef"",
      ""value"": ""_MAPPING_VAR_0_0""
    }
  },
  ""functionName"": ""Feature.id""
})",-9999.0,"{""type"":""Point"",""coordinates"":[78.19233512647898,32.557368816598064]}",0.0,0.0,1.0,0.0,0,0,136.62298741847505,0,0,1
,,,,,,,,5496,28.254211891937462,6.272953378645023,0.0336134453781512,-0.1314060446780552,,9.0,0.0,0.0,0.0,3.829677104949951,0,236.0,"NL_ee.String({
  ""type"": ""Invocation"",
  ""arguments"": {
    ""element"": {
      ""type"": ""ArgumentRef"",
      ""value"": ""_MAPPING_VAR_0_0""
    }
  },
  ""functionName"": ""Feature.id""
})",-9999.0,"{""type"":""Point"",""coordinates"":[78.7989384172028,34.20588872754833]}",0.0,0.0,0.0,0.0,0,0,155.28514855808828,0,1,1
,,,,,,,,1162,48.98961465241615,124.26897631666674,0.7097404409712531,-0.6074521123064812,,4.0,59.35589790344238,137.98223114013672,273.77778816223145,452.26626205444336,0,237.0,"NL_ee.String({
  ""type"": ""Invocation"",
  ""arguments"": {
    ""element"": {
      ""type"": ""ArgumentRef"",
      ""value"": ""_MAPPING_VAR_0_0""
    }
  },
  ""functionName"": ""Feature.id""
})",-9999.0,"{""type"":""Point"",""coordinates"":[79.0711909300607,29.68815352513124]}",0.43017059090137255,0.5039935199504685,0.6053464764729108,1.3246591495355737,0,1,56.92593222610756,1,0,0
,,,,,,,,171,3.501607966380661,142.52676330300156,0.015255128879537,-0.1091954022988505,,6.0,0.0,0.6677900552749634,0.6677900552749634,98.70021116733552,0,238.0,"NL_ee.String({
  ""type"": ""Invocation"",
  ""arguments"": {
    ""element"": {
      ""type"": ""ArgumentRef"",
      ""value"": ""_MAPPING_VAR_0_0""
    }
  },
  ""functionName"": ""Feature.id""
})",-9999.0,"{""type"":""Point"",""coordinates"":[73.76814078441065,29.58096929418596]}",0.0,1.0,0.00676584221428663,0.0,0,0,0.5987749622510931,0,0,0
,,,,,,,,4904,28.68677709360561,341.20560532777426,0.3171912832929782,-0.367816091954023,,9.0,5.168094635009766,5.168094635009766,5.168094635009766,5.168094635009766,0,239.0,"NL_ee.String({
  ""type"": ""Invocation"",
  ""arguments"": {
    ""element"": {
      ""type"": ""ArgumentRef"",
      ""value"": ""_MAPPING_VAR_0_0""
    }
  },
  ""functionName"": ""Feature.id""
})",-9999.0,"{""type"":""Point"",""coordinates"":[77.79506862523488,34.26626939078727]}",1.0,1.0,1.0,0.0,0,0,140.67995486704191,0,1,0
,,,,,,,,1211,2.8680969251417605,49.74251303480196,0.4333800841514726,-0.3817034700315457,,7.0,164.10153198242188,457.8451385498047,592.082218170166,953.8519554138184,0,240.0,"NL_ee.String({
  ""type"": ""Invocation"",
  ""arguments"": {
    ""element"": {
      ""type"": ""ArgumentRef"",
      ""value"": ""_MAPPING_VAR_0_0""
    }
  },
  ""functionName"": ""Feature.id""
})",-9999.0,"{""type"":""Point"",""coordinates"":[76.43789359047251,32.136044948414465]}",0.35842147959068216,0.773279663700724,0.6207275823146974,1.7900113607644312,1,1,3.473265376346672,0,0,0
,,,,,,,,2260,32.12883837719807,79.60479608451168,0.2090805902383655,-0.1485874487815398,,7.0,47.14598083496094,107.25094985961914,188.96023559570312,409.3263292312622,0,241.0,"NL_ee.String({
  ""type"": ""Invocation"",
  ""arguments"": {
    ""element"": {
      ""type"": ""ArgumentRef"",
      ""value"": ""_MAPPING_VAR_0_0""
    }
  },
  ""functionName"": ""Feature.id""
})",-9999.0,"{""type"":""Point"",""coordinates"":[79.45639937766738,30.137261878536037]}",0.43958567170426327,0.5675847594151602,0.4616371391270653,1.274869415381588,0,1,72.61117473246765,0,0,1
,,,,,,,,4672,4.554653218627118,258.2754539992541,0.0430889759373251,-0.1358927483241925,,9.0,4.344064235687256,4.344064235687256,8.769622802734375,42.841641902923584,0,242.0,"NL_ee.String({
  ""type"": ""Invocation"",
  ""arguments"": {
    ""element"": {
      ""type"": ""ArgumentRef"",
      ""value"": ""_MAPPING_VAR_0_0""
    }
  },
  ""functionName"": ""Feature.id""
})",-9999.0,"{""type"":""Point"",""coordinates"":[81.02623370329904,33.88612562542083]}",1.0,0.49535360110731025,0.2046985692706591,0.0,0,0,21.279339837425898,0,0,0
,,,,,,,,2396,20.655165893121023,170.98579069962904,0.8885293060050342,-0.7559344700768974,,9.0,0.0,19.986621856689453,39.973243713378906,241.2441177368164,0,243.0,"NL_ee.String({
  ""type"": ""Invocation"",
  ""arguments"": {
    ""element"": {
      ""type"": ""ArgumentRef"",
      ""value"": ""_MAPPING_VAR_0_0""
    }
  },
  ""functionName"": ""Feature.id""
})",-9999.0,"{""type"":""Point"",""coordinates"":[73.55902894337729,34.693218521986154]}",0.0,0.5,0.16569624199910002,0.0,0,0,49.48977747991797,0,0,0
,,,,,,,,206,1.4062557576447394,311.2551940957419,0.7194712077078198,-0.6352013637332197,,7.0,52.30455732345581,69.19592618942261,159.77186918258667,382.9695477485657,0,244.0,"NL_ee.String({
  ""type"": ""Invocation"",
  ""arguments"": {
    ""element"": {
      ""type"": ""ArgumentRef"",
      ""value"": ""_MAPPING_VAR_0_0""
    }
  },
  ""functionName"": ""Feature.id""
})",-9999.0,"{""type"":""Point"",""coordinates"":[78.35771383803475,28.701100417236244]}",0.7558907034537412,0.4330920489535349,0.4171920982278285,0.32294258340643517,0,0,0.2896886860748163,0,0,0
,,,,,,,,4207,33.440870391707605,107.10619942538231,0.2218928164196123,-0.2568613652357495,,9.0,0.2636593282222748,0.2636593282222748,0.2636593282222748,0.2636593282222748,0,245.0,"NL_ee.String({
  ""type"": ""Invocation"",
  ""arguments"": {
    ""element"": {
      ""type"": ""ArgumentRef"",
      ""value"": ""_MAPPING_VAR_0_0""
    }
  },
  ""functionName"": ""Feature.id""
})",-9999.0,"{""type"":""Point"",""coordinates"":[75.47578801208587,34.846171742688924]}",1.0,1.0,1.0,0.0,0,0,140.6857417379139,0,0,1
,,,,,,,,4065,48.83551866704285,325.17590531130355,0.694516010305484,-0.6308891250442792,,7.0,61.42220211029053,84.45552730560303,92.90316486358644,103.15810108184814,0,246.0,"NL_ee.String({
  ""type"": ""Invocation"",
  ""arguments"": {
    ""element"": {
      ""type"": ""ArgumentRef"",
      ""value"": ""_MAPPING_VAR_0_0""
    }
  },
  ""functionName"": ""Feature.id""
})",-9999.0,"{""type"":""Point"",""coordinates"":[76.90985863198173,32.575049554283936]}",0.727272732405468,0.9090705083041312,0.9005901028545961,0.37499999029591213,0,0,198.51638338152918,0,1,0
,,,,,,,,5251,6.560477871619301,304.2655001192693,0.0591966173361522,-0.0809061488673139,,9.0,19.06947565078736,34.33156633377075,34.33156633377075,51.43283653259277,0,247.0,"NL_ee.String({
  ""type"": ""Invocation"",
  ""arguments"": {
    ""element"": {
      ""type"": ""ArgumentRef"",
      ""value"": ""_MAPPING_VAR_0_0""
    }
  },
  ""functionName"": ""Feature.id""
})",-9999.0,"{""type"":""Point"",""coordinates"":[80.88763745559763,31.61484962177938]}",0.5554502077008175,1.0,0.6675028765332626,0.8003413917861572,0,0,34.44906930387295,0,0,0
,,,,,,,,219,5.589312742167229,289.31896066617804,0.4802557352388116,-0.3666666666666666,,7.0,0.0,2.432767629623413,28.20560622215271,182.52506852149963,0,248.0,"NL_ee.String({
  ""type"": ""Invocation"",
  ""arguments"": {
    ""element"": {
      ""type"": ""ArgumentRef"",
      ""value"": ""_MAPPING_VAR_0_0""
    }
  },
  ""functionName"": ""Feature.id""
})",-9999.0,"{""type"":""Point"",""coordinates"":[76.48531116234801,28.786829335817615]}",0.0,0.08625120873001181,0.15453004045211668,0.0,0,0,1.2240594905346232,0,0,0
,,,,,,,,1568,20.79815349177059,168.5883960010319,0.8578680203045685,-0.701929783771216,,4.0,131.42406463623047,238.6713638305664,387.0366296768189,582.935733795166,0,249.0,"NL_ee.String({
  ""type"": ""Invocation"",
  ""arguments"": {
    ""element"": {
      ""type"": ""ArgumentRef"",
      ""value"": ""_MAPPING_VAR_0_0""
    }
  },
  ""functionName"": ""Feature.id""
})",-9999.0,"{""type"":""Point"",""coordinates"":[78.24752308923087,30.50197901279409]}",0.550648651463394,0.6166635029605865,0.6639439088028478,0.8160400417624157,1,1,32.611504675096285,0,0,0
,,,,,,,,247,1.4264021273216314,310.5488930816412,0.4681764935572042,-0.3782991202346041,,7.0,0.0,70.78516006469727,114.60924911499023,228.1467323303223,0,250.0,"NL_ee.String({
  ""type"": ""Invocation"",
  ""arguments"": {
    ""element"": {
      ""type"": ""ArgumentRef"",
      ""value"": ""_MAPPING_VAR_0_0""
    }
  },
  ""functionName"": ""Feature.id""
})",-9999.0,"{""type"":""Point"",""coordinates"":[75.90099339071631,31.17862677204059]}",0.0,0.6176217068979905,0.5023488521810306,0.0,0,0,0.35232132544844297,0,0,0
,,,,,,,,398,2.990989663910472,201.6523420289626,0.6157112526539278,-0.5800674798858033,,6.0,45.34552383422852,99.70240783691406,169.65735626220703,336.0267601013184,0,251.0,"NL_ee.String({
  ""type"": ""Invocation"",
  ""arguments"": {
    ""element"": {
      ""type"": ""ArgumentRef"",
      ""value"": ""_MAPPING_VAR_0_0""
    }
  },
  ""functionName"": ""Feature.id""
})",-9999.0,"{""type"":""Point"",""coordinates"":[74.29414769922377,32.89570089081679]}",0.45480871343048634,0.5876692295194266,0.5048923966979657,1.1987265645314897,0,0,1.1904138862363678,0,0,0
,,,,,,,,237,1.411770140048009,48.94089215045218,0.811214953271028,-0.7180851063829787,,7.0,0.0,4.471480846405029,53.26520729064941,240.1061291694641,0,252.0,"NL_ee.String({
  ""type"": ""Invocation"",
  ""arguments"": {
    ""element"": {
      ""type"": ""ArgumentRef"",
      ""value"": ""_MAPPING_VAR_0_0""
    }
  },
  ""functionName"": ""Feature.id""
})",-9999.0,"{""type"":""Point"",""coordinates"":[77.31252704762349,29.413384131948682]}",0.0,0.08394749732232785,0.22184026486493996,0.0,0,0,0.33458952319137814,0,0,0
,,,,,,,,5630,31.84024173403408,310.6685820574148,-0.0571696344892221,0.0670788253477588,,9.0,10.608808517456056,10.608808517456056,10.608808517456056,10.608808517456056,0,253.0,"NL_ee.String({
  ""type"": ""Invocation"",
  ""arguments"": {
    ""element"": {
      ""type"": ""ArgumentRef"",
      ""value"": ""_MAPPING_VAR_0_0""
    }
  },
  ""functionName"": ""Feature.id""
})",-9999.0,"{""type"":""Point"",""coordinates"":[77.08629525683023,34.430370148470345]}",1.0,1.0,1.0,0.0,0,0,179.26056096261186,0,0,1
,,,,,,,,5130,14.38384187635807,97.25249683995082,0.2640883977900553,-0.3014789533560865,,9.0,5.168094635009766,5.168094635009766,5.168094635009766,5.168094635009766,0,254.0,"NL_ee.String({
  ""type"": ""Invocation"",
  ""arguments"": {
    ""element"": {
      ""type"": ""ArgumentRef"",
      ""value"": ""_MAPPING_VAR_0_0""
    }
  },
  ""functionName"": ""Feature.id""
})",-9999.0,"{""type"":""Point"",""coordinates"":[77.80901052234775,34.188508457231556]}",1.0,1.0,1.0,0.0,0,0,73.78910882571691,0,0,0
,,,,,,,,4313,57.84667944479859,184.28380852230245,0.0031659882406151,-0.0151029748283752,,9.0,0.0,0.0,0.0,24.6278018951416,0,255.0,"NL_ee.String({
  ""type"": ""Invocation"",
  ""arguments"": {
    ""element"": {
      ""type"": ""ArgumentRef"",
      ""value"": ""_MAPPING_VAR_0_0""
    }
  },
  ""functionName"": ""Feature.id""
})",-9999.0,"{""type"":""Point"",""coordinates"":[76.89578113863482,35.17978642695282]}",0.0,0.0,0.0,0.0,0,0,249.4927284454163,0,0,1
,,,,,,,,893,2.867067547480793,130.27493775822586,0.5277207392197125,-0.4552567237163814,,7.0,160.4816780090332,391.8060188293457,526.3190422058105,861.6289043426514,0,256.0,"NL_ee.String({
  ""type"": ""Invocation"",
  ""arguments"": {
    ""element"": {
      ""type"": ""ArgumentRef"",
      ""value"": ""_MAPPING_VAR_0_0""
    }
  },
  ""functionName"": ""Feature.id""
})",-9999.0,"{""type"":""Point"",""coordinates"":[76.44316263848208,32.07975631674013]}",0.40959472365566774,0.7444268350757007,0.6108419060144537,1.4414376998680916,1,1,2.5602913199003483,0,0,0
,,,,,,,,261,2.8318857871264926,49.11820178748576,0.5261031194439955,-0.4876319521033559,,7.0,0.0,0.0,58.92913627624512,218.6400184631348,0,257.0,"NL_ee.String({
  ""type"": ""Invocation"",
  ""arguments"": {
    ""element"": {
      ""type"": ""ArgumentRef"",
      ""value"": ""_MAPPING_VAR_0_0""
    }
  },
  ""functionName"": ""Feature.id""
})",-9999.0,"{""type"":""Point"",""coordinates"":[76.92710180779592,30.040456746852666]}",0.0,0.0,0.269525847511677,0.0,0,0,0.7391221904400146,0,0,0
,,,,,,,,227,0.0,-0.0,0.7868120971740208,-0.692018779342723,,7.0,42.99292755126953,83.71309566497803,208.66026306152344,456.8211975097656,0,258.0,"NL_ee.String({
  ""type"": ""Invocation"",
  ""arguments"": {
    ""element"": {
      ""type"": ""ArgumentRef"",
      ""value"": ""_MAPPING_VAR_0_0""
    }
  },
  ""functionName"": ""Feature.id""
})",-9999.0,"{""type"":""Point"",""coordinates"":[78.50601183508917,29.17543197558041]}",0.5135746947326896,0.40119328154156136,0.4567657197147968,0.9471364345949518,0,1,0.0,0,1,0
,,,,,,,,191,2.1493154424386245,210.3843115820399,0.8182989690721649,-0.7259938837920489,,7.0,0.0,0.0,31.43486595153809,152.53044033050537,0,259.0,"NL_ee.String({
  ""type"": ""Invocation"",
  ""arguments"": {
    ""element"": {
      ""type"": ""ArgumentRef"",
      ""value"": ""_MAPPING_VAR_0_0""
    }
  },
  ""functionName"": ""Feature.id""
})",-9999.0,"{""type"":""Point"",""coordinates"":[73.48573522776742,31.48639540366274]}",0.0,0.0,0.20608913134600887,0.0,0,0,0.4105192495057773,0,0,0
,,,,,,,,4792,18.234349968096414,233.869031997382,0.1383259911894273,-0.2281368821292775,,9.0,20.65516805648804,27.540224075317383,27.540224075317383,46.83268070220947,0,260.0,"NL_ee.String({
  ""type"": ""Invocation"",
  ""arguments"": {
    ""element"": {
      ""type"": ""ArgumentRef"",
      ""value"": ""_MAPPING_VAR_0_0""
    }
  },
  ""functionName"": ""Feature.id""
})",-9999.0,"{""type"":""Point"",""coordinates"":[80.48402966257507,31.601439927461364]}",0.7500000000000001,1.0,0.5880556838169225,0.3333333333333331,0,0,87.37900504711801,0,0,0
,,,,,,,,212,1.4324950837895365,49.65937026387695,0.7169230769230769,-0.6119402985074627,,4.0,10.691783905029297,17.21832847595215,17.21832847595215,195.64761924743647,0,261.0,"NL_ee.String({
  ""type"": ""Invocation"",
  ""arguments"": {
    ""element"": {
      ""type"": ""ArgumentRef"",
      ""value"": ""_MAPPING_VAR_0_0""
    }
  },
  ""functionName"": ""Feature.id""
})",-9999.0,"{""type"":""Point"",""coordinates"":[74.11861645624268,31.866507579967003]}",0.6209536494765969,1.0,0.08800683873477677,0.6104261579634842,0,0,0.30368895776338173,0,0,0
,,,,,,,,5380,30.091559832783872,227.8992387553528,0.0260099612617598,-0.1016042780748663,,9.0,0.0,1.35006582736969,1.35006582736969,9.48410189151764,0,262.0,"NL_ee.String({
  ""type"": ""Invocation"",
  ""arguments"": {
    ""element"": {
      ""type"": ""ArgumentRef"",
      ""value"": ""_MAPPING_VAR_0_0""
    }
  },
  ""functionName"": ""Feature.id""
})",-9999.0,"{""type"":""Point"",""coordinates"":[80.24951334143789,34.07612195699777]}",0.0,1.0,0.14235041365141357,0.0,0,0,161.89259190037725,0,0,1
,,,,,,,,2071,19.671753854400343,126.0614941081478,0.6548250265111347,-0.556220393916729,,7.0,61.91807746887207,147.83971405029297,201.59886360168457,371.42728996276855,0,263.0,"NL_ee.String({
  ""type"": ""Invocation"",
  ""arguments"": {
    ""element"": {
      ""type"": ""ArgumentRef"",
      ""value"": ""_MAPPING_VAR_0_0""
    }
  },
  ""functionName"": ""Feature.id""
})",-9999.0,"{""type"":""Point"",""coordinates"":[76.08061573770381,32.83736601052923]}",0.41881897477025976,0.7333360486713458,0.5427680438394621,1.3876664149434563,0,0,40.74020223246311,0,0,0
,,,,,,,,196,8.410506656597905,228.93561985183945,0.0744970092441544,-0.1706161137440758,,7.0,0.0,0.0,7.232385635375977,144.985689163208,0,264.0,"NL_ee.String({
  ""type"": ""Invocation"",
  ""arguments"": {
    ""element"": {
      ""type"": ""ArgumentRef"",
      ""value"": ""_MAPPING_VAR_0_0""
    }
  },
  ""functionName"": ""Feature.id""
})",-9999.0,"{""type"":""Point"",""coordinates"":[75.12359712870963,29.394252058825476]}",0.0,0.0,0.04988344489113404,0.0,0,0,1.6484593046931892,0,0,0
,,,,,,,,5140,0.0,-0.0,-0.8223495702005731,0.95028067361668,,,0.0,1.229459524154663,1.229459524154663,1.229459524154663,0,265.0,"NL_ee.String({
  ""type"": ""Invocation"",
  ""arguments"": {
    ""element"": {
      ""type"": ""ArgumentRef"",
      ""value"": ""_MAPPING_VAR_0_0""
    }
  },
  ""functionName"": ""Feature.id""
})",-9999.0,"{""type"":""Point"",""coordinates"":[80.6582724815782,34.647395032592165]}",0.0,1.0,1.0,0.0,0,0,0.0,0,1,0
,,,,,,,,5473,17.270045692696776,102.0212959309731,0.1754780652418447,-0.2272460364063417,,9.0,18.97206115722656,18.97206115722656,18.97206115722656,18.97206115722656,0,266.0,"NL_ee.String({
  ""type"": ""Invocation"",
  ""arguments"": {
    ""element"": {
      ""type"": ""ArgumentRef"",
      ""value"": ""_MAPPING_VAR_0_0""
    }
  },
  ""functionName"": ""Feature.id""
})",-9999.0,"{""type"":""Point"",""coordinates"":[80.24212402425758,31.59409058821485]}",1.0,1.0,1.0,0.0,0,0,94.51896007612946,0,0,0
,,,,,,,,215,6.581479324436747,106.29649770765197,0.3883464566929134,-0.3800876643706951,,4.0,4.972586631774902,16.037938117980957,41.78811168670654,152.8356647491455,0,267.0,"NL_ee.String({
  ""type"": ""Invocation"",
  ""arguments"": {
    ""element"": {
      ""type"": ""ArgumentRef"",
      ""value"": ""_MAPPING_VAR_0_0""
    }
  },
  ""functionName"": ""Feature.id""
})",-9999.0,"{""type"":""Point"",""coordinates"":[77.0135288747488,28.710022961230308]}",0.31005149135722626,0.38379188411815407,0.2734185882287019,2.2252707304279618,0,0,1.4150180547539004,0,0,0
,,,,,,,,5177,26.66472442877971,52.23173603773204,0.0536193029490616,-0.1687732342007435,,9.0,0.0,0.0,0.0,0.0,0,268.0,"NL_ee.String({
  ""type"": ""Invocation"",
  ""arguments"": {
    ""element"": {
      ""type"": ""ArgumentRef"",
      ""value"": ""_MAPPING_VAR_0_0""
    }
  },
  ""functionName"": ""Feature.id""
})",-9999.0,"{""type"":""Point"",""coordinates"":[79.00814677387528,35.35603395286737]}",0.0,0.0,0.0,0.0,0,0,138.04327836779254,0,0,1
,,,,,,,,5046,15.01158921015988,270.0,0.0421267893660531,-0.1720331186752529,,9.0,0.0,0.0,4.649084568023682,18.645053386688232,0,269.0,"NL_ee.String({
  ""type"": ""Invocation"",
  ""arguments"": {
    ""element"": {
      ""type"": ""ArgumentRef"",
      ""value"": ""_MAPPING_VAR_0_0""
    }
  },
  ""functionName"": ""Feature.id""
})",-9999.0,"{""type"":""Point"",""coordinates"":[78.82946071566629,32.316600991234665]}",0.0,0.0,0.24934680912970345,0.0,0,0,75.74847915446675,0,0,0
,,,,,,,,5031,5.635889124886551,270.0,0.160676532769556,-0.2745211839814277,,9.0,0.0,0.0,0.0,0.0,0,270.0,"NL_ee.String({
  ""type"": ""Invocation"",
  ""arguments"": {
    ""element"": {
      ""type"": ""ArgumentRef"",
      ""value"": ""_MAPPING_VAR_0_0""
    }
  },
  ""functionName"": ""Feature.id""
})",-9999.0,"{""type"":""Point"",""coordinates"":[80.20624641503562,34.89629918891132]}",0.0,0.0,0.0,0.0,0,0,28.354158187304236,0,0,0
,,,,,,,,3008,38.91489755240495,10.734247369354922,0.0302566066641133,-0.0112781954887218,,7.0,17.40409278869629,71.38265991210938,118.4007053375244,205.791166305542,0,271.0,"NL_ee.String({
  ""type"": ""Invocation"",
  ""arguments"": {
    ""element"": {
      ""type"": ""ArgumentRef"",
      ""value"": ""_MAPPING_VAR_0_0""
    }
  },
  ""functionName"": ""Feature.id""
})",-9999.0,"{""type"":""Point"",""coordinates"":[79.42543217148992,30.54442349976388]}",0.24381401323690172,0.6028904955305724,0.5753439638013065,3.1014869765846913,0,0,117.0560118376341,0,1,1
,,,,,,,,180,1.081573250649556,270.0,0.5613776861937003,-0.5119726339794755,,7.0,0.0,0.0,0.0,135.39901161193848,0,272.0,"NL_ee.String({
  ""type"": ""Invocation"",
  ""arguments"": {
    ""element"": {
      ""type"": ""ArgumentRef"",
      ""value"": ""_MAPPING_VAR_0_0""
    }
  },
  ""functionName"": ""Feature.id""
})",-9999.0,"{""type"":""Point"",""coordinates"":[73.55564392779519,30.9701641691127]}",0.0,0.0,0.0,0.0,0,0,0.19468318511692007,0,0,0
,,,,,,,,1252,35.08410997570126,220.488800253022,-0.0088582677165354,0.0571161048689138,,4.0,94.1480541229248,213.34669303894043,305.3181800842285,475.65256118774414,0,273.0,"NL_ee.String({
  ""type"": ""Invocation"",
  ""arguments"": {
    ""element"": {
      ""type"": ""ArgumentRef"",
      ""value"": ""_MAPPING_VAR_0_0""
    }
  },
  ""functionName"": ""Feature.id""
})",-9999.0,"{""type"":""Point"",""coordinates"":[76.79332535531088,31.58490410554122]}",0.44129136843822897,0.6987683896847682,0.6418932746242836,1.266076500746191,0,1,43.92530568957798,1,0,1
,,,,,,,,2915,20.53253303963368,24.81769369708072,0.8008449004224502,-0.7061177815894797,,7.0,5.653457164764404,5.653457164764404,11.945368766784668,52.627387046813965,0,274.0,"NL_ee.String({
  ""type"": ""Invocation"",
  ""arguments"": {
    ""element"": {
      ""type"": ""ArgumentRef"",
      ""value"": ""_MAPPING_VAR_0_0""
    }
  },
  ""functionName"": ""Feature.id""
})",-9999.0,"{""type"":""Point"",""coordinates"":[75.10798108832125,34.53404318856343]}",1.0,0.4732760683357408,0.2269800846498199,0.0,0,0,59.85233381053217,0,1,0
,,,,,,,,4736,21.025323743950658,239.6434683121676,0.0098463962189838,0.008507347254447,,9.0,0.0,0.0,0.0,6.557891368865967,0,275.0,"NL_ee.String({
  ""type"": ""Invocation"",
  ""arguments"": {
    ""element"": {
      ""type"": ""ArgumentRef"",
      ""value"": ""_MAPPING_VAR_0_0""
    }
  },
  ""functionName"": ""Feature.id""
})",-9999.0,"{""type"":""Point"",""coordinates"":[76.75132031682584,33.930917583881055]}",0.0,0.0,0.0,0.0,0,0,99.57593325135032,0,0,1
,,,,,,,,1162,22.59127057514472,101.2170724158247,0.6884057971014492,-0.6035788024776325,,4.0,77.9648265838623,139.36044883728027,238.2405014038086,417.10227394104,0,276.0,"NL_ee.String({
  ""type"": ""Invocation"",
  ""arguments"": {
    ""element"": {
      ""type"": ""ArgumentRef"",
      ""value"": ""_MAPPING_VAR_0_0""
    }
  },
  ""functionName"": ""Feature.id""
})",-9999.0,"{""type"":""Point"",""coordinates"":[80.11189614541242,29.239239959094803]}",0.559447298242383,0.5849569994023376,0.5711800589164023,0.7874784687345929,0,1,26.251056408318163,0,0,0
,,,,,,,,2963,32.26516230225997,-0.0,0.4444195929322299,-0.3417826719301891,,7.0,13.350823402404783,13.350823402404783,34.73879146575928,134.28196048736572,0,277.0,"NL_ee.String({
  ""type"": ""Invocation"",
  ""arguments"": {
    ""element"": {
      ""type"": ""ArgumentRef"",
      ""value"": ""_MAPPING_VAR_0_0""
    }
  },
  ""functionName"": ""Feature.id""
})",-9999.0,"{""type"":""Point"",""coordinates"":[74.05658410844539,34.37521204348669]}",1.0,0.3843203185569708,0.2587003595991419,0.0,0,0,95.60167590159628,0,1,0
,,,,,,,,3527,50.3293432757523,135.36063131618184,0.6372473778459964,-0.5732546705998034,,9.0,97.23668670654295,151.18532180786133,168.6702003479004,227.18088912963867,0,278.0,"NL_ee.String({
  ""type"": ""Invocation"",
  ""arguments"": {
    ""element"": {
      ""type"": ""ArgumentRef"",
      ""value"": ""_MAPPING_VAR_0_0""
    }
  },
  ""functionName"": ""Feature.id""
})",-9999.0,"{""type"":""Point"",""coordinates"":[76.60447028037608,32.78524634596731]}",0.643162216700635,0.8963368840259001,0.7424488960937656,0.5548177023362956,0,0,177.51159373357837,0,0,0
,,,,,,,,5427,5.699702853472697,80.6660201060917,0.0201117318435754,-0.0339750849377123,,9.0,0.0,0.0,0.0,0.0,0,279.0,"NL_ee.String({
  ""type"": ""Invocation"",
  ""arguments"": {
    ""element"": {
      ""type"": ""ArgumentRef"",
      ""value"": ""_MAPPING_VAR_0_0""
    }
  },
  ""functionName"": ""Feature.id""
})",-9999.0,"{""type"":""Point"",""coordinates"":[80.09701955587536,34.731824942546744]}",0.0,0.0,0.0,0.0,0,0,30.93228738579633,0,0,0
,,,,,,,,4840,39.549866817004144,181.3312515652564,0.0100684655658477,-0.1146666666666666,,9.0,0.4074769616127014,0.4074769616127014,2.09947282075882,2.09947282075882,0,280.0,"NL_ee.String({
  ""type"": ""Invocation"",
  ""arguments"": {
    ""element"": {
      ""type"": ""ArgumentRef"",
      ""value"": ""_MAPPING_VAR_0_0""
    }
  },
  ""functionName"": ""Feature.id""
})",-9999.0,"{""type"":""Point"",""coordinates"":[77.96016453083058,32.46158864009159]}",1.0,0.19408537113875357,1.0,0.0,0,0,191.42135539430004,0,0,1
,,,,,,,,262,1.8543341688414128,180.0,0.6759493670886076,-0.5916649969945903,,4.0,0.0,9.412863731384276,30.186240196228027,176.69521474838257,0,281.0,"NL_ee.String({
  ""type"": ""Invocation"",
  ""arguments"": {
    ""element"": {
      ""type"": ""ArgumentRef"",
      ""value"": ""_MAPPING_VAR_0_0""
    }
  },
  ""functionName"": ""Feature.id""
})",-9999.0,"{""type"":""Point"",""coordinates"":[76.06251475352644,30.56283529560788]}",0.0,0.31182630464063144,0.17083790434966686,0.0,0,0,0.48583555223645014,0,0,0
,,,,,,,,5069,38.484655879519885,296.61314167055605,0.1105092091007584,-0.1960326721120186,,9.0,2.21505093574524,2.21505093574524,5.899124622344971,9.034607172012327,0,282.0,"NL_ee.String({
  ""type"": ""Invocation"",
  ""arguments"": {
    ""element"": {
      ""type"": ""ArgumentRef"",
      ""value"": ""_MAPPING_VAR_0_0""
    }
  },
  ""functionName"": ""Feature.id""
})",-9999.0,"{""type"":""Point"",""coordinates"":[80.01036883552982,32.5766132502049]}",1.0,0.3754880728159175,0.6529475504612368,0.0,0,0,195.0787206532863,0,0,1
,,,,,,,,259,2.9806276044060813,158.85600560560346,0.7993647432503971,-0.682256867112101,,4.0,0.0,24.1262149810791,59.90328025817871,216.95333671569824,0,283.0,"NL_ee.String({
  ""type"": ""Invocation"",
  ""arguments"": {
    ""element"": {
      ""type"": ""ArgumentRef"",
      ""value"": ""_MAPPING_VAR_0_0""
    }
  },
  ""functionName"": ""Feature.id""
})",-9999.0,"{""type"":""Point"",""coordinates"":[76.42250801772136,30.471372142582766]}",0.0,0.40275281882890046,0.2761113572393572,0.0,0,0,0.7719825495411751,0,0,0
,,,,,,,,332,2.9889148857514827,201.5517514912753,0.3442105263157894,-0.3050587634133878,,7.0,0.0,93.1083869934082,207.3940315246582,527.7252788543701,0,284.0,"NL_ee.String({
  ""type"": ""Invocation"",
  ""arguments"": {
    ""element"": {
      ""type"": ""ArgumentRef"",
      ""value"": ""_MAPPING_VAR_0_0""
    }
  },
  ""functionName"": ""Feature.id""
})",-9999.0,"{""type"":""Point"",""coordinates"":[75.34654057197588,32.43712638681252]}",0.0,0.44894439010091786,0.39299620434117993,0.0,0,1,0.9923197420694922,0,0,0
,,,,,,,,4316,12.769178384097833,-0.0,0.1733333333333333,-0.2687950566426365,,9.0,18.8848729133606,18.8848729133606,28.578494548797607,72.61389493942261,0,285.0,"NL_ee.String({
  ""type"": ""Invocation"",
  ""arguments"": {
    ""element"": {
      ""type"": ""ArgumentRef"",
      ""value"": ""_MAPPING_VAR_0_0""
    }
  },
  ""functionName"": ""Feature.id""
})",-9999.0,"{""type"":""Point"",""coordinates"":[81.07229009620984,30.328580922556334]}",1.0,0.6608071282801405,0.39356785051454574,0.0,0,0,55.11177390576625,0,1,0
,,,,,,,,252,1.4125618122195798,131.03113015968938,0.7637051039697542,-0.6642140468227424,,7.0,49.37374305725098,116.72748756408691,217.54088973999023,509.52620124816895,0,286.0,"NL_ee.String({
  ""type"": ""Invocation"",
  ""arguments"": {
    ""element"": {
      ""type"": ""ArgumentRef"",
      ""value"": ""_MAPPING_VAR_0_0""
    }
  },
  ""functionName"": ""Feature.id""
})",-9999.0,"{""type"":""Point"",""coordinates"":[78.22327657068709,29.51338670678138]}",0.42298300158429525,0.5365772278655394,0.4269474056625307,1.3641611985693767,0,1,0.3559655766793341,0,0,0
,,,,,,,,252,2.3437805146658137,113.29738356818224,0.7467532467532467,-0.6553846153846153,,4.0,0.0,0.0,0.0,185.83121538162231,0,287.0,"NL_ee.String({
  ""type"": ""Invocation"",
  ""arguments"": {
    ""element"": {
      ""type"": ""ArgumentRef"",
      ""value"": ""_MAPPING_VAR_0_0""
    }
  },
  ""functionName"": ""Feature.id""
})",-9999.0,"{""type"":""Point"",""coordinates"":[75.9934547960638,30.545443461050883]}",0.0,0.0,0.0,0.0,0,0,0.5906326896957851,0,0,0
,,,,,,,,226,1.8543341688295631,-0.0,0.3992277992277992,-0.3323529411764706,,7.0,10.400276184082031,10.400276184082031,46.855712890625,166.9417245388031,0,288.0,"NL_ee.String({
  ""type"": ""Invocation"",
  ""arguments"": {
    ""element"": {
      ""type"": ""ArgumentRef"",
      ""value"": ""_MAPPING_VAR_0_0""
    }
  },
  ""functionName"": ""Feature.id""
})",-9999.0,"{""type"":""Point"",""coordinates"":[76.41601095386866,29.251981118900936]}",1.0,0.22196388748495474,0.2806710726157264,0.0,0,0,0.4190795221554812,0,1,0
,,,,,,,,212,2.1524490563707634,329.4735914052686,0.5300823305889804,-0.4355317884729649,,7.0,11.051839828491213,17.29932451248169,17.29932451248169,194.141574382782,0,289.0,"NL_ee.String({
  ""type"": ""Invocation"",
  ""arguments"": {
    ""element"": {
      ""type"": ""ArgumentRef"",
      ""value"": ""_MAPPING_VAR_0_0""
    }
  },
  ""functionName"": ""Feature.id""
})",-9999.0,"{""type"":""Point"",""coordinates"":[74.06678522925726,32.011943051661234]}",0.6388596167738899,1.0,0.08910674886345173,0.5652891085052377,0,0,0.45631919995060183,0,1,0
,,,,,,,,224,0.0,-0.0,0.7190775681341719,-0.5819935691318328,,7.0,73.14465522766113,153.9151210784912,264.4486246109009,492.89421558380127,0,290.0,"NL_ee.String({
  ""type"": ""Invocation"",
  ""arguments"": {
    ""element"": {
      ""type"": ""ArgumentRef"",
      ""value"": ""_MAPPING_VAR_0_0""
    }
  },
  ""functionName"": ""Feature.id""
})",-9999.0,"{""type"":""Point"",""coordinates"":[78.65817212718366,29.37778262099642]}",0.4752272207898272,0.5820227702259967,0.5365220695432155,1.1042565666545803,0,1,0.0,0,1,0
,,,,,,,,4902,40.41376168473109,239.115744356054,0.0775510204081632,-0.1711026615969581,,9.0,0.0,0.0,4.1963958740234375,68.5775146484375,0,291.0,"NL_ee.String({
  ""type"": ""Invocation"",
  ""arguments"": {
    ""element"": {
      ""type"": ""ArgumentRef"",
      ""value"": ""_MAPPING_VAR_0_0""
    }
  },
  ""functionName"": ""Feature.id""
})",-9999.0,"{""type"":""Point"",""coordinates"":[75.6114690112249,34.9513247720839]}",0.0,0.0,0.061192008715046806,0.0,0,0,198.10825977855183,0,0,1
,,,,,,,,4787,42.117144534663126,231.1958273769784,0.0056818181818181,0.0056179775280898,,9.0,5.859664916992188,5.859664916992188,5.859664916992188,5.859664916992188,0,292.0,"NL_ee.String({
  ""type"": ""Invocation"",
  ""arguments"": {
    ""element"": {
      ""type"": ""ArgumentRef"",
      ""value"": ""_MAPPING_VAR_0_0""
    }
  },
  ""functionName"": ""Feature.id""
})",-9999.0,"{""type"":""Point"",""coordinates"":[78.1804958027707,34.19631085421935]}",1.0,1.0,1.0,0.0,0,0,201.6147708874324,0,0,1
,,,,,,,,3775,39.60825194586327,147.2630705941595,-0.0351715154146765,0.0604651162790697,,7.0,0.0,0.0,35.44789123535156,64.58055114746094,0,293.0,"NL_ee.String({
  ""type"": ""Invocation"",
  ""arguments"": {
    ""element"": {
      ""type"": ""ArgumentRef"",
      ""value"": ""_MAPPING_VAR_0_0""
    }
  },
  ""functionName"": ""Feature.id""
})",-9999.0,"{""type"":""Point"",""coordinates"":[81.22083749664382,29.754455369779297]}",0.0,0.0,0.5488942197847012,0.0,0,0,149.52115109563385,0,0,1
,,,,,,,,214,2.780288515528756,180.0,0.2404458598726114,-0.2549335481272654,,7.0,0.0,0.0,0.0,137.75576448440552,0,294.0,"NL_ee.String({
  ""type"": ""Invocation"",
  ""arguments"": {
    ""element"": {
      ""type"": ""ArgumentRef"",
      ""value"": ""_MAPPING_VAR_0_0""
    }
  },
  ""functionName"": ""Feature.id""
})",-9999.0,"{""type"":""Point"",""coordinates"":[75.69839311617835,29.42136437317312]}",0.0,0.0,0.0,0.0,0,0,0.5949817423231538,0,0,0
,,,,,,,,362,0.9274099368670312,-0.0,0.8889952153110048,-0.7574004006231916,,4.0,95.48292541503906,152.76733827590942,314.73055696487427,508.4176602363586,0,295.0,"NL_ee.String({
  ""type"": ""Invocation"",
  ""arguments"": {
    ""element"": {
      ""type"": ""ArgumentRef"",
      ""value"": ""_MAPPING_VAR_0_0""
    }
  },
  ""functionName"": ""Feature.id""
})",-9999.0,"{""type"":""Point"",""coordinates"":[79.28331078238324,29.284200474319423]}",0.6250218567177602,0.4853908681417265,0.6190393874566807,0.5999440487591907,0,1,0.33572239714586527,0,1,0
,,,,,,,,211,0.0,-0.0,0.4275782155272306,-0.368128817323709,,7.0,9.273098945617676,16.32852268218994,16.32852268218994,216.8848066329956,0,296.0,"NL_ee.String({
  ""type"": ""Invocation"",
  ""arguments"": {
    ""element"": {
      ""type"": ""ArgumentRef"",
      ""value"": ""_MAPPING_VAR_0_0""
    }
  },
  ""functionName"": ""Feature.id""
})",-9999.0,"{""type"":""Point"",""coordinates"":[74.12731396592258,31.838212380531314]}",0.56790801752887,1.0,0.07528661382823583,0.7608485338018043,0,0,0.0,0,1,0
,,,,,,,,1415,20.498622663799505,69.73304576816159,0.7874622862889709,-0.694312043215761,,7.0,40.71921920776367,54.00473594665527,117.66776084899902,453.4903945922852,0,297.0,"NL_ee.String({
  ""type"": ""Invocation"",
  ""arguments"": {
    ""element"": {
      ""type"": ""ArgumentRef"",
      ""value"": ""_MAPPING_VAR_0_0""
    }
  },
  ""functionName"": ""Feature.id""
})",-9999.0,"{""type"":""Point"",""coordinates"":[73.9037772164304,33.81646659641644]}",0.7539934876819924,0.45895949372197714,0.25947134107391473,0.3262714019908942,0,1,29.005551069276297,0,0,0
,,,,,,,,232,2.3634498145010627,113.0919810948595,0.6943099273607748,-0.6100086281276963,,7.0,0.0,32.42755508422852,97.92155456542967,323.8015365600586,0,298.0,"NL_ee.String({
  ""type"": ""Invocation"",
  ""arguments"": {
    ""element"": {
      ""type"": ""ArgumentRef"",
      ""value"": ""_MAPPING_VAR_0_0""
    }
  },
  ""functionName"": ""Feature.id""
})",-9999.0,"{""type"":""Point"",""coordinates"":[75.53209521217964,31.488695743902326]}",0.0,0.3311584995575303,0.30241226031757024,0.0,0,0,0.5483203569642465,0,0,0
,,,,,,,,236,2.9757884548518807,200.90131770727984,0.1547479484173505,-0.2115621156211562,,7.0,68.6489028930664,144.9368085861206,265.62735080718994,465.2483835220337,0,299.0,"NL_ee.String({
  ""type"": ""Invocation"",
  ""arguments"": {
    ""element"": {
      ""type"": ""ArgumentRef"",
      ""value"": ""_MAPPING_VAR_0_0""
    }
  },
  ""functionName"": ""Feature.id""
})",-9999.0,"{""type"":""Point"",""coordinates"":[78.95799231633767,29.20811104548923]}",0.47364712637697987,0.5456396268896474,0.570936644199238,1.1112764003218956,0,1,0.7022860753450438,0,0,0
,,,,,,,,5141,1.432994743092104,310.3236578504594,0.1643835616438356,-0.26528442317916,,9.0,0.0,0.0,0.0,12.992057800292969,0,300.0,"NL_ee.String({
  ""type"": ""Invocation"",
  ""arguments"": {
    ""element"": {
      ""type"": ""ArgumentRef"",
      ""value"": ""_MAPPING_VAR_0_0""
    }
  },
  ""functionName"": ""Feature.id""
})",-9999.0,"{""type"":""Point"",""coordinates"":[79.02815148644733,31.92157454188021]}",0.0,0.0,0.0,0.0,0,0,7.367025974236506,0,0,0
,,,,,,,,508,14.964072904194364,204.70358957246083,0.8871377732587697,-0.7062744196736382,,7.0,56.52257537841797,170.8619899749756,272.8912172317505,558.8280611038208,0,301.0,"NL_ee.String({
  ""type"": ""Invocation"",
  ""arguments"": {
    ""element"": {
      ""type"": ""ArgumentRef"",
      ""value"": ""_MAPPING_VAR_0_0""
    }
  },
  ""functionName"": ""Feature.id""
})",-9999.0,"{""type"":""Point"",""coordinates"":[78.59813490839652,29.597262786660767]}",0.330808364029333,0.6261175852716159,0.4883276918713141,2.0228981753052935,0,1,7.601749035330736,0,0,0
,,,,,,,,1592,2.4247449039530817,247.52487170916,0.8032596041909197,-0.7419173460781557,,7.0,11.2053861618042,15.000754356384276,22.59149074554444,115.814528465271,0,302.0,"NL_ee.String({
  ""type"": ""Invocation"",
  ""arguments"": {
    ""element"": {
      ""type"": ""ArgumentRef"",
      ""value"": ""_MAPPING_VAR_0_0""
    }
  },
  ""functionName"": ""Feature.id""
})",-9999.0,"{""type"":""Point"",""coordinates"":[74.86957873273771,34.166179738579075]}",0.7469881777668882,0.6640001992494793,0.19506612032978998,0.3387092724673201,0,0,3.860193887093306,0,0,0
,,,,,,,,5233,13.327440735788825,61.423595635957085,-0.0071229482812016,0.0159607120933087,,9.0,32.408565521240234,32.408565521240234,49.51071357727051,62.65572738647461,0,303.0,"NL_ee.String({
  ""type"": ""Invocation"",
  ""arguments"": {
    ""element"": {
      ""type"": ""ArgumentRef"",
      ""value"": ""_MAPPING_VAR_0_0""
    }
  },
  ""functionName"": ""Feature.id""
})",-9999.0,"{""type"":""Point"",""coordinates"":[79.6197602941213,31.137161872100993]}",1.0,0.6545768214522045,0.79020251846854,0.0,0,0,69.74249737038292,0,0,0
,,,,,,,,5038,26.928449947826607,227.99150304597515,0.0623240852432649,-0.0990016638935108,,9.0,23.023380279541016,23.023380279541016,42.0411376953125,92.07218551635742,0,304.0,"NL_ee.String({
  ""type"": ""Invocation"",
  ""arguments"": {
    ""element"": {
      ""type"": ""ArgumentRef"",
      ""value"": ""_MAPPING_VAR_0_0""
    }
  },
  ""functionName"": ""Feature.id""
})",-9999.0,"{""type"":""Point"",""coordinates"":[79.7378255254946,30.931550645552342]}",1.0,0.5476393252342473,0.45661061980377915,0.0,0,0,135.66553083715044,0,0,1
,,,,,,,,764,7.7720927372423425,326.1215998065434,0.6469120399251403,-0.5644444444444444,,7.0,92.5526351928711,215.8807182312012,292.0509376525879,434.0445518493652,0,305.0,"NL_ee.String({
  ""type"": ""Invocation"",
  ""arguments"": {
    ""element"": {
      ""type"": ""ArgumentRef"",
      ""value"": ""_MAPPING_VAR_0_0""
    }
  },
  ""functionName"": ""Feature.id""
})",-9999.0,"{""type"":""Point"",""coordinates"":[76.54513767366622,31.671954691833765]}",0.42872117505997104,0.7391885811645784,0.6728593560458834,1.3325183316642022,0,1,5.93787885125315,0,1,0
,,,,,,,,3070,29.90216134383361,137.04359506627364,0.60546875,-0.5288282703037818,,9.0,12.071837425231934,15.941758632659912,30.460509300231934,159.95774745941162,0,306.0,"NL_ee.String({
  ""type"": ""Invocation"",
  ""arguments"": {
    ""element"": {
      ""type"": ""ArgumentRef"",
      ""value"": ""_MAPPING_VAR_0_0""
    }
  },
  ""functionName"": ""Feature.id""
})",-9999.0,"{""type"":""Point"",""coordinates"":[75.18472617063607,34.293941428584226]}",0.7572462802504322,0.5233582431446255,0.19042847116836975,0.32057433107401434,0,0,91.79963532556918,0,0,0
,,,,,,,,218,4.211538673079232,311.2608462930185,0.0683102208525937,-0.1212938005390835,,7.0,7.181158065795898,18.54060745239257,48.421613693237305,169.39995050430298,0,307.0,"NL_ee.String({
  ""type"": ""Invocation"",
  ""arguments"": {
    ""element"": {
      ""type"": ""ArgumentRef"",
      ""value"": ""_MAPPING_VAR_0_0""
    }
  },
  ""functionName"": ""Feature.id""
})",-9999.0,"{""type"":""Point"",""coordinates"":[77.05045461323127,28.680139957516342]}",0.3873205386735701,0.38289941285005136,0.2858419589208046,1.5818408789387493,0,0,0.9181154307312727,0,0,0
,,,,,,,,5554,12.072589464153811,10.29007719266364,0.056910569105691,-0.1056591429506051,,9.0,16.190185546875,16.190185546875,25.86686134338379,64.39495658874512,0,308.0,"NL_ee.String({
  ""type"": ""Invocation"",
  ""arguments"": {
    ""element"": {
      ""type"": ""ArgumentRef"",
      ""value"": ""_MAPPING_VAR_0_0""
    }
  },
  ""functionName"": ""Feature.id""
})",-9999.0,"{""type"":""Point"",""coordinates"":[78.85783930996263,32.07071144763953]}",1.0,0.6259045244009133,0.40169079557862103,0.0,0,0,67.05116188391027,0,1,0
,,,,,,,,228,3.6632739303162847,300.37666958724185,0.0149982560167422,-0.0246478873239436,,9.0,0.0,3.2122106552124023,3.2122106552124023,150.09761333465576,0,309.0,"NL_ee.String({
  ""type"": ""Invocation"",
  ""arguments"": {
    ""element"": {
      ""type"": ""ArgumentRef"",
      ""value"": ""_MAPPING_VAR_0_0""
    }
  },
  ""functionName"": ""Feature.id""
})",-9999.0,"{""type"":""Point"",""coordinates"":[74.20553497728248,28.45104128689031]}",0.0,1.0,0.021400811004572723,0.0,0,0,0.835226456112113,0,0,0
,,,,,,,,571,13.005710022780711,204.34136747738367,0.8245614035087719,-0.6945595139464237,,4.0,0.0,203.7069320678711,286.8927936553955,495.34363746643066,0,310.0,"NL_ee.String({
  ""type"": ""Invocation"",
  ""arguments"": {
    ""element"": {
      ""type"": ""ArgumentRef"",
      ""value"": ""_MAPPING_VAR_0_0""
    }
  },
  ""functionName"": ""Feature.id""
})",-9999.0,"{""type"":""Point"",""coordinates"":[76.36688190598751,31.767580561529297]}",0.0,0.7100454823991011,0.5791793251303005,0.0,0,1,7.426260423007786,0,0,0
,,,,,,,,3240,12.426431195883406,81.55098970157262,0.139834406623735,-0.1822519083969465,,9.0,23.94623374938965,23.94623374938965,52.74167251586914,163.42420387268066,0,311.0,"NL_ee.String({
  ""type"": ""Invocation"",
  ""arguments"": {
    ""element"": {
      ""type"": ""ArgumentRef"",
      ""value"": ""_MAPPING_VAR_0_0""
    }
  },
  ""functionName"": ""Feature.id""
})",-9999.0,"{""type"":""Point"",""coordinates"":[74.69223111870943,35.21664079428603]}",1.0,0.45402871405309725,0.3227286489151799,0.0,0,0,40.26163707466223,0,0,0
,,,,,,,,4628,0.9274099368670312,-0.0,0.2,-0.2831505483549352,,9.0,12.006837844848633,12.006837844848633,16.30634880065918,63.36921310424805,0,312.0,"NL_ee.String({
  ""type"": ""Invocation"",
  ""arguments"": {
    ""element"": {
      ""type"": ""ArgumentRef"",
      ""value"": ""_MAPPING_VAR_0_0""
    }
  },
  ""functionName"": ""Feature.id""
})",-9999.0,"{""type"":""Point"",""coordinates"":[81.20216384991984,30.96488741585838]}",1.0,0.7363290207776777,0.25732288601775394,0.0,0,0,4.2920531878206205,0,1,0
,,,,,,,,202,3.75157059845677,240.4127793486028,0.5579370395177495,-0.491025641025641,,7.0,9.296263694763184,16.715871810913086,16.715871810913086,192.47090530395508,0,313.0,"NL_ee.String({
  ""type"": ""Invocation"",
  ""arguments"": {
    ""element"": {
      ""type"": ""ArgumentRef"",
      ""value"": ""_MAPPING_VAR_0_0""
    }
  },
  ""functionName"": ""Feature.id""
})",-9999.0,"{""type"":""Point"",""coordinates"":[74.0841301046777,31.605527198156587]}",0.5561339426337336,1.0,0.08684882416131906,0.7981279748260102,0,0,0.7578172608882676,0,0,0
,,,,,,,,5681,30.646417454266075,258.9742355144503,0.1081730769230769,-0.246788370520622,,9.0,0.0,0.0,0.0,1.525072693824768,0,314.0,"NL_ee.String({
  ""type"": ""Invocation"",
  ""arguments"": {
    ""element"": {
      ""type"": ""ArgumentRef"",
      ""value"": ""_MAPPING_VAR_0_0""
    }
  },
  ""functionName"": ""Feature.id""
})",-9999.0,"{""type"":""Point"",""coordinates"":[78.5761929199199,33.3778801881576]}",0.0,0.0,0.0,0.0,0,0,174.10229755768557,0,0,1
,,,,,,,,429,4.754521251012653,346.6898223253337,0.0223123732251521,-0.1116012351124834,,7.0,84.36156463623047,274.3667163848877,363.0104656219482,723.7125587463379,0,315.0,"NL_ee.String({
  ""type"": ""Invocation"",
  ""arguments"": {
    ""element"": {
      ""type"": ""ArgumentRef"",
      ""value"": ""_MAPPING_VAR_0_0""
    }
  },
  ""functionName"": ""Feature.id""
})",-9999.0,"{""type"":""Point"",""coordinates"":[75.84284833123533,32.286362489419595]}",0.30747740013000047,0.755809383938321,0.5015948130716131,2.252271547688393,0,1,2.039689616684428,0,1,0
,,,,,,,,5202,8.104902726344974,204.5813156488152,0.1175040518638573,-0.2059466550065588,,9.0,0.0,0.0,0.0,0.0,0,316.0,"NL_ee.String({
  ""type"": ""Invocation"",
  ""arguments"": {
    ""element"": {
      ""type"": ""ArgumentRef"",
      ""value"": ""_MAPPING_VAR_0_0""
    }
  },
  ""functionName"": ""Feature.id""
})",-9999.0,"{""type"":""Point"",""coordinates"":[80.03228009770235,34.93742124884327]}",0.0,0.0,0.0,0.0,0,0,42.161703982446554,0,0,0
,,,,,,,,4224,28.17205801927545,184.10075409405343,0.0222521915037086,-0.0828571428571428,,9.0,4.797620296478272,4.797620296478272,8.025929927825928,19.96395254135132,0,317.0,"NL_ee.String({
  ""type"": ""Invocation"",
  ""arguments"": {
    ""element"": {
      ""type"": ""ArgumentRef"",
      ""value"": ""_MAPPING_VAR_0_0""
    }
  },
  ""functionName"": ""Feature.id""
})",-9999.0,"{""type"":""Point"",""coordinates"":[78.67469806100465,32.291282510717146]}",1.0,0.5977650365280297,0.4020210883191505,0.0,0,0,118.9987730734195,0,0,1
,,,,,,,,182,2.1335722920484392,209.65464244289737,0.2923769700868446,-0.2824768592403447,,7.0,48.09560108184815,88.94293308258057,178.59300136566162,320.8993043899536,0,318.0,"NL_ee.String({
  ""type"": ""Invocation"",
  ""arguments"": {
    ""element"": {
      ""type"": ""ArgumentRef"",
      ""value"": ""_MAPPING_VAR_0_0""
    }
  },
  ""functionName"": ""Feature.id""
})",-9999.0,"{""type"":""Point"",""coordinates"":[79.76096137204229,28.573130450965166]}",0.5407467396784967,0.49802026060625787,0.5565390729193891,0.8492945525562562,0,0,0.3883101571528159,0,0,0
,,,,,,,,466,12.403186050888523,291.59438510701267,0.9132369299221356,-0.7145135566188198,,7.0,79.65385437011719,166.41495418548584,310.8347110748291,512.7214488983154,0,319.0,"NL_ee.String({
  ""type"": ""Invocation"",
  ""arguments"": {
    ""element"": {
      ""type"": ""ArgumentRef"",
      ""value"": ""_MAPPING_VAR_0_0""
    }
  },
  ""functionName"": ""Feature.id""
})",-9999.0,"{""type"":""Point"",""coordinates"":[78.97092204290765,29.449211477162553]}",0.47864601327435474,0.5353808575948384,0.6062447977214912,1.0892266356908122,0,1,5.779884699714052,0,0,0
,,,,,,,,238,1.066369175289449,90.0,0.7428432799611839,-0.6465734586293834,,7.0,0.0,0.0,42.95392608642578,169.64553117752075,0,320.0,"NL_ee.String({
  ""type"": ""Invocation"",
  ""arguments"": {
    ""element"": {
      ""type"": ""ArgumentRef"",
      ""value"": ""_MAPPING_VAR_0_0""
    }
  },
  ""functionName"": ""Feature.id""
})",-9999.0,"{""type"":""Point"",""coordinates"":[76.63146130899885,29.580255319514652]}",0.0,0.0,0.25319809952127686,0.0,0,0,0.2537958637188889,0,0,0
,,,,,,,,1625,40.64417633552976,168.68750024812914,0.1320983169875287,-0.081800300821474,,4.0,53.79303359985352,108.29786682128906,202.6767454147339,445.5644540786743,0,321.0,"NL_ee.String({
  ""type"": ""Invocation"",
  ""arguments"": {
    ""element"": {
      ""type"": ""ArgumentRef"",
      ""value"": ""_MAPPING_VAR_0_0""
    }
  },
  ""functionName"": ""Feature.id""
})",-9999.0,"{""type"":""Point"",""coordinates"":[79.65301197655528,30.096323157841972]}",0.49671369509633734,0.5343379014680792,0.45487637884809096,1.0132321896340115,0,1,66.04678654523585,1,0,1
,,,,,,,,187,3.704791833671086,-0.0,0.5844544095665172,-0.5429403202328966,,7.0,0.0,0.0,0.0,132.6591968536377,0,322.0,"NL_ee.String({
  ""type"": ""Invocation"",
  ""arguments"": {
    ""element"": {
      ""type"": ""ArgumentRef"",
      ""value"": ""_MAPPING_VAR_0_0""
    }
  },
  ""functionName"": ""Feature.id""
})",-9999.0,"{""type"":""Point"",""coordinates"":[74.37745976318315,29.68506313701439]}",0.0,0.0,0.0,0.0,0,0,0.6927960728964931,0,1,0
,,,,,,,,4570,25.832931284950234,137.35903653843684,0.1382297551789077,-0.234981610134859,,9.0,1.1009728908538818,1.3211674690246582,2.406682848930359,2.406682848930359,0,323.0,"NL_ee.String({
  ""type"": ""Invocation"",
  ""arguments"": {
    ""element"": {
      ""type"": ""ArgumentRef"",
      ""value"": ""_MAPPING_VAR_0_0""
    }
  },
  ""functionName"": ""Feature.id""
})",-9999.0,"{""type"":""Point"",""coordinates"":[77.48649582773996,32.95154329362402]}",0.8333333333333334,0.5489578610708287,1.0,0.2,0,0,118.05649597222258,0,0,1
,,,,,,,,311,4.75574439519989,13.372609371530553,0.6900935476133365,-0.6205151793928243,,4.0,0.0,0.0,130.91115951538086,282.33096504211426,0,324.0,"NL_ee.String({
  ""type"": ""Invocation"",
  ""arguments"": {
    ""element"": {
      ""type"": ""ArgumentRef"",
      ""value"": ""_MAPPING_VAR_0_0""
    }
  },
  ""functionName"": ""Feature.id""
})",-9999.0,"{""type"":""Point"",""coordinates"":[73.46444444973685,32.72271431216179]}",0.0,0.0,0.46367977914095726,0.0,0,0,1.4790365069071656,0,1,0
,,,,,,,,3754,13.11218675005628,90.0,0.4528973777921657,-0.4389227316447579,,7.0,54.91130065917969,54.91130065917969,152.62398147583008,483.8656578063965,0,325.0,"NL_ee.String({
  ""type"": ""Invocation"",
  ""arguments"": {
    ""element"": {
      ""type"": ""ArgumentRef"",
      ""value"": ""_MAPPING_VAR_0_0""
    }
  },
  ""functionName"": ""Feature.id""
})",-9999.0,"{""type"":""Point"",""coordinates"":[74.50952774839098,33.49321233848229]}",1.0,0.35978160265643166,0.3154263564968641,0.0,0,1,49.22314905971127,0,0,0
,,,,,,,,3963,36.286893704533576,263.6709796005124,0.0692041522491349,-0.0564102564102564,,9.0,18.10835647583008,64.68140983581543,139.43825435638428,286.1183652877808,0,326.0,"NL_ee.String({
  ""type"": ""Invocation"",
  ""arguments"": {
    ""element"": {
      ""type"": ""ArgumentRef"",
      ""value"": ""_MAPPING_VAR_0_0""
    }
  },
  ""functionName"": ""Feature.id""
})",-9999.0,"{""type"":""Point"",""coordinates"":[80.43342245733994,30.102714202315514]}",0.2799623032614096,0.46387133957155674,0.4873446491843885,2.571909461918766,0,0,143.80495975106655,0,0,1
,,,,,,,,5317,30.85830715304312,285.71932549324833,0.0426356589147286,-0.150392017106201,,9.0,0.0,0.0,7.099470138549805,38.411972999572754,0,327.0,"NL_ee.String({
  ""type"": ""Invocation"",
  ""arguments"": {
    ""element"": {
      ""type"": ""ArgumentRef"",
      ""value"": ""_MAPPING_VAR_0_0""
    }
  },
  ""functionName"": ""Feature.id""
})",-9999.0,"{""type"":""Point"",""coordinates"":[78.8683382248958,32.39717433783562]}",0.0,0.0,0.18482440718753942,0.0,0,0,164.07361913273027,0,0,1
,,,,,,,,3515,12.960323155718832,50.72433254489637,0.8054818744473917,-0.703796412181894,,9.0,41.930171966552734,41.930171966552734,41.930171966552734,152.81922340393066,0,328.0,"NL_ee.String({
  ""type"": ""Invocation"",
  ""arguments"": {
    ""element"": {
      ""type"": ""ArgumentRef"",
      ""value"": ""_MAPPING_VAR_0_0""
    }
  },
  ""functionName"": ""Feature.id""
})",-9999.0,"{""type"":""Point"",""coordinates"":[74.31905447786444,35.136676252622884]}",1.0,1.0,0.27437760140766587,0.0,0,0,45.5555358923517,0,0,0
,,,,,,,,4940,21.636049497832914,49.23412336535059,0.0963855421686747,-0.1689723320158102,,9.0,13.578445434570312,13.578445434570312,21.44336748123169,76.7076187133789,0,329.0,"NL_ee.String({
  ""type"": ""Invocation"",
  ""arguments"": {
    ""element"": {
      ""type"": ""ArgumentRef"",
      ""value"": ""_MAPPING_VAR_0_0""
    }
  },
  ""functionName"": ""Feature.id""
})",-9999.0,"{""type"":""Point"",""coordinates"":[80.94144716185554,30.442371096941564]}",1.0,0.6332235571887135,0.2795467756775985,0.0,0,0,106.8820845192946,0,0,1
,,,,,,,,220,9.93445614468644,49.68684973955796,-0.0467914438502673,-0.007773851590106,,7.0,8.727043151855469,8.727043151855469,35.37909698486328,286.1278839111328,0,330.0,"NL_ee.String({
  ""type"": ""Invocation"",
  ""arguments"": {
    ""element"": {
      ""type"": ""ArgumentRef"",
      ""value"": ""_MAPPING_VAR_0_0""
    }
  },
  ""functionName"": ""Feature.id""
})",-9999.0,"{""type"":""Point"",""coordinates"":[74.64182837901963,31.955896044926348]}",1.0,0.2466722979274818,0.12364784760317704,0.0,0,0,2.1855803518310166,0,0,0
,,,,,,,,244,1.0914406904231375,270.0,0.4549583648750946,-0.358303886925795,,7.0,0.0,23.131004333496094,131.92715454101562,466.1805877685547,0,331.0,"NL_ee.String({
  ""type"": ""Invocation"",
  ""arguments"": {
    ""element"": {
      ""type"": ""ArgumentRef"",
      ""value"": ""_MAPPING_VAR_0_0""
    }
  },
  ""functionName"": ""Feature.id""
})",-9999.0,"{""type"":""Point"",""coordinates"":[75.06966471769071,31.822647555748052]}",0.0,0.17533163975203267,0.28299581321587264,0.0,0,1,0.2663115284632456,0,0,0
,,,,,,,,224,0.9274099368729608,180.0,0.3497234173325138,-0.2737819025522042,,7.0,9.402297019958496,15.394028186798096,35.443148612976074,234.62262058258057,0,332.0,"NL_ee.String({
  ""type"": ""Invocation"",
  ""arguments"": {
    ""element"": {
      ""type"": ""ArgumentRef"",
      ""value"": ""_MAPPING_VAR_0_0""
    }
  },
  ""functionName"": ""Feature.id""
})",-9999.0,"{""type"":""Point"",""coordinates"":[74.45129900344556,32.0931477349947]}",0.6107756141450941,0.4343301537595956,0.1510644989173202,0.6372624853395716,0,0,0.20773982585954323,0,0,0
,,,,,,,,226,1.4058766943996697,48.731248582241925,0.0694025347012673,-0.2184975073061715,,9.0,0.0,0.0,6.809905529022217,178.15495443344116,0,333.0,"NL_ee.String({
  ""type"": ""Invocation"",
  ""arguments"": {
    ""element"": {
      ""type"": ""ArgumentRef"",
      ""value"": ""_MAPPING_VAR_0_0""
    }
  },
  ""functionName"": ""Feature.id""
})",-9999.0,"{""type"":""Point"",""coordinates"":[74.9694740512695,28.651175849944856]}",0.0,0.0,0.03822462053148459,0.0,0,0,0.31772813293432534,0,0,0
,,,,,,,,4584,16.427245564220247,276.3043536922156,0.2035323801513877,-0.2552631578947368,,9.0,4.7729172706604,4.7729172706604,4.7729172706604,4.7729172706604,0,334.0,"NL_ee.String({
  ""type"": ""Invocation"",
  ""arguments"": {
    ""element"": {
      ""type"": ""ArgumentRef"",
      ""value"": ""_MAPPING_VAR_0_0""
    }
  },
  ""functionName"": ""Feature.id""
})",-9999.0,"{""type"":""Point"",""coordinates"":[77.85128346945636,34.04636641682221]}",1.0,1.0,1.0,0.0,0,0,75.3024936663856,0,0,0
,,,,,,,,5808,12.759832329454314,106.61448607543616,-0.0583171938885302,0.0450974687227233,,,0.0,0.0,0.0,12.201048851013184,0,335.0,"NL_ee.String({
  ""type"": ""Invocation"",
  ""arguments"": {
    ""element"": {
      ""type"": ""ArgumentRef"",
      ""value"": ""_MAPPING_VAR_0_0""
    }
  },
  ""functionName"": ""Feature.id""
})",-9999.0,"{""type"":""Point"",""coordinates"":[78.00733764133287,34.85828506217224]}",0.0,0.0,0.0,0.0,0,0,74.10910616947066,0,0,0
,,,,,,,,182,3.85080185606824,195.8510037409383,0.0903816112474894,-0.2199750312109862,,7.0,35.61666488647461,41.12693500518799,114.85114002227785,288.58375549316406,0,336.0,"NL_ee.String({
  ""type"": ""Invocation"",
  ""arguments"": {
    ""element"": {
      ""type"": ""ArgumentRef"",
      ""value"": ""_MAPPING_VAR_0_0""
    }
  },
  ""functionName"": ""Feature.id""
})",-9999.0,"{""type"":""Point"",""coordinates"":[78.45881289235547,28.298455142802126]}",0.8660179729411326,0.3580890446295138,0.39798199945803403,0.1547104462553398,0,0,0.7008459378044197,0,0,0
,,,,,,,,5347,32.443415554822515,65.95570560120113,0.0732893365751997,-0.2379807692307692,,9.0,2.734626054763794,13.344035863876345,13.344035863876345,46.265902280807495,0,337.0,"NL_ee.String({
  ""type"": ""Invocation"",
  ""arguments"": {
    ""element"": {
      ""type"": ""ArgumentRef"",
      ""value"": ""_MAPPING_VAR_0_0""
    }
  },
  ""functionName"": ""Feature.id""
})",-9999.0,"{""type"":""Point"",""coordinates"":[81.12453461994275,33.22323141819701]}",0.20493245691632944,1.0,0.28842052583100397,3.879656522189082,0,0,173.47494297163598,0,0,1
,,,,,,,,2968,26.74565347167236,227.5798357666483,0.8205736467543671,-0.6870503597122302,,7.0,20.29969787597656,36.48941802978516,52.67913818359375,190.07901763916016,0,338.0,"NL_ee.String({
  ""type"": ""Invocation"",
  ""arguments"": {
    ""element"": {
      ""type"": ""ArgumentRef"",
      ""value"": ""_MAPPING_VAR_0_0""
    }
  },
  ""functionName"": ""Feature.id""
})",-9999.0,"{""type"":""Point"",""coordinates"":[73.90651324137293,34.23424125645107]}",0.556317392056145,0.6926730255649727,0.2771433629965308,0.7975350299655514,0,0,79.38109950392355,0,0,0
,,,,,,,,2108,27.90396588821524,27.565845774632702,0.0589045814674474,-0.0019556714471968,,7.0,114.65503692626952,211.64684677124023,301.64379501342773,470.60147857666016,0,339.0,"NL_ee.String({
  ""type"": ""Invocation"",
  ""arguments"": {
    ""element"": {
      ""type"": ""ArgumentRef"",
      ""value"": ""_MAPPING_VAR_0_0""
    }
  },
  ""functionName"": ""Feature.id""
})",-9999.0,"{""type"":""Point"",""coordinates"":[78.03502005388255,30.827045870045247]}",0.5417280657632244,0.7016449543138082,0.6409750261001156,0.8459446043119991,1,1,58.82156009235772,0,1,1
,,,,,,,,2228,25.664647993692288,129.79843802533145,0.0981884609529608,-0.1113849946079186,,7.0,11.439860343933104,25.708713054656982,33.86416006088257,112.38894987106325,0,340.0,"NL_ee.String({
  ""type"": ""Invocation"",
  ""arguments"": {
    ""element"": {
      ""type"": ""ArgumentRef"",
      ""value"": ""_MAPPING_VAR_0_0""
    }
  },
  ""functionName"": ""Feature.id""
})",-9999.0,"{""type"":""Point"",""coordinates"":[75.26034664749878,33.5793522365118]}",0.444979891432599,0.7591717322513435,0.3013121850478431,1.247292561424587,0,0,57.180835729946416,0,0,1
,,,,,,,,231,4.429399071476514,102.06240813423456,0.4777998674618953,-0.4231014677728143,,7.0,0.0,0.0,27.512357711791992,216.58415985107425,0,341.0,"NL_ee.String({
  ""type"": ""Invocation"",
  ""arguments"": {
    ""element"": {
      ""type"": ""ArgumentRef"",
      ""value"": ""_MAPPING_VAR_0_0""
    }
  },
  ""functionName"": ""Feature.id""
})",-9999.0,"{""type"":""Point"",""coordinates"":[75.54360995787354,31.264256383788062]}",0.0,0.0,0.12702848505038322,0.0,0,0,1.0231911855110747,0,0,0
,,,,,,,,4001,15.932659380286536,164.57588195609387,0.0177690029615004,-0.0656330749354005,,9.0,24.880659103393555,24.880659103393555,24.880659103393555,44.89585304260254,0,342.0,"NL_ee.String({
  ""type"": ""Invocation"",
  ""arguments"": {
    ""element"": {
      ""type"": ""ArgumentRef"",
      ""value"": ""_MAPPING_VAR_0_0""
    }
  },
  ""functionName"": ""Feature.id""
})",-9999.0,"{""type"":""Point"",""coordinates"":[79.62000222021435,31.479332088115708]}",1.0,1.0,0.5541861311730466,0.0,0,0,63.74657018052643,0,0,0
,,,,,,,,198,2.1353907722111867,29.74030937679756,0.11643719190889,-0.1976659372720642,,6.0,0.0,0.0,9.03925323486328,138.2955985069275,0,343.0,"NL_ee.String({
  ""type"": ""Invocation"",
  ""arguments"": {
    ""element"": {
      ""type"": ""ArgumentRef"",
      ""value"": ""_MAPPING_VAR_0_0""
    }
  },
  ""functionName"": ""Feature.id""
})",-9999.0,"{""type"":""Point"",""coordinates"":[73.98706003329964,28.935878665952917]}",0.0,0.0,0.06536182881055673,0.0,0,0,0.42280737289781495,0,1,0
,,,,,,,,205,3.853617604787977,344.0017715804713,0.1194379391100702,-0.2355411954765751,,6.0,0.0,0.0,0.0,122.54569244384766,0,344.0,"NL_ee.String({
  ""type"": ""Invocation"",
  ""arguments"": {
    ""element"": {
      ""type"": ""ArgumentRef"",
      ""value"": ""_MAPPING_VAR_0_0""
    }
  },
  ""functionName"": ""Feature.id""
})",-9999.0,"{""type"":""Point"",""coordinates"":[74.87122088605088,29.313411423459005]}",0.0,0.0,0.0,0.0,0,0,0.7899916089815352,0,1,0
,,,,,,,,4844,4.281576524878885,310.44072059106225,0.0378548895899053,-0.0097186700767263,,9.0,26.71265316009521,35.61687088012695,35.61687088012695,63.7623233795166,0,345.0,"NL_ee.String({
  ""type"": ""Invocation"",
  ""arguments"": {
    ""element"": {
      ""type"": ""ArgumentRef"",
      ""value"": ""_MAPPING_VAR_0_0""
    }
  },
  ""functionName"": ""Feature.id""
})",-9999.0,"{""type"":""Point"",""coordinates"":[80.63500781944164,31.53815692599376]}",0.7499999999999999,1.0,0.5585880343182215,0.33333333333333354,0,0,20.739956686513317,0,0,0
,,,,,,,,5059,31.366085260307344,217.18816730870088,0.0068027210884353,-0.0521327014218009,,9.0,0.0,0.0,0.0,0.0,0,346.0,"NL_ee.String({
  ""type"": ""Invocation"",
  ""arguments"": {
    ""element"": {
      ""type"": ""ArgumentRef"",
      ""value"": ""_MAPPING_VAR_0_0""
    }
  },
  ""functionName"": ""Feature.id""
})",-9999.0,"{""type"":""Point"",""coordinates"":[77.58088740260327,33.41094535295688]}",0.0,0.0,0.0,0.0,0,0,158.68102533189483,0,0,1
,,,,,,,,4579,6.1977148772790125,243.4358837842044,0.1403762662807525,-0.2389937106918239,,9.0,0.0,0.0,0.0,0.0,0,347.0,"NL_ee.String({
  ""type"": ""Invocation"",
  ""arguments"": {
    ""element"": {
      ""type"": ""ArgumentRef"",
      ""value"": ""_MAPPING_VAR_0_0""
    }
  },
  ""functionName"": ""Feature.id""
})",-9999.0,"{""type"":""Point"",""coordinates"":[79.49731715024173,33.560707055441014]}",0.0,0.0,0.0,0.0,0,0,28.3793364230606,0,0,0
,,,,,,,,231,1.0976126555361372,90.0,0.3562559694364852,-0.2948328267477204,,7.0,0.0,0.0,69.43671417236328,222.11734580993647,0,348.0,"NL_ee.String({
  ""type"": ""Invocation"",
  ""arguments"": {
    ""element"": {
      ""type"": ""ArgumentRef"",
      ""value"": ""_MAPPING_VAR_0_0""
    }
  },
  ""functionName"": ""Feature.id""
})",-9999.0,"{""type"":""Point"",""coordinates"":[74.23218154135778,32.33828009835013]}",0.0,0.0,0.3126127494418179,0.0,0,0,0.2535485234288477,0,0,0
,,,,,,,,5471,37.84925942436849,283.24724302891786,0.0952380952380952,-0.1982892690513219,,9.0,0.0,0.0,0.0,0.0,0,349.0,"NL_ee.String({
  ""type"": ""Invocation"",
  ""arguments"": {
    ""element"": {
      ""type"": ""ArgumentRef"",
      ""value"": ""_MAPPING_VAR_0_0""
    }
  },
  ""functionName"": ""Feature.id""
})",-9999.0,"{""type"":""Point"",""coordinates"":[78.90310889125294,33.41925990169656]}",0.0,0.0,0.0,0.0,0,0,207.07329831072002,0,0,1
,,,,,,,,3202,21.887821843442325,337.9323729351787,-0.0133049494411921,0.034375,,7.0,86.2699966430664,132.6828651428223,212.62826251983645,379.4777994155884,0,350.0,"NL_ee.String({
  ""type"": ""Invocation"",
  ""arguments"": {
    ""element"": {
      ""type"": ""ArgumentRef"",
      ""value"": ""_MAPPING_VAR_0_0""
    }
  },
  ""functionName"": ""Feature.id""
})",-9999.0,"{""type"":""Point"",""coordinates"":[78.46515875585968,30.909082258382416]}",0.6501969681631745,0.624013306464582,0.5603180550938496,0.5379954828534949,0,0,70.08480554270233,0,1,1
,,,,,,,,5633,20.04330468568132,167.4655025764508,-0.0089086859688195,-0.0748792270531401,,9.0,0.0,0.0,0.0,0.0,0,351.0,"NL_ee.String({
  ""type"": ""Invocation"",
  ""arguments"": {
    ""element"": {
      ""type"": ""ArgumentRef"",
      ""value"": ""_MAPPING_VAR_0_0""
    }
  },
  ""functionName"": ""Feature.id""
})",-9999.0,"{""type"":""Point"",""coordinates"":[80.8530316175841,35.13509343892867]}",0.0,0.0,0.0,0.0,0,0,112.90393529444289,0,0,1
,,,,,,,,5703,15.443727869824244,83.2700862578791,-0.0973389355742296,0.1051718153418951,,9.0,4.161513805389404,4.161513805389404,8.751707553863525,30.39265298843384,0,352.0,"NL_ee.String({
  ""type"": ""Invocation"",
  ""arguments"": {
    ""element"": {
      ""type"": ""ArgumentRef"",
      ""value"": ""_MAPPING_VAR_0_0""
    }
  },
  ""functionName"": ""Feature.id""
})",-9999.0,"{""type"":""Point"",""coordinates"":[81.00915066299156,34.308150743200905]}",1.0,0.4755087826891866,0.28795470922508987,0.0,0,0,88.07558004160767,0,0,0
,,,,,,,,1318,20.40819429307784,58.52659889180888,0.2475836431226765,-0.2248175182481751,,7.0,50.91232299804688,88.62203025817871,163.48945426940918,377.9031972885132,0,353.0,"NL_ee.String({
  ""type"": ""Invocation"",
  ""arguments"": {
    ""element"": {
      ""type"": ""ArgumentRef"",
      ""value"": ""_MAPPING_VAR_0_0""
    }
  },
  ""functionName"": ""Feature.id""
})",-9999.0,"{""type"":""Point"",""coordinates"":[79.91861978909778,29.86162624838705]}",0.57448833940868,0.5420657292802582,0.4326225748881184,0.7406793687567245,0,0,26.898000078276592,0,0,1
,,,,,,,,5092,2.168948897987418,328.74162733126457,0.1218346870520783,-0.2047203694202155,,9.0,0.0,0.0,0.0,2.6909064054489136,0,354.0,"NL_ee.String({
  ""type"": ""Invocation"",
  ""arguments"": {
    ""element"": {
      ""type"": ""ArgumentRef"",
      ""value"": ""_MAPPING_VAR_0_0""
    }
  },
  ""functionName"": ""Feature.id""
})",-9999.0,"{""type"":""Point"",""coordinates"":[80.14473611493,34.54270577642083]}",0.0,0.0,0.0,0.0,0,0,11.044287788551932,0,1,0
,,,,,,,,251,1.8543341688295631,-0.0,0.5052754982415005,-0.546366920915295,,6.0,0.0,0.0,15.961512565612791,163.08270502090454,0,355.0,"NL_ee.String({
  ""type"": ""Invocation"",
  ""arguments"": {
    ""element"": {
      ""type"": ""ArgumentRef"",
      ""value"": ""_MAPPING_VAR_0_0""
    }
  },
  ""functionName"": ""Feature.id""
})",-9999.0,"{""type"":""Point"",""coordinates"":[75.985135131384,28.52606750524988]}",0.0,0.0,0.0978737295507012,0.0,0,0,0.46543787637622036,0,1,0
,,,,,,,,5104,6.73679166259765,303.24099133480087,-0.0342910101946246,0.0466605672461116,,,0.0,0.0,0.0,0.0,0,356.0,"NL_ee.String({
  ""type"": ""Invocation"",
  ""arguments"": {
    ""element"": {
      ""type"": ""ArgumentRef"",
      ""value"": ""_MAPPING_VAR_0_0""
    }
  },
  ""functionName"": ""Feature.id""
})",-9999.0,"{""type"":""Point"",""coordinates"":[76.98673754529788,34.989749259308404]}",0.0,0.0,0.0,0.0,0,0,34.3845846458984,0,0,0
,,,,,,,,1917,28.34256948871881,187.9674385321973,0.2683775554588952,-0.2288242730720606,,4.0,42.879539489746094,88.15942573547363,185.9395532608032,375.8624391555786,0,357.0,"NL_ee.String({
  ""type"": ""Invocation"",
  ""arguments"": {
    ""element"": {
      ""type"": ""ArgumentRef"",
      ""value"": ""_MAPPING_VAR_0_0""
    }
  },
  ""functionName"": ""Feature.id""
})",-9999.0,"{""type"":""Point"",""coordinates"":[79.65935590685166,29.99836690293614]}",0.4863863294482895,0.4741294909524664,0.49470107648569345,1.055978837099112,0,0,54.332705709873956,1,0,1
,,,,,,,,4732,41.10028825179408,285.0574131935498,0.11438127090301,-0.1287262872628726,,,16.25702667236328,16.25702667236328,66.82974529266357,163.5693416595459,0,358.0,"NL_ee.String({
  ""type"": ""Invocation"",
  ""arguments"": {
    ""element"": {
      ""type"": ""ArgumentRef"",
      ""value"": ""_MAPPING_VAR_0_0""
    }
  },
  ""functionName"": ""Feature.id""
})",-9999.0,"{""type"":""Point"",""coordinates"":[80.69761538818754,30.149382452014486]}",1.0,0.24326034165130872,0.40857134114877935,0.0,0,0,194.4865640074896,0,0,1
,,,,,,,,244,7.734697683105268,326.5415566011491,0.8359433258762118,-0.7975176441956681,,4.0,0.0,5.816544532775879,38.82087802886963,176.60855531692505,0,359.0,"NL_ee.String({
  ""type"": ""Invocation"",
  ""arguments"": {
    ""element"": {
      ""type"": ""ArgumentRef"",
      ""value"": ""_MAPPING_VAR_0_0""
    }
  },
  ""functionName"": ""Feature.id""
})",-9999.0,"{""type"":""Point"",""coordinates"":[76.41516268825227,30.151942544522374]}",0.0,0.14983031884158657,0.2198131226383985,0.0,0,0,1.8872662346776854,0,1,0
,,,,,,,,199,2.115940322832061,90.0,0.6306954436450839,-0.5127919911012235,,7.0,70.3663444519043,116.34601211547852,212.56604385375977,346.6240329742432,0,360.0,"NL_ee.String({
  ""type"": ""Invocation"",
  ""arguments"": {
    ""element"": {
      ""type"": ""ArgumentRef"",
      ""value"": ""_MAPPING_VAR_0_0""
    }
  },
  ""functionName"": ""Feature.id""
})",-9999.0,"{""type"":""Point"",""coordinates"":[79.79702237378648,28.803995829934102]}",0.6048023750230701,0.5473405347635002,0.6132466985333214,0.6534326604816244,0,0,0.4210721242435801,0,0,0
,,,,,,,,4960,6.450773205955176,210.79207685060692,0.1660482374768089,-0.2359882005899705,,9.0,8.0438232421875,43.828731536865234,43.828731536865234,140.3572940826416,0,361.0,"NL_ee.String({
  ""type"": ""Invocation"",
  ""arguments"": {
    ""element"": {
      ""type"": ""ArgumentRef"",
      ""value"": ""_MAPPING_VAR_0_0""
    }
  },
  ""functionName"": ""Feature.id""
})",-9999.0,"{""type"":""Point"",""coordinates"":[80.95875868928049,32.96284185426608]}",0.18352854303852434,1.0,0.3122654353186598,4.448743740040975,0,0,31.995835101537676,0,0,0
,,,,,,,,238,4.245644644753303,270.0,0.8092446448703495,-0.7315494173500215,,7.0,0.0,0.0,47.50678253173828,226.51441287994385,0,362.0,"NL_ee.String({
  ""type"": ""Invocation"",
  ""arguments"": {
    ""element"": {
      ""type"": ""ArgumentRef"",
      ""value"": ""_MAPPING_VAR_0_0""
    }
  },
  ""functionName"": ""Feature.id""
})",-9999.0,"{""type"":""Point"",""coordinates"":[77.24258839624694,29.28130533378613]}",0.0,0.0,0.20972962350487434,0.0,0,0,1.010463425451286,0,0,0
,,,,,,,,215,3.8517484800901394,195.9006712602552,0.7341405633061332,-0.6966263198557816,,7.0,11.98300838470459,22.65799236297608,62.84107494354248,236.26129245758057,0,363.0,"NL_ee.String({
  ""type"": ""Invocation"",
  ""arguments"": {
    ""element"": {
      ""type"": ""ArgumentRef"",
      ""value"": ""_MAPPING_VAR_0_0""
    }
  },
  ""functionName"": ""Feature.id""
})",-9999.0,"{""type"":""Point"",""coordinates"":[77.61221905498263,28.646636407741777]}",0.5288645257152274,0.3605602288524252,0.2659812544402518,0.8908434038899036,0,0,0.82812592321938,0,0,0
,,,,,,,,5482,28.93434828560108,52.05284481140501,0.065158858373721,-0.0680345572354211,,,58.49071502685547,58.49071502685547,92.59201049804688,127.20608139038086,0,364.0,"NL_ee.String({
  ""type"": ""Invocation"",
  ""arguments"": {
    ""element"": {
      ""type"": ""ArgumentRef"",
      ""value"": ""_MAPPING_VAR_0_0""
    }
  },
  ""functionName"": ""Feature.id""
})",-9999.0,"{""type"":""Point"",""coordinates"":[78.5757999654699,31.34299095792381]}",1.0,0.6317036935718041,0.7278898106600158,0.0,0,0,158.6180973016651,0,0,1
,,,,,,,,1746,18.99395117685708,95.3970845938117,0.2525906735751295,-0.2497576736672051,,7.0,75.69304847717285,88.30855655670166,145.16837406158447,200.6836128234864,0,365.0,"NL_ee.String({
  ""type"": ""Invocation"",
  ""arguments"": {
    ""element"": {
      ""type"": ""ArgumentRef"",
      ""value"": ""_MAPPING_VAR_0_0""
    }
  },
  ""functionName"": ""Feature.id""
})",-9999.0,"{""type"":""Point"",""coordinates"":[77.34961413293145,31.756899777533175]}",0.8571428571428571,0.6083181486846351,0.7233693474975906,0.16666666666666666,0,0,33.163438754792466,0,0,0
,,,,,,,,4423,2.2078095102581727,90.0,0.2598282873926796,-0.2678490222828558,,9.0,0.0,0.0,0.0,11.354389190673828,0,366.0,"NL_ee.String({
  ""type"": ""Invocation"",
  ""arguments"": {
    ""element"": {
      ""type"": ""ArgumentRef"",
      ""value"": ""_MAPPING_VAR_0_0""
    }
  },
  ""functionName"": ""Feature.id""
})",-9999.0,"{""type"":""Point"",""coordinates"":[79.55561471656179,32.88379678574659]}",0.0,0.0,0.0,0.0,0,0,9.765141463871897,0,0,0
,,,,,,,,2395,54.70205862240392,84.07961874301358,-0.0003226847370119,0.0294486215538847,,9.0,56.93193054199219,56.93193054199219,93.798583984375,191.3901643753052,0,367.0,"NL_ee.String({
  ""type"": ""Invocation"",
  ""arguments"": {
    ""element"": {
      ""type"": ""ArgumentRef"",
      ""value"": ""_MAPPING_VAR_0_0""
    }
  },
  ""functionName"": ""Feature.id""
})",-9999.0,"{""type"":""Point"",""coordinates"":[78.03972741066704,31.49991577225422]}",1.0,0.6069593817266573,0.4900909317390068,0.0,0,0,131.0114304006574,0,0,1
,,,,,,,,189,2.32854064945821,246.54086220270412,0.6261476312890195,-0.5690999291282778,,6.0,0.0,0.0,0.0,157.51364994049072,0,368.0,"NL_ee.String({
  ""type"": ""Invocation"",
  ""arguments"": {
    ""element"": {
      ""type"": ""ArgumentRef"",
      ""value"": ""_MAPPING_VAR_0_0""
    }
  },
  ""functionName"": ""Feature.id""
})",-9999.0,"{""type"":""Point"",""coordinates"":[74.48044743907,29.78106285826151]}",0.0,0.0,0.0,0.0,0,0,0.44009418274760176,0,0,0
,,,,,,,,186,1.4058178229024356,48.72914211497997,0.2723112128146453,-0.19121585431173,,7.0,54.27982521057129,99.23021221160889,195.95355033874512,347.988883972168,0,369.0,"NL_ee.String({
  ""type"": ""Invocation"",
  ""arguments"": {
    ""element"": {
      ""type"": ""ArgumentRef"",
      ""value"": ""_MAPPING_VAR_0_0""
    }
  },
  ""functionName"": ""Feature.id""
})",-9999.0,"{""type"":""Point"",""coordinates"":[79.72253649055067,28.643298270854455]}",0.547009061059139,0.5063966028687386,0.5631029017421643,0.8281232820234519,0,0,0.261482115059853,0,0,0
,,,,,,,,2223,28.01360089813146,234.68161368742184,-0.0577053632043448,0.0734312416555407,,7.0,77.13571166992188,184.2388706207276,267.51547622680664,386.6504554748535,0,370.0,"NL_ee.String({
  ""type"": ""Invocation"",
  ""arguments"": {
    ""element"": {
      ""type"": ""ArgumentRef"",
      ""value"": ""_MAPPING_VAR_0_0""
    }
  },
  ""functionName"": ""Feature.id""
})",-9999.0,"{""type"":""Point"",""coordinates"":[77.42275996846197,30.94260573401691]}",0.41867229977062076,0.688703596589399,0.6918793769381838,1.3885028948604268,0,0,62.27423479654624,0,0,1
,,,,,,,,249,2.780288515528756,-0.0,0.234313725490196,-0.2403940886699507,,7.0,0.0,0.0,0.0,98.48865127563477,0,371.0,"NL_ee.String({
  ""type"": ""Invocation"",
  ""arguments"": {
    ""element"": {
      ""type"": ""ArgumentRef"",
      ""value"": ""_MAPPING_VAR_0_0""
    }
  },
  ""functionName"": ""Feature.id""
})",-9999.0,"{""type"":""Point"",""coordinates"":[75.8224771712663,30.85452242235671]}",0.0,0.0,0.0,0.0,0,0,0.6922918403666602,0,1,0
,,,,,,,,1674,21.893978796049367,76.01407949088872,0.3942407292314067,-0.33983675094565,,7.0,77.95890808105469,113.8232593536377,190.22679615020752,348.4603662490845,0,372.0,"NL_ee.String({
  ""type"": ""Invocation"",
  ""arguments"": {
    ""element"": {
      ""type"": ""ArgumentRef"",
      ""value"": ""_MAPPING_VAR_0_0""
    }
  },
  ""functionName"": ""Feature.id""
})",-9999.0,"{""type"":""Point"",""coordinates"":[80.03707129535074,29.339020113841663]}",0.6849119285790615,0.5983555506226378,0.5459065494244205,0.46004173423381545,0,0,36.65052050458664,0,0,0
,,,,,,,,261,2.303461982312274,113.73042176643604,0.5213013168086754,-0.4850661625708884,,6.0,0.0,0.0,0.0,181.64653873443604,0,373.0,"NL_ee.String({
  ""type"": ""Invocation"",
  ""arguments"": {
    ""element"": {
      ""type"": ""ArgumentRef"",
      ""value"": ""_MAPPING_VAR_0_0""
    }
  },
  ""functionName"": ""Feature.id""
})",-9999.0,"{""type"":""Point"",""coordinates"":[75.18489388330485,28.453129124264386]}",0.0,0.0,0.0,0.0,0,0,0.6012035773835036,0,0,0
,,,,,,,,3943,13.351459384680869,318.6128640148041,0.020440251572327,-0.0446680080482897,,7.0,6.883545398712158,9.314614295959473,19.156668186187744,112.81381845474245,0,374.0,"NL_ee.String({
  ""type"": ""Invocation"",
  ""arguments"": {
    ""element"": {
      ""type"": ""ArgumentRef"",
      ""value"": ""_MAPPING_VAR_0_0""
    }
  },
  ""functionName"": ""Feature.id""
})",-9999.0,"{""type"":""Point"",""coordinates"":[75.18357714512128,34.380784095901205]}",0.7390048777111606,0.4862335248190734,0.16980781652978824,0.3531710414377659,0,0,52.644804353796665,0,1,0
,,,,,,,,212,1.0949562367855992,270.0,0.2606446478312773,-0.3882559158632778,,7.0,0.0,0.0,49.80463409423828,178.7902956008911,0,375.0,"NL_ee.String({
  ""type"": ""Invocation"",
  ""arguments"": {
    ""element"": {
      ""type"": ""ArgumentRef"",
      ""value"": ""_MAPPING_VAR_0_0""
    }
  },
  ""functionName"": ""Feature.id""
})",-9999.0,"{""type"":""Point"",""coordinates"":[73.90434179112557,32.11808105107317]}",0.0,0.0,0.27856452682094035,0.0,0,0,0.23213072219854702,0,0,0
,,,,,,,,392,1.8543341688414128,180.0,0.5815991237677984,-0.501039501039501,,4.0,63.96409130096436,168.44659996032715,263.0204620361328,496.88648986816406,0,376.0,"NL_ee.String({
  ""type"": ""Invocation"",
  ""arguments"": {
    ""element"": {
      ""type"": ""ArgumentRef"",
      ""value"": ""_MAPPING_VAR_0_0""
    }
  },
  ""functionName"": ""Feature.id""
})",-9999.0,"{""type"":""Point"",""coordinates"":[78.47241583878807,29.75105906062252]}",0.37972919201710986,0.6404315415474654,0.529337117026302,1.6334556863748888,0,1,0.7268989941858338,0,0,0
,,,,,,,,420,4.958587709788608,318.27266574913176,0.7458563535911602,-0.6308058753473601,,7.0,0.0,105.8844108581543,195.8336334228516,515.2869453430176,0,377.0,"NL_ee.String({
  ""type"": ""Invocation"",
  ""arguments"": {
    ""element"": {
      ""type"": ""ArgumentRef"",
      ""value"": ""_MAPPING_VAR_0_0""
    }
  },
  ""functionName"": ""Feature.id""
})",-9999.0,"{""type"":""Point"",""coordinates"":[74.9125865796968,32.75709778924012]}",0.0,0.5406855247868714,0.3800477291201091,0.0,0,1,2.0826068381112153,0,1,0
,,,,,,,,5870,19.491258816984,264.75181608002083,0.0987388495847431,-0.2249657064471879,,9.0,0.0,2.1704349517822266,2.1704349517822266,63.82944488525391,0,378.0,"NL_ee.String({
  ""type"": ""Invocation"",
  ""arguments"": {
    ""element"": {
      ""type"": ""ArgumentRef"",
      ""value"": ""_MAPPING_VAR_0_0""
    }
  },
  ""functionName"": ""Feature.id""
})",-9999.0,"{""type"":""Point"",""coordinates"":[80.03526727517767,34.23919959893296]}",0.0,1.0,0.03400366328869088,0.0,0,0,114.41368925569608,0,0,0
,,,,,,,,5034,40.143467287962416,157.11880657040746,0.0481283422459893,-0.1411935953420669,,9.0,1.1009728908538818,1.3211674690246582,2.406682848930359,2.406682848930359,0,379.0,"NL_ee.String({
  ""type"": ""Invocation"",
  ""arguments"": {
    ""element"": {
      ""type"": ""ArgumentRef"",
      ""value"": ""_MAPPING_VAR_0_0""
    }
  },
  ""functionName"": ""Feature.id""
})",-9999.0,"{""type"":""Point"",""coordinates"":[77.51648990023419,32.94437804515466]}",0.8333333333333334,0.5489578610708287,1.0,0.2,0,0,202.0822143276028,0,0,1
,,,,,,,,282,12.422781998368103,42.703880022791246,0.0325732899022801,-0.0346797225622195,,7.0,66.99127960205078,164.97141456604004,238.1104612350464,479.2501659393311,0,380.0,"NL_ee.String({
  ""type"": ""Invocation"",
  ""arguments"": {
    ""element"": {
      ""type"": ""ArgumentRef"",
      ""value"": ""_MAPPING_VAR_0_0""
    }
  },
  ""functionName"": ""Feature.id""
})",-9999.0,"{""type"":""Point"",""coordinates"":[77.84529405707201,29.907080746016547]}",0.40607810618750173,0.6928356432151527,0.49683960102204555,1.462580436528784,0,1,3.503224523539805,0,1,0
,,,,,,,,5354,7.10455184525174,112.93192583966773,0.1615091140313692,-0.2638376383763837,,9.0,0.0,0.0,5.593915939331055,9.66335105895996,0,381.0,"NL_ee.String({
  ""type"": ""Invocation"",
  ""arguments"": {
    ""element"": {
      ""type"": ""ArgumentRef"",
      ""value"": ""_MAPPING_VAR_0_0""
    }
  },
  ""functionName"": ""Feature.id""
})",-9999.0,"{""type"":""Point"",""coordinates"":[80.20195890752566,32.2049915390482]}",0.0,0.0,0.5788795113827845,0.0,0,0,38.037770579477815,0,0,0
,,,,,,,,4306,11.578063248328212,50.793741208093415,0.011063829787234,-0.0889092575618698,,,16.751340866088867,16.751340866088867,37.117820739746094,58.393489360809326,0,382.0,"NL_ee.String({
  ""type"": ""Invocation"",
  ""arguments"": {
    ""element"": {
      ""type"": ""ArgumentRef"",
      ""value"": ""_MAPPING_VAR_0_0""
    }
  },
  ""functionName"": ""Feature.id""
})",-9999.0,"{""type"":""Point"",""coordinates"":[74.96568179664501,35.33713495735692]}",1.0,0.4513018418711038,0.6356499867716013,0.0,0,0,49.85514034730127,0,0,0
,,,,,,,,1202,35.542695742336846,355.5475111855916,0.8903553299492386,-0.7557755775577558,,7.0,36.37858486175537,55.98357105255127,120.06252002716064,187.57833194732663,0,383.0,"NL_ee.String({
  ""type"": ""Invocation"",
  ""arguments"": {
    ""element"": {
      ""type"": ""ArgumentRef"",
      ""value"": ""_MAPPING_VAR_0_0""
    }
  },
  ""functionName"": ""Feature.id""
})",-9999.0,"{""type"":""Point"",""coordinates"":[81.3688699644055,28.882189797444344]}",0.6498082236948965,0.46628682323081855,0.6400660395086308,0.53891558083686,0,0,42.72232028228889,1,1,0
,,,,,,,,320,1.4212488435000517,229.2730563496936,0.0781633368384157,0.0512029611351017,,7.0,0.0,107.11147689819336,175.19174575805664,334.2980766296387,0,384.0,"NL_ee.String({
  ""type"": ""Invocation"",
  ""arguments"": {
    ""element"": {
      ""type"": ""ArgumentRef"",
      ""value"": ""_MAPPING_VAR_0_0""
    }
  },
  ""functionName"": ""Feature.id""
})",-9999.0,"{""type"":""Point"",""coordinates"":[76.93422846140739,30.576051397418247]}",0.0,0.6113956821123095,0.5240584915244596,0.0,0,0,0.4547996299200165,0,0,0
,,,,,,,,256,2.1389234326654725,29.905678852698987,0.1741854636591478,-0.0751577739529546,,7.0,47.32334518432617,75.45825386047363,180.05459690093994,440.7488660812378,0,385.0,"NL_ee.String({
  ""type"": ""Invocation"",
  ""arguments"": {
    ""element"": {
      ""type"": ""ArgumentRef"",
      ""value"": ""_MAPPING_VAR_0_0""
    }
  },
  ""functionName"": ""Feature.id""
})",-9999.0,"{""type"":""Point"",""coordinates"":[77.8558819322191,29.619268209182515]}",0.6271460411982178,0.4190854060892889,0.4085197053411198,0.5945249340798068,0,1,0.547564398762361,0,1,0
,,,,,,,,861,40.541384562030686,273.2548465204192,0.5745007680491552,-0.5298507462686567,,7.0,49.62056350708008,68.18395805358887,148.41236305236816,270.82314014434814,0,386.0,"NL_ee.String({
  ""type"": ""Invocation"",
  ""arguments"": {
    ""element"": {
      ""type"": ""ArgumentRef"",
      ""value"": ""_MAPPING_VAR_0_0""
    }
  },
  ""functionName"": ""Feature.id""
})",-9999.0,"{""type"":""Point"",""coordinates"":[80.77824424555487,29.30906536433751]}",0.7277454246361149,0.45942235977692614,0.5480047346517904,0.37410688703404354,0,0,34.90613210790842,1,0,0
,,,,,,,,4266,41.186940398207554,182.58681189138213,0.0205761316872428,-0.0570058604155567,,9.0,2.7146403789520264,2.7146403789520264,2.7146403789520264,2.7146403789520264,0,387.0,"NL_ee.String({
  ""type"": ""Invocation"",
  ""arguments"": {
    ""element"": {
      ""type"": ""ArgumentRef"",
      ""value"": ""_MAPPING_VAR_0_0""
    }
  },
  ""functionName"": ""Feature.id""
})",-9999.0,"{""type"":""Point"",""coordinates"":[76.339404336585,34.937137376384634]}",1.0,1.0,1.0,0.0,0,0,175.70348773875344,0,0,1
,,,,,,,,256,1.8543341688295631,-0.0,0.7068965517241379,-0.5800498753117207,,7.0,0.0,18.4406681060791,74.05257606506348,320.2844791412353,0,388.0,"NL_ee.String({
  ""type"": ""Invocation"",
  ""arguments"": {
    ""element"": {
      ""type"": ""ArgumentRef"",
      ""value"": ""_MAPPING_VAR_0_0""
    }
  },
  ""functionName"": ""Feature.id""
})",-9999.0,"{""type"":""Point"",""coordinates"":[77.23001513591781,29.731319535088886]}",0.0,0.2490212911685464,0.23120875623950743,0.0,0,0,0.4747095472203682,0,1,0
,,,,,,,,3999,52.44027123071095,354.77935081939546,0.364034319733847,-0.3456555536362066,,9.0,0.0,14.87889003753662,29.75778007507324,85.49595832824707,0,389.0,"NL_ee.String({
  ""type"": ""Invocation"",
  ""arguments"": {
    ""element"": {
      ""type"": ""ArgumentRef"",
      ""value"": ""_MAPPING_VAR_0_0""
    }
  },
  ""functionName"": ""Feature.id""
})",-9999.0,"{""type"":""Point"",""coordinates"":[73.71173771298362,34.83168661951938]}",0.0,0.5,0.3480606645851415,0.0,0,0,209.70864465161307,0,1,0
,,,,,,,,249,2.103095101682696,90.0,0.0415973377703826,0.0038192234245703,,9.0,1.440030813217163,1.440030813217163,1.440030813217163,136.95715594291687,0,390.0,"NL_ee.String({
  ""type"": ""Invocation"",
  ""arguments"": {
    ""element"": {
      ""type"": ""ArgumentRef"",
      ""value"": ""_MAPPING_VAR_0_0""
    }
  },
  ""functionName"": ""Feature.id""
})",-9999.0,"{""type"":""Point"",""coordinates"":[73.91227009136959,28.160543490715234]}",1.0,1.0,0.01051446201042143,0.0,0,0,0.5236706803189913,0,0,0
,,,,,,,,5004,0.0,-0.0,-0.0251603354711396,0.0670443814919735,,,0.0,2.1740477085113525,2.1740477085113525,6.457751274108887,0,391.0,"NL_ee.String({
  ""type"": ""Invocation"",
  ""arguments"": {
    ""element"": {
      ""type"": ""ArgumentRef"",
      ""value"": ""_MAPPING_VAR_0_0""
    }
  },
  ""functionName"": ""Feature.id""
})",-9999.0,"{""type"":""Point"",""coordinates"":[80.50928856563527,34.58631135786689]}",0.0,1.0,0.33665708328343014,0.0,0,0,0.0,0,1,0
,,,,,,,,196,0.9274099368670312,-0.0,0.0751597972228344,-0.19091796875,,7.0,0.0,0.0,0.0,177.06987762451172,0,392.0,"NL_ee.String({
  ""type"": ""Invocation"",
  ""arguments"": {
    ""element"": {
      ""type"": ""ArgumentRef"",
      ""value"": ""_MAPPING_VAR_0_0""
    }
  },
  ""functionName"": ""Feature.id""
})",-9999.0,"{""type"":""Point"",""coordinates"":[73.83632325579492,31.350550972085824]}",0.0,0.0,0.0,0.0,0,0,0.18177234762593814,0,1,0
,,,,,,,,4582,29.820907178334288,231.58785551919777,-0.0015698587127158,0.0046948356807511,,9.0,0.0,0.0,0.0,0.0,0,393.0,"NL_ee.String({
  ""type"": ""Invocation"",
  ""arguments"": {
    ""element"": {
      ""type"": ""ArgumentRef"",
      ""value"": ""_MAPPING_VAR_0_0""
    }
  },
  ""functionName"": ""Feature.id""
})",-9999.0,"{""type"":""Point"",""coordinates"":[78.21267723402576,34.0063019583701]}",0.0,0.0,0.0,0.0,0,0,136.6393966911277,0,0,1
,,,,,,,,5000,2.164278929438986,31.05390814574349,-0.1045932484781405,0.1085399449035812,,,10.082964420318604,10.082964420318604,10.082964420318604,88.03087854385376,0,394.0,"NL_ee.String({
  ""type"": ""Invocation"",
  ""arguments"": {
    ""element"": {
      ""type"": ""ArgumentRef"",
      ""value"": ""_MAPPING_VAR_0_0""
    }
  },
  ""functionName"": ""Feature.id""
})",-9999.0,"{""type"":""Point"",""coordinates"":[76.50178675287361,33.863408029400496]}",1.0,1.0,0.11453895027635831,0.0,0,0,10.821394647194932,0,1,0
,,,,,,,,210,3.861339444902041,163.6057026237553,0.9304865938430984,-0.8602870813397129,,4.0,8.646622657775879,8.646622657775879,8.646622657775879,208.11267185211184,0,395.0,"NL_ee.String({
  ""type"": ""Invocation"",
  ""arguments"": {
    ""element"": {
      ""type"": ""ArgumentRef"",
      ""value"": ""_MAPPING_VAR_0_0""
    }
  },
  ""functionName"": ""Feature.id""
})",-9999.0,"{""type"":""Point"",""coordinates"":[73.99145367631107,31.816400245274295]}",1.0,1.0,0.041547795147814474,0.0,0,0,0.8108812834294287,0,0,0
,,,,,,,,182,2.979182415954264,338.9281180675619,0.5465430668211665,-0.5501355013550135,,7.0,0.0,0.0,0.0,149.56164932250977,0,396.0,"NL_ee.String({
  ""type"": ""Invocation"",
  ""arguments"": {
    ""element"": {
      ""type"": ""ArgumentRef"",
      ""value"": ""_MAPPING_VAR_0_0""
    }
  },
  ""functionName"": ""Feature.id""
})",-9999.0,"{""type"":""Point"",""coordinates"":[74.09888245134105,30.103811806034035]}",0.0,0.0,0.0,0.0,0,0,0.5422111997036761,0,1,0
,,,,,,,,190,3.1729621219066284,270.0,0.4420131291028446,-0.388098999473407,,7.0,51.04053497314453,85.2858567237854,169.9416699409485,347.7938504219055,0,397.0,"NL_ee.String({
  ""type"": ""Invocation"",
  ""arguments"": {
    ""element"": {
      ""type"": ""ArgumentRef"",
      ""value"": ""_MAPPING_VAR_0_0""
    }
  },
  ""functionName"": ""Feature.id""
})",-9999.0,"{""type"":""Point"",""coordinates"":[79.15917859737111,28.832110534331022]}",0.5984642346790171,0.5018537051767269,0.4886275871030894,0.670943628797374,0,0,0.6028628031622594,0,0,0
,,,,,,,,294,2.157717855341913,210.763068946071,0.616201531242282,-0.5529188419553868,,4.0,50.22099304199219,50.22099304199219,166.38616180419922,364.0454559326172,0,398.0,"NL_ee.String({
  ""type"": ""Invocation"",
  ""arguments"": {
    ""element"": {
      ""type"": ""ArgumentRef"",
      ""value"": ""_MAPPING_VAR_0_0""
    }
  },
  ""functionName"": ""Feature.id""
})",-9999.0,"{""type"":""Point"",""coordinates"":[74.03045757301771,32.861100351738976]}",1.0,0.30183395360181164,0.4570477644830056,0.0,0,0,0.6343690494705224,0,0,0
,,,,,,,,581,8.158643138343052,109.7999952947226,-0.0376202974628171,0.059427105600684,,7.0,0.0,87.9968490600586,195.9499111175537,594.3005886077881,0,399.0,"NL_ee.String({
  ""type"": ""Invocation"",
  ""arguments"": {
    ""element"": {
      ""type"": ""ArgumentRef"",
      ""value"": ""_MAPPING_VAR_0_0""
    }
  },
  ""functionName"": ""Feature.id""
})",-9999.0,"{""type"":""Point"",""coordinates"":[74.96751310484721,32.85427344471737]}",0.0,0.44907828004712785,0.3297151557204193,0.0,0,1,4.740171663377313,0,0,0
,,,,,,,,4412,50.161883171151096,236.3773156026316,0.0064254311802502,0.0178217821782178,,9.0,0.0,0.0,0.0,19.70376205444336,0,400.0,"NL_ee.String({
  ""type"": ""Invocation"",
  ""arguments"": {
    ""element"": {
      ""type"": ""ArgumentRef"",
      ""value"": ""_MAPPING_VAR_0_0""
    }
  },
  ""functionName"": ""Feature.id""
})",-9999.0,"{""type"":""Point"",""coordinates"":[76.73043023502318,34.19206643756843]}",0.0,0.0,0.0,0.0,0,0,221.31422855111865,0,0,1
,,,,,,,,5353,43.62498447631286,106.7818163261038,0.0735607675906183,-0.2273004265691651,,9.0,0.0,0.0,0.0,0.0,0,401.0,"NL_ee.String({
  ""type"": ""Invocation"",
  ""arguments"": {
    ""element"": {
      ""type"": ""ArgumentRef"",
      ""value"": ""_MAPPING_VAR_0_0""
    }
  },
  ""functionName"": ""Feature.id""
})",-9999.0,"{""type"":""Point"",""coordinates"":[78.66978481151779,35.311751381915954]}",0.0,0.0,0.0,0.0,0,0,233.52454190170272,0,0,1
,,,,,,,,3880,19.832361339191923,350.91004139080934,0.0182232346241457,-0.0842935112189205,,9.0,24.91032218933105,24.91032218933105,24.91032218933105,24.91032218933105,0,402.0,"NL_ee.String({
  ""type"": ""Invocation"",
  ""arguments"": {
    ""element"": {
      ""type"": ""ArgumentRef"",
      ""value"": ""_MAPPING_VAR_0_0""
    }
  },
  ""functionName"": ""Feature.id""
})",-9999.0,"{""type"":""Point"",""coordinates"":[79.66004467438006,31.537054138333357]}",1.0,1.0,1.0,0.0,0,0,76.94956199606466,0,1,0
,,,,,,,,5517,34.08696102009351,332.26082383800014,0.0091519219035997,-0.1213559322033898,,9.0,0.0,0.0,0.0,0.0,0,403.0,"NL_ee.String({
  ""type"": ""Invocation"",
  ""arguments"": {
    ""element"": {
      ""type"": ""ArgumentRef"",
      ""value"": ""_MAPPING_VAR_0_0""
    }
  },
  ""functionName"": ""Feature.id""
})",-9999.0,"{""type"":""Point"",""coordinates"":[80.08978368505937,34.68469341220414]}",0.0,0.0,0.0,0.0,0,0,188.0577639478559,0,1,1
,,,,,,,,235,1.0669714877195484,270.0,0.7452285841100754,-0.6510602561410875,,7.0,9.33234691619873,9.33234691619873,48.08448553085327,177.73991632461548,0,404.0,"NL_ee.String({
  ""type"": ""Invocation"",
  ""arguments"": {
    ""element"": {
      ""type"": ""ArgumentRef"",
      ""value"": ""_MAPPING_VAR_0_0""
    }
  },
  ""functionName"": ""Feature.id""
})",-9999.0,"{""type"":""Point"",""coordinates"":[76.49025430814189,29.6371728091398]}",1.0,0.19408228689918408,0.27053284667375516,0.0,0,0,0.2507382996140939,0,0,0
,,,,,,,,5121,20.47889934207093,226.09083740427016,0.0782608695652174,-0.1994472593274988,,9.0,0.0,0.0,10.136954307556152,36.72685241699219,0,405.0,"NL_ee.String({
  ""type"": ""Invocation"",
  ""arguments"": {
    ""element"": {
      ""type"": ""ArgumentRef"",
      ""value"": ""_MAPPING_VAR_0_0""
    }
  },
  ""functionName"": ""Feature.id""
})",-9999.0,"{""type"":""Point"",""coordinates"":[80.46076661505134,32.61602595961279]}",0.0,0.0,0.27600934031760777,0.0,0,0,104.87244353074524,0,0,1
,,,,,,,,5345,5.007457005670645,222.35365813716336,0.0718954248366013,-0.1910614525139664,,11.0,0.0,0.0,0.0,0.0,0,406.0,"NL_ee.String({
  ""type"": ""Invocation"",
  ""arguments"": {
    ""element"": {
      ""type"": ""ArgumentRef"",
      ""value"": ""_MAPPING_VAR_0_0""
    }
  },
  ""functionName"": ""Feature.id""
})",-9999.0,"{""type"":""Point"",""coordinates"":[79.33559863019346,34.644969435516714]}",0.0,0.0,0.0,0.0,0,0,26.764857695309598,0,0,0
,,,,,,,,160,1.0630367678678614,270.0,0.0904370402423193,-0.2407680945347119,,7.0,0.0,0.0,0.0,103.2176923751831,0,407.0,"NL_ee.String({
  ""type"": ""Invocation"",
  ""arguments"": {
    ""element"": {
      ""type"": ""ArgumentRef"",
      ""value"": ""_MAPPING_VAR_0_0""
    }
  },
  ""functionName"": ""Feature.id""
})",-9999.0,"{""type"":""Point"",""coordinates"":[73.49354364505481,29.262356665456817]}",0.0,0.0,0.0,0.0,0,0,0.1700858828588578,0,0,0
,,,,,,,,4089,21.382151849943256,228.5850432736221,0.1033766233766233,-0.1865921787709497,,9.0,0.0,0.0,0.0,9.175837516784668,0,408.0,"NL_ee.String({
  ""type"": ""Invocation"",
  ""arguments"": {
    ""element"": {
      ""type"": ""ArgumentRef"",
      ""value"": ""_MAPPING_VAR_0_0""
    }
  },
  ""functionName"": ""Feature.id""
})",-9999.0,"{""type"":""Point"",""coordinates"":[76.90940744166441,34.21312713745348]}",0.0,0.0,0.0,0.0,0,0,87.43161891441797,0,0,1
,,,,,,,,5316,20.94117066363658,59.4956210777181,0.2123045890065557,-0.2910848549946294,,9.0,0.0,0.0,0.0,0.0,0,409.0,"NL_ee.String({
  ""type"": ""Invocation"",
  ""arguments"": {
    ""element"": {
      ""type"": ""ArgumentRef"",
      ""value"": ""_MAPPING_VAR_0_0""
    }
  },
  ""functionName"": ""Feature.id""
})",-9999.0,"{""type"":""Point"",""coordinates"":[78.58684419263886,33.42297242615694]}",0.0,0.0,0.0,0.0,0,0,111.32326324789206,0,0,1
,,,,,,,,5566,18.54937290634118,39.47777369666605,0.0546334716459197,-0.1762437331276513,,9.0,0.0,11.025721073150637,11.025721073150637,36.48428392410278,0,410.0,"NL_ee.String({
  ""type"": ""Invocation"",
  ""arguments"": {
    ""element"": {
      ""type"": ""ArgumentRef"",
      ""value"": ""_MAPPING_VAR_0_0""
    }
  },
  ""functionName"": ""Feature.id""
})",-9999.0,"{""type"":""Point"",""coordinates"":[80.65376180453313,33.4192315062863]}",0.0,1.0,0.302204672458068,0.0,0,0,103.24580959669501,0,1,0
,,,,,,,,4654,36.4300467854906,9.262571247586376,-0.0220770738079686,-0.0005346164127238,,9.0,0.0,23.556686401367188,82.96585845947266,213.5114822387696,0,411.0,"NL_ee.String({
  ""type"": ""Invocation"",
  ""arguments"": {
    ""element"": {
      ""type"": ""ArgumentRef"",
      ""value"": ""_MAPPING_VAR_0_0""
    }
  },
  ""functionName"": ""Feature.id""
})",-9999.0,"{""type"":""Point"",""coordinates"":[73.52992699608708,35.15794994960114]}",0.0,0.2839322926173808,0.3885779705594103,0.0,0,0,169.54543773967328,0,1,1
,,,,,,,,143,1.8543341688414128,-0.0,0.7230142566191446,-0.5917215428033866,,7.0,50.62840080261231,122.71532440185548,223.6339755058289,392.77833795547485,0,412.0,"NL_ee.String({
  ""type"": ""Invocation"",
  ""arguments"": {
    ""element"": {
      ""type"": ""ArgumentRef"",
      ""value"": ""_MAPPING_VAR_0_0""
    }
  },
  ""functionName"": ""Feature.id""
})",-9999.0,"{""type"":""Point"",""coordinates"":[81.3513994029661,28.199451266741235]}",0.4125678765010607,0.5487329200506789,0.5693643307059869,1.4238435829781066,0,0,0.265169786144322,0,1,0
,,,,,,,,4874,31.99266235162575,218.97714160003903,-0.003076923076923,-0.0741815167840862,,9.0,0.1901462227106094,0.1901462227106094,0.1901462227106094,106.44025303423405,0,413.0,"NL_ee.String({
  ""type"": ""Invocation"",
  ""arguments"": {
    ""element"": {
      ""type"": ""ArgumentRef"",
      ""value"": ""_MAPPING_VAR_0_0""
    }
  },
  ""functionName"": ""Feature.id""
})",-9999.0,"{""type"":""Point"",""coordinates"":[75.7037925565442,34.51919004315036]}",1.0,1.0,0.0017864127272363142,0.0,0,0,155.9322363018239,0,0,1
,,,,,,,,209,1.0788090319944912,270.0,0.3992395437262357,-0.3544733861834654,,4.0,0.0,19.687191009521484,26.553948402404785,266.21308422088623,0,414.0,"NL_ee.String({
  ""type"": ""Invocation"",
  ""arguments"": {
    ""element"": {
      ""type"": ""ArgumentRef"",
      ""value"": ""_MAPPING_VAR_0_0""
    }
  },
  ""functionName"": ""Feature.id""
})",-9999.0,"{""type"":""Point"",""coordinates"":[74.88615898681552,30.724654221631408]}",0.0,0.7414035273089018,0.09974696953802636,0.0,0,0,0.22547108768684865,0,0,0
,,,,,,,,172,2.345377108658833,293.28057038986066,0.3093877551020408,-0.362786745964316,,7.0,0.0,0.0,0.0,83.32978677749634,0,415.0,"NL_ee.String({
  ""type"": ""Invocation"",
  ""arguments"": {
    ""element"": {
      ""type"": ""ArgumentRef"",
      ""value"": ""_MAPPING_VAR_0_0""
    }
  },
  ""functionName"": ""Feature.id""
})",-9999.0,"{""type"":""Point"",""coordinates"":[73.60709309762927,30.62385050635257]}",0.0,0.0,0.0,0.0,0,0,0.4034048626893193,0,0,0
,,,,,,,,214,3.713140278132056,240.074554832215,0.73602957164601,-0.6730930427493713,,4.0,0.0,0.0,0.0,167.25487804412842,0,416.0,"NL_ee.String({
  ""type"": ""Invocation"",
  ""arguments"": {
    ""element"": {
      ""type"": ""ArgumentRef"",
      ""value"": ""_MAPPING_VAR_0_0""
    }
  },
  ""functionName"": ""Feature.id""
})",-9999.0,"{""type"":""Point"",""coordinates"":[75.0439704750014,30.296647514741768]}",0.0,0.0,0.0,0.0,0,0,0.79461201952026,0,0,0
,,,,,,,,4720,33.41677518104915,275.6319374296163,0.0723751274209989,-0.2095429721184248,,9.0,0.0,6.873413562774658,6.873413562774658,35.1152720451355,0,417.0,"NL_ee.String({
  ""type"": ""Invocation"",
  ""arguments"": {
    ""element"": {
      ""type"": ""ArgumentRef"",
      ""value"": ""_MAPPING_VAR_0_0""
    }
  },
  ""functionName"": ""Feature.id""
})",-9999.0,"{""type"":""Point"",""coordinates"":[80.35214161450165,33.04784670028672]}",0.0,1.0,0.1957385821741577,0.0,0,0,157.727178854552,0,0,1
,,,,,,,,246,3.51429396142073,37.74288835542592,0.2955398082534389,-0.275338530980714,,7.0,0.0,0.0,0.0,154.49042129516602,0,418.0,"NL_ee.String({
  ""type"": ""Invocation"",
  ""arguments"": {
    ""element"": {
      ""type"": ""ArgumentRef"",
      ""value"": ""_MAPPING_VAR_0_0""
    }
  },
  ""functionName"": ""Feature.id""
})",-9999.0,"{""type"":""Point"",""coordinates"":[75.84222724289295,30.54478154311457]}",0.0,0.0,0.0,0.0,0,0,0.8645163145094996,0,1,0
,,,,,,,,5193,13.043373616315543,69.55073575710169,0.0183815761673357,-0.0345567718394505,,9.0,0.0,0.0,0.0,5.354196548461914,0,419.0,"NL_ee.String({
  ""type"": ""Invocation"",
  ""arguments"": {
    ""element"": {
      ""type"": ""ArgumentRef"",
      ""value"": ""_MAPPING_VAR_0_0""
    }
  },
  ""functionName"": ""Feature.id""
})",-9999.0,"{""type"":""Point"",""coordinates"":[77.3942580657715,34.88265132633328]}",0.0,0.0,0.0,0.0,0,0,67.73423918952662,0,0,0
,,,,,,,,4255,24.56158093191485,343.00631339859973,0.1026252983293556,-0.1815856777493606,,9.0,7.773389339447021,7.773389339447021,7.773389339447021,7.773389339447021,0,420.0,"NL_ee.String({
  ""type"": ""Invocation"",
  ""arguments"": {
    ""element"": {
      ""type"": ""ArgumentRef"",
      ""value"": ""_MAPPING_VAR_0_0""
    }
  },
  ""functionName"": ""Feature.id""
})",-9999.0,"{""type"":""Point"",""coordinates"":[79.25432390625095,31.968981450027954]}",1.0,1.0,1.0,0.0,0,0,104.50952686529769,0,1,1
,,,,,,,,262,2.972503899726309,200.7346012371843,0.1947069943289225,-0.2915531335149863,,6.0,1.782705545425415,4.544208288192749,7.49739670753479,153.64441323280334,0,421.0,"NL_ee.String({
  ""type"": ""Invocation"",
  ""arguments"": {
    ""element"": {
      ""type"": ""ArgumentRef"",
      ""value"": ""_MAPPING_VAR_0_0""
    }
  },
  ""functionName"": ""Feature.id""
})",-9999.0,"{""type"":""Point"",""coordinates"":[74.33141395285932,28.29350955479701]}",0.3923027802351033,0.6061048208407962,0.04879706687528345,1.5490515244391323,0,0,0.778796021728293,0,0,0
,,,,,,,,4874,28.72282159171783,44.85036195530766,0.0553935860058309,-0.1407563025210084,,9.0,0.0,0.0,0.0,0.0,0,422.0,"NL_ee.String({
  ""type"": ""Invocation"",
  ""arguments"": {
    ""element"": {
      ""type"": ""ArgumentRef"",
      ""value"": ""_MAPPING_VAR_0_0""
    }
  },
  ""functionName"": ""Feature.id""
})",-9999.0,"{""type"":""Point"",""coordinates"":[77.51749866223942,33.102364908524144]}",0.0,0.0,0.0,0.0,0,0,139.9950324380327,0,1,1
,,,,,,,,4744,15.115734718870604,38.82373246653295,0.2492073557387444,-0.3483915126625599,,9.0,16.15907859802246,16.15907859802246,16.15907859802246,64.22214221954346,0,423.0,"NL_ee.String({
  ""type"": ""Invocation"",
  ""arguments"": {
    ""element"": {
      ""type"": ""ArgumentRef"",
      ""value"": ""_MAPPING_VAR_0_0""
    }
  },
  ""functionName"": ""Feature.id""
})",-9999.0,"{""type"":""Point"",""coordinates"":[80.79592295000752,30.646558387802994]}",1.0,1.0,0.25161226392577557,0.0,0,0,71.70904550632214,0,1,0
,,,,,,,,4364,8.617055572544492,309.8611593598227,0.05788876276958,-0.1664580725907384,,9.0,0.0,0.0,6.305729389190674,13.2862229347229,0,424.0,"NL_ee.String({
  ""type"": ""Invocation"",
  ""arguments"": {
    ""element"": {
      ""type"": ""ArgumentRef"",
      ""value"": ""_MAPPING_VAR_0_0""
    }
  },
  ""functionName"": ""Feature.id""
})",-9999.0,"{""type"":""Point"",""coordinates"":[79.41850173820166,33.386264681304425]}",0.0,0.0,0.47460662222601696,0.0,0,0,37.604830518584166,0,0,0
,,,,,,,,206,1.4085243327856063,311.17426874705734,0.4414310444316214,-0.4033707865168539,,7.0,67.47741794586182,117.22347354888916,223.830023765564,419.96496963500977,0,425.0,"NL_ee.String({
  ""type"": ""Invocation"",
  ""arguments"": {
    ""element"": {
      ""type"": ""ArgumentRef"",
      ""value"": ""_MAPPING_VAR_0_0""
    }
  },
  ""functionName"": ""Feature.id""
})",-9999.0,"{""type"":""Point"",""coordinates"":[78.92373527843743,28.997560558437574]}",0.5756305960147113,0.5237164861835835,0.532973080969334,0.7372252394562486,0,1,0.2901560125538349,0,0,0
,,,,,,,,200,2.3076463203614863,293.6847094836521,0.9155251141552512,-0.7593709043250327,,7.0,57.90267181396485,98.98194122314452,208.85147380828852,359.21793270111084,0,426.0,"NL_ee.String({
  ""type"": ""Invocation"",
  ""arguments"": {
    ""element"": {
      ""type"": ""ArgumentRef"",
      ""value"": ""_MAPPING_VAR_0_0""
    }
  },
  ""functionName"": ""Feature.id""
})",-9999.0,"{""type"":""Point"",""coordinates"":[79.8912312625778,28.681633882284885]}",0.5849821805720024,0.47393460729898046,0.5814060345981237,0.7094537803223141,0,0,0.4615292640722973,0,0,0
,,,,,,,,4909,4.256785844682667,49.27321864997046,-0.0033222591362126,0.0254466702761234,,9.0,0.0,0.0,15.786755561828612,57.88218021392822,0,427.0,"NL_ee.String({
  ""type"": ""Invocation"",
  ""arguments"": {
    ""element"": {
      ""type"": ""ArgumentRef"",
      ""value"": ""_MAPPING_VAR_0_0""
    }
  },
  ""functionName"": ""Feature.id""
})",-9999.0,"{""type"":""Point"",""coordinates"":[80.49539525314754,30.576504157510858]}",0.0,0.0,0.27273947704599133,0.0,0,0,20.89656171154721,0,0,0
,,,,,,,,566,5.707116515887096,229.6159487009179,0.8842669624699575,-0.7524071526822559,,4.0,38.29076385498047,213.7825164794922,289.7705383300781,486.8557014465332,0,428.0,"NL_ee.String({
  ""type"": ""Invocation"",
  ""arguments"": {
    ""element"": {
      ""type"": ""ArgumentRef"",
      ""value"": ""_MAPPING_VAR_0_0""
    }
  },
  ""functionName"": ""Feature.id""
})",-9999.0,"{""type"":""Point"",""coordinates"":[76.43054460754927,31.724357816989425]}",0.17911082948007884,0.7377648456309667,0.5951877270187436,4.583135329688273,0,1,3.230227947992096,0,0,0
,,,,,,,,244,2.3064639220535663,113.69760830504676,0.5419956927494616,-0.5042016806722689,,6.0,0.0,0.0,0.0,179.88920211791992,0,429.0,"NL_ee.String({
  ""type"": ""Invocation"",
  ""arguments"": {
    ""element"": {
      ""type"": ""ArgumentRef"",
      ""value"": ""_MAPPING_VAR_0_0""
    }
  },
  ""functionName"": ""Feature.id""
})",-9999.0,"{""type"":""Point"",""coordinates"":[75.72578595397108,28.617359489185883]}",0.0,0.0,0.0,0.0,0,0,0.5627771969810702,0,0,0
,,,,,,,,4565,28.96074289977592,5.997862290593613,0.0219839142091152,-0.0364328439369222,,9.0,2.3680124282836914,2.3680124282836914,2.3680124282836914,8.14755892753601,0,430.0,"NL_ee.String({
  ""type"": ""Invocation"",
  ""arguments"": {
    ""element"": {
      ""type"": ""ArgumentRef"",
      ""value"": ""_MAPPING_VAR_0_0""
    }
  },
  ""functionName"": ""Feature.id""
})",-9999.0,"{""type"":""Point"",""coordinates"":[78.87955182862038,32.880508851676865]}",1.0,1.0,0.29064072433776517,0.0,0,0,132.20579133747708,0,1,1
,,,,,,,,5294,30.350131169401937,185.57277084416293,0.1312309257375381,-0.3113207547169811,,9.0,31.89715003967285,31.89715003967285,31.89715003967285,49.18767356872559,0,431.0,"NL_ee.String({
  ""type"": ""Invocation"",
  ""arguments"": {
    ""element"": {
      ""type"": ""ArgumentRef"",
      ""value"": ""_MAPPING_VAR_0_0""
    }
  },
  ""functionName"": ""Feature.id""
})",-9999.0,"{""type"":""Point"",""coordinates"":[79.21352121889694,31.3419930075913]}",1.0,1.0,0.648478525724657,0.0,0,0,160.67359441081385,0,0,1
,,,,,,,,4086,21.32833781972461,354.2756413910477,0.0099140779907468,0.0201987816607887,,7.0,39.96363830566406,39.96363830566406,123.2622413635254,428.1315040588379,0,432.0,"NL_ee.String({
  ""type"": ""Invocation"",
  ""arguments"": {
    ""element"": {
      ""type"": ""ArgumentRef"",
      ""value"": ""_MAPPING_VAR_0_0""
    }
  },
  ""functionName"": ""Feature.id""
})",-9999.0,"{""type"":""Point"",""coordinates"":[74.50115451195158,33.765675592761355]}",1.0,0.3242163850307019,0.28790743076591147,0.0,0,1,87.14758833139476,0,1,1
,,,,,,,,209,2.349511642250552,293.2371470126288,0.5489576753000631,-0.429737609329446,,7.0,0.0,17.704991817474365,23.602635860443115,269.8579068183899,0,433.0,"NL_ee.String({
  ""type"": ""Invocation"",
  ""arguments"": {
    ""element"": {
      ""type"": ""ArgumentRef"",
      ""value"": ""_MAPPING_VAR_0_0""
    }
  },
  ""functionName"": ""Feature.id""
})",-9999.0,"{""type"":""Point"",""coordinates"":[74.95174650112013,30.825149757066637]}",0.0,0.7501277366714403,0.0874631992025615,0.0,0,0,0.49104793323036533,0,0,0
,,,,,,,,5330,40.669825258994784,113.30600054608618,0.0378171373863092,-0.1089514066496163,,9.0,0.0,0.0,0.0,5.081440448760986,0,434.0,"NL_ee.String({
  ""type"": ""Invocation"",
  ""arguments"": {
    ""element"": {
      ""type"": ""ArgumentRef"",
      ""value"": ""_MAPPING_VAR_0_0""
    }
  },
  ""functionName"": ""Feature.id""
})",-9999.0,"{""type"":""Point"",""coordinates"":[78.09584613065384,32.746599575991794]}",0.0,0.0,0.0,0.0,0,0,216.7701686304422,0,0,1
,,,,,,,,242,0.0,-0.0,0.8256787099408043,-0.7353511835467598,,7.0,36.091346740722656,67.06983757019043,175.31805896759033,449.57096576690674,0,435.0,"NL_ee.String({
  ""type"": ""Invocation"",
  ""arguments"": {
    ""element"": {
      ""type"": ""ArgumentRef"",
      ""value"": ""_MAPPING_VAR_0_0""
    }
  },
  ""functionName"": ""Feature.id""
})",-9999.0,"{""type"":""Point"",""coordinates"":[77.9283513895876,29.352949277670394]}",0.5381159109406232,0.3825609179405135,0.38996748526347036,0.8583356850608754,0,1,0.0,0,1,0
,,,,,,,,232,1.4102735411571357,48.88788392262092,0.3426695842450766,-0.3368191721132897,,7.0,76.09484195709229,144.36085510253906,267.31779861450195,463.2187204360962,0,436.0,"NL_ee.String({
  ""type"": ""Invocation"",
  ""arguments"": {
    ""element"": {
      ""type"": ""ArgumentRef"",
      ""value"": ""_MAPPING_VAR_0_0""
    }
  },
  ""functionName"": ""Feature.id""
})",-9999.0,"{""type"":""Point"",""coordinates"":[78.8770903665631,29.222967717039175]}",0.5271154836471588,0.5400345800046085,0.5770876409373875,0.8971174837834611,0,1,0.32718346154845546,0,0,0
,,,,,,,,4991,11.266335056793045,43.000899014284165,0.0942557918121231,-0.2248667850799289,,9.0,3.307206630706787,6.614413261413574,9.668883085250854,43.93936228752136,0,437.0,"NL_ee.String({
  ""type"": ""Invocation"",
  ""arguments"": {
    ""element"": {
      ""type"": ""ArgumentRef"",
      ""value"": ""_MAPPING_VAR_0_0""
    }
  },
  ""functionName"": ""Feature.id""
})",-9999.0,"{""type"":""Point"",""coordinates"":[81.36193331895159,33.48402894487761]}",0.5,0.6840927957339104,0.2200506011439494,1.0,0,0,56.230278268454086,0,1,0
,,,,,,,,190,1.0575175199925784,270.0,0.5934323690383112,-0.4903107861060329,,7.0,65.3854751586914,108.95342636108398,207.31235122680664,350.7656021118164,0,438.0,"NL_ee.String({
  ""type"": ""Invocation"",
  ""arguments"": {
    ""element"": {
      ""type"": ""ArgumentRef"",
      ""value"": ""_MAPPING_VAR_0_0""
    }
  },
  ""functionName"": ""Feature.id""
})",-9999.0,"{""type"":""Point"",""coordinates"":[79.80521010206384,28.723740408692784]}",0.6001231658561755,0.5255520267670173,0.5910281680377542,0.6663246095046734,0,0,0.20092832879858988,0,0,0
,,,,,,,,236,2.372735244058508,292.9963052957492,0.3891771682727946,-0.311406578026592,,7.0,0.0,0.0,87.63365936279297,399.63633728027344,0,439.0,"NL_ee.String({
  ""type"": ""Invocation"",
  ""arguments"": {
    ""element"": {
      ""type"": ""ArgumentRef"",
      ""value"": ""_MAPPING_VAR_0_0""
    }
  },
  ""functionName"": ""Feature.id""
})",-9999.0,"{""type"":""Point"",""coordinates"":[75.01931830628573,31.91891368586304]}",0.0,0.0,0.21928351150244285,0.0,0,0,0.5599655175978079,0,0,0
,,,,,,,,5345,10.157721752532982,6.355834402261591,0.0786516853932584,-0.2145492883500263,,9.0,0.0,0.0,0.0,0.0,0,440.0,"NL_ee.String({
  ""type"": ""Invocation"",
  ""arguments"": {
    ""element"": {
      ""type"": ""ArgumentRef"",
      ""value"": ""_MAPPING_VAR_0_0""
    }
  },
  ""functionName"": ""Feature.id""
})",-9999.0,"{""type"":""Point"",""coordinates"":[78.40107853685102,35.2986622469792]}",0.0,0.0,0.0,0.0,0,0,54.29302276728879,0,1,0
,,,,,,,,4878,3.254889596210642,270.0,0.0073505912432086,-0.0210560414642047,,9.0,46.23123550415039,46.23123550415039,63.47930335998535,102.56662559509276,0,441.0,"NL_ee.String({
  ""type"": ""Invocation"",
  ""arguments"": {
    ""element"": {
      ""type"": ""ArgumentRef"",
      ""value"": ""_MAPPING_VAR_0_0""
    }
  },
  ""functionName"": ""Feature.id""
})",-9999.0,"{""type"":""Point"",""coordinates"":[78.66742714000065,31.357290475812988]}",1.0,0.7282883248100135,0.6189079829006531,0.0,0,0,15.877351450315514,0,0,0
,,,,,,,,5338,32.11470179737288,328.3311720979621,0.02803738317757,-0.1356170811825434,,9.0,0.0,0.0,0.0,0.0,0,442.0,"NL_ee.String({
  ""type"": ""Invocation"",
  ""arguments"": {
    ""element"": {
      ""type"": ""ArgumentRef"",
      ""value"": ""_MAPPING_VAR_0_0""
    }
  },
  ""functionName"": ""Feature.id""
})",-9999.0,"{""type"":""Point"",""coordinates"":[79.13946796592893,33.372113391284614]}",0.0,0.0,0.0,0.0,0,0,171.42827819437645,0,1,1
,,,,,,,,3223,12.659208502481665,200.4610396115393,0.0339359340310815,-0.0805435863440503,,9.0,0.0,0.0,0.0,4.722776412963867,0,443.0,"NL_ee.String({
  ""type"": ""Invocation"",
  ""arguments"": {
    ""element"": {
      ""type"": ""ArgumentRef"",
      ""value"": ""_MAPPING_VAR_0_0""
    }
  },
  ""functionName"": ""Feature.id""
})",-9999.0,"{""type"":""Point"",""coordinates"":[77.7561082803448,34.44498000344602]}",0.0,0.0,0.0,0.0,0,0,40.80062900349841,0,0,0
,,,,,,,,521,1.0913586306875895,270.0,-0.100966344551816,0.0985633144002672,,4.0,0.0,197.39337921142572,318.7350158691406,576.6830024719238,0,444.0,"NL_ee.String({
  ""type"": ""Invocation"",
  ""arguments"": {
    ""element"": {
      ""type"": ""ArgumentRef"",
      ""value"": ""_MAPPING_VAR_0_0""
    }
  },
  ""functionName"": ""Feature.id""
})",-9999.0,"{""type"":""Point"",""coordinates"":[75.97845643267488,31.815787417414107]}",0.0,0.6193024593584887,0.5527040237060887,0.0,0,1,0.5685978465882341,0,0,0
,,,,,,,,160,1.4179633634644595,310.8413864127377,0.8645701242708598,-0.8279462953754351,,7.0,0.0,0.0,0.0,109.1120262145996,0,445.0,"NL_ee.String({
  ""type"": ""Invocation"",
  ""arguments"": {
    ""element"": {
      ""type"": ""ArgumentRef"",
      ""value"": ""_MAPPING_VAR_0_0""
    }
  },
  ""functionName"": ""Feature.id""
})",-9999.0,"{""type"":""Point"",""coordinates"":[73.48925423655031,30.18150303661052]}",0.0,0.0,0.0,0.0,0,0,0.22687413815431354,0,0,0
,,,,,,,,4961,27.94063593341322,280.55189880351713,0.1568848758465011,-0.2693498452012384,,9.0,3.311264991760254,6.622529983520508,6.622529983520508,19.728276252746586,0,446.0,"NL_ee.String({
  ""type"": ""Invocation"",
  ""arguments"": {
    ""element"": {
      ""type"": ""ArgumentRef"",
      ""value"": ""_MAPPING_VAR_0_0""
    }
  },
  ""functionName"": ""Feature.id""
})",-9999.0,"{""type"":""Point"",""coordinates"":[80.2024790290907,33.04486542303311]}",0.5,1.0,0.3356872084857649,1.0,0,0,138.61349486566297,0,0,1
,,,,,,,,212,1.4102648604390418,131.11242399389408,0.0730566919929865,-0.1539912005028284,,7.0,0.0,1.058125615119934,8.444821953773499,199.9459167718888,0,447.0,"NL_ee.String({
  ""type"": ""Invocation"",
  ""arguments"": {
    ""element"": {
      ""type"": ""ArgumentRef"",
      ""value"": ""_MAPPING_VAR_0_0""
    }
  },
  ""functionName"": ""Feature.id""
})",-9999.0,"{""type"":""Point"",""coordinates"":[75.6344323751524,29.22156025853049]}",0.0,0.12529874767189372,0.04223553093813812,0.0,0,0,0.2989761504130769,0,0,0
,,,,,,,,4740,46.14214779779064,354.5714254037861,0.0242587601078167,-0.0291130670277589,,9.0,0.0,0.0,0.0,2.7724497318267822,0,448.0,"NL_ee.String({
  ""type"": ""Invocation"",
  ""arguments"": {
    ""element"": {
      ""type"": ""ArgumentRef"",
      ""value"": ""_MAPPING_VAR_0_0""
    }
  },
  ""functionName"": ""Feature.id""
})",-9999.0,"{""type"":""Point"",""coordinates"":[77.99866842891213,34.70441934437098]}",0.0,0.0,0.0,0.0,0,0,218.71378056152764,0,1,1
,,,,,,,,3707,11.933660712143157,185.3062149148826,-0.0415679019483147,0.0699579242636746,,9.0,0.0,7.967431545257568,15.934863090515137,273.0970335006714,0,449.0,"NL_ee.String({
  ""type"": ""Invocation"",
  ""arguments"": {
    ""element"": {
      ""type"": ""ArgumentRef"",
      ""value"": ""_MAPPING_VAR_0_0""
    }
  },
  ""functionName"": ""Feature.id""
})",-9999.0,"{""type"":""Point"",""coordinates"":[76.05499812914331,34.08283747200807]}",0.0,0.5,0.05834872274610761,0.0,0,0,44.23808025991468,0,0,0
,,,,,,,,204,0.9274099368670312,180.0,0.7996146435452793,-0.6978388204403151,,7.0,31.722883224487305,40.76275825500488,109.33967590332033,333.5471577644348,0,450.0,"NL_ee.String({
  ""type"": ""Invocation"",
  ""arguments"": {
    ""element"": {
      ""type"": ""ArgumentRef"",
      ""value"": ""_MAPPING_VAR_0_0""
    }
  },
  ""functionName"": ""Feature.id""
})",-9999.0,"{""type"":""Point"",""coordinates"":[78.13903499268656,28.480275531866166]}",0.7782320083943864,0.37280847888233987,0.3278087471533505,0.28496385295582405,0,0,0.18919162712087437,0,0,0
,,,,,,,,5165,8.962211217194284,101.84631935588484,0.2990586531498914,-0.3736600306278713,,7.0,0.0,0.0,0.0,19.039649963378903,0,451.0,"NL_ee.String({
  ""type"": ""Invocation"",
  ""arguments"": {
    ""element"": {
      ""type"": ""ArgumentRef"",
      ""value"": ""_MAPPING_VAR_0_0""
    }
  },
  ""functionName"": ""Feature.id""
})",-9999.0,"{""type"":""Point"",""coordinates"":[80.28408793853404,32.96325921833265]}",0.0,0.0,0.0,0.0,0,0,46.28982093680848,0,0,0
,,,,,,,,455,13.265336055974618,145.4847512130991,0.7744759883258159,-0.6272506082725061,,7.0,85.43499755859375,277.5026016235352,438.070930480957,744.9985065460205,0,452.0,"NL_ee.String({
  ""type"": ""Invocation"",
  ""arguments"": {
    ""element"": {
      ""type"": ""ArgumentRef"",
      ""value"": ""_MAPPING_VAR_0_0""
    }
  },
  ""functionName"": ""Feature.id""
})",-9999.0,"{""type"":""Point"",""coordinates"":[76.135124535961,31.975723165066263]}",0.30787097871787283,0.6334649991928608,0.5880158505443879,2.248113882524735,0,1,6.035727905468451,0,0,0
,,,,,,,,1950,34.0748519207327,123.39670368994432,0.0491803278688524,-0.0049586776859504,,4.0,122.16127395629884,232.0290031433105,367.18836975097656,584.2057456970215,0,453.0,"NL_ee.String({
  ""type"": ""Invocation"",
  ""arguments"": {
    ""element"": {
      ""type"": ""ArgumentRef"",
      ""value"": ""_MAPPING_VAR_0_0""
    }
  },
  ""functionName"": ""Feature.id""
})",-9999.0,"{""type"":""Point"",""coordinates"":[78.17589466510455,30.68906571276154]}",0.5264913967709766,0.631907277729603,0.6285257761593573,0.8993662691035377,1,1,66.44596124542876,1,0,1
,,,,,,,,198,2.1470652155380336,149.71835624118597,0.7805800756620429,-0.7001806140878989,,7.0,0.0,8.229133605957031,8.229133605957031,159.15568733215332,0,454.0,"NL_ee.String({
  ""type"": ""Invocation"",
  ""arguments"": {
    ""element"": {
      ""type"": ""ArgumentRef"",
      ""value"": ""_MAPPING_VAR_0_0""
    }
  },
  ""functionName"": ""Feature.id""
})",-9999.0,"{""type"":""Point"",""coordinates"":[73.99104599516413,31.098922508611707]}",0.0,1.0,0.05170492958120351,0.0,0,0,0.4251189126765307,0,0,0
,,,,,,,,219,2.7802885155465065,-0.0,0.8329691672736101,-0.7288756583466911,,7.0,0.9062713384628296,0.9062713384628296,0.9062713384628296,139.4898408651352,0,455.0,"NL_ee.String({
  ""type"": ""Invocation"",
  ""arguments"": {
    ""element"": {
      ""type"": ""ArgumentRef"",
      ""value"": ""_MAPPING_VAR_0_0""
    }
  },
  ""functionName"": ""Feature.id""
})",-9999.0,"{""type"":""Point"",""coordinates"":[75.635517744174,29.61470407681368]}",1.0,1.0,0.006497041883781715,0.0,0,0,0.6088831849046848,0,1,0
,,,,,,,,288,3.2900583645070385,286.35555515560213,0.2241346699451484,-0.3325097796994029,,6.0,0.0,0.0,0.0,205.42160511016849,0,456.0,"NL_ee.String({
  ""type"": ""Invocation"",
  ""arguments"": {
    ""element"": {
      ""type"": ""ArgumentRef"",
      ""value"": ""_MAPPING_VAR_0_0""
    }
  },
  ""functionName"": ""Feature.id""
})",-9999.0,"{""type"":""Point"",""coordinates"":[74.81925616432213,28.306980911511257]}",0.0,0.0,0.0,0.0,0,0,0.9475368089780272,0,0,0
,,,,,,,,1706,38.45461660002198,182.7920289595617,0.3957055214723926,-0.3027916964924839,,7.0,34.21097946166992,81.08839082717896,129.09708070755005,317.60725450515747,0,457.0,"NL_ee.String({
  ""type"": ""Invocation"",
  ""arguments"": {
    ""element"": {
      ""type"": ""ArgumentRef"",
      ""value"": ""_MAPPING_VAR_0_0""
    }
  },
  ""functionName"": ""Feature.id""
})",-9999.0,"{""type"":""Point"",""coordinates"":[75.18292793744646,33.182045060906816]}",0.4218973778204906,0.6281194770846327,0.40646766998029543,1.370244643770887,0,0,65.6035759196375,1,0,0
,,,,,,,,222,2.780288515528756,180.0,0.790633608815427,-0.7071569271175312,,7.0,10.22300148010254,24.07677459716797,61.18781280517578,225.04332733154297,0,458.0,"NL_ee.String({
  ""type"": ""Invocation"",
  ""arguments"": {
    ""element"": {
      ""type"": ""ArgumentRef"",
      ""value"": ""_MAPPING_VAR_0_0""
    }
  },
  ""functionName"": ""Feature.id""
})",-9999.0,"{""type"":""Point"",""coordinates"":[77.49701312414467,28.833149578760324]}",0.4246001240259574,0.39348970805394357,0.2718934772726294,1.3551571076292623,0,0,0.6172240504473839,0,0,0
,,,,,,,,4033,15.42391533275316,103.57362397895572,0.15711739241151,-0.2208490059108006,,9.0,62.18909454345703,72.5539436340332,84.09028148651123,84.09028148651123,0,459.0,"NL_ee.String({
  ""type"": ""Invocation"",
  ""arguments"": {
    ""element"": {
      ""type"": ""ArgumentRef"",
      ""value"": ""_MAPPING_VAR_0_0""
    }
  },
  ""functionName"": ""Feature.id""
})",-9999.0,"{""type"":""Point"",""coordinates"":[77.6113588578672,32.32452845979786]}",0.8571428571428571,0.8628100935263423,1.0,0.16666666666666666,0,0,62.20465053699349,0,0,0
,,,,,,,,3653,69.62569358429535,170.38565168097776,0.0286433742524394,-0.119561493662213,,9.0,0.0,0.0,0.0,3.833969593048096,0,460.0,"NL_ee.String({
  ""type"": ""Invocation"",
  ""arguments"": {
    ""element"": {
      ""type"": ""ArgumentRef"",
      ""value"": ""_MAPPING_VAR_0_0""
    }
  },
  ""functionName"": ""Feature.id""
})",-9999.0,"{""type"":""Point"",""coordinates"":[76.92827296849309,34.11521151244886]}",0.0,0.0,0.0,0.0,0,0,254.3426586634309,0,0,1
,,,,,,,,5309,27.286527052090943,79.14710888446473,0.1048689138576779,-0.2240663900414937,,9.0,5.501094341278076,5.501094341278076,5.501094341278076,22.99353265762329,0,461.0,"NL_ee.String({
  ""type"": ""Invocation"",
  ""arguments"": {
    ""element"": {
      ""type"": ""ArgumentRef"",
      ""value"": ""_MAPPING_VAR_0_0""
    }
  },
  ""functionName"": ""Feature.id""
})",-9999.0,"{""type"":""Point"",""coordinates"":[81.27481969276974,33.82156291133991]}",1.0,1.0,0.2392452879333546,0.0,0,0,144.8641721195508,0,0,1
,,,,,,,,246,1.8543341688295631,180.0,0.4570268074735987,-0.4497251859036534,,9.0,0.0,1.9933335781097408,1.9933335781097408,164.9467990398407,0,462.0,"NL_ee.String({
  ""type"": ""Invocation"",
  ""arguments"": {
    ""element"": {
      ""type"": ""ArgumentRef"",
      ""value"": ""_MAPPING_VAR_0_0""
    }
  },
  ""functionName"": ""Feature.id""
})",-9999.0,"{""type"":""Point"",""coordinates"":[74.53022587342102,28.493146792535825]}",0.0,1.0,0.012084706036812982,0.0,0,0,0.45616620553207254,0,0,0
,,,,,,,,237,5.089800114275557,335.33031089371235,0.2585421412300683,-0.2169603524229074,,,19.799945831298828,19.799945831298828,65.93380165100098,237.01930046081543,0,463.0,"NL_ee.String({
  ""type"": ""Invocation"",
  ""arguments"": {
    ""element"": {
      ""type"": ""ArgumentRef"",
      ""value"": ""_MAPPING_VAR_0_0""
    }
  },
  ""functionName"": ""Feature.id""
})",-9999.0,"{""type"":""Point"",""coordinates"":[77.1405457272682,29.439360722413845]}",1.0,0.30030038213333077,0.27817904079039885,0.0,0,0,1.2062826270833071,0,1,0
,,,,,,,,4764,14.765455203179512,119.42904488055323,0.1433389544688027,-0.2951289398280802,,9.0,9.312973976135254,9.312973976135254,9.312973976135254,34.129252433776855,0,464.0,"NL_ee.String({
  ""type"": ""Invocation"",
  ""arguments"": {
    ""element"": {
      ""type"": ""ArgumentRef"",
      ""value"": ""_MAPPING_VAR_0_0""
    }
  },
  ""functionName"": ""Feature.id""
})",-9999.0,"{""type"":""Point"",""coordinates"":[78.61371735350218,32.19850886206814]}",1.0,1.0,0.27287365857795465,0.0,0,0,70.3426285879472,0,0,0
,,,,,,,,171,0.0,-0.0,0.4335289614697627,-0.4364612631040654,,7.0,67.10446357727051,156.88409996032715,285.7520923614502,472.7400217056274,0,465.0,"NL_ee.String({
  ""type"": ""Invocation"",
  ""arguments"": {
    ""element"": {
      ""type"": ""ArgumentRef"",
      ""value"": ""_MAPPING_VAR_0_0""
    }
  },
  ""functionName"": ""Feature.id""
})",-9999.0,"{""type"":""Point"",""coordinates"":[81.10717536279577,28.619951635661746]}",0.4277327249494365,0.5490217015170029,0.6044592783375267,1.3379085622177096,0,1,0.0,0,1,0
,,,,,,,,4623,28.53186932186192,140.72722811011792,0.0157418339236521,0.0237044508889169,,7.0,104.0575351715088,118.9228973388672,162.54632377624512,185.24655723571777,0,466.0,"NL_ee.String({
  ""type"": ""Invocation"",
  ""arguments"": {
    ""element"": {
      ""type"": ""ArgumentRef"",
      ""value"": ""_MAPPING_VAR_0_0""
    }
  },
  ""functionName"": ""Feature.id""
})",-9999.0,"{""type"":""Point"",""coordinates"":[77.37059272114328,32.15005056491383]}",0.875,0.7316246505985075,0.8774593504019206,0.14285714285714285,1,0,131.90283187496763,0,0,1
,,,,,,,,185,1.0783526586469458,270.0,0.8475021910604733,-0.7955706984667802,,7.0,0.0,0.0,0.0,112.14860010147096,0,467.0,"NL_ee.String({
  ""type"": ""Invocation"",
  ""arguments"": {
    ""element"": {
      ""type"": ""ArgumentRef"",
      ""value"": ""_MAPPING_VAR_0_0""
    }
  },
  ""functionName"": ""Feature.id""
})",-9999.0,"{""type"":""Point"",""coordinates"":[74.0848012049808,30.683677667231052]}",0.0,0.0,0.0,0.0,0,0,0.19949524184968498,0,0,0
,,,,,,,,1372,41.5875974058531,97.33582235657845,0.8284132841328413,-0.7234782608695652,,4.0,87.4245662689209,227.5858554840088,340.72571563720703,506.20829820632935,0,468.0,"NL_ee.String({
  ""type"": ""Invocation"",
  ""arguments"": {
    ""element"": {
      ""type"": ""ArgumentRef"",
      ""value"": ""_MAPPING_VAR_0_0""
    }
  },
  ""functionName"": ""Feature.id""
})",-9999.0,"{""type"":""Point"",""coordinates"":[78.40530035303817,30.187229006334306]}",0.38413883887025546,0.6679444639462856,0.6730938960197133,1.6032254456252841,0,1,57.05818364083046,1,0,0
,,,,,,,,1662,38.88557647251013,131.4814875083648,0.2139240506329114,-0.2515497553017944,,7.0,58.9741096496582,160.5989990234375,245.30988311767572,353.73549365997314,0,469.0,"NL_ee.String({
  ""type"": ""Invocation"",
  ""arguments"": {
    ""element"": {
      ""type"": ""ArgumentRef"",
      ""value"": ""_MAPPING_VAR_0_0""
    }
  },
  ""functionName"": ""Feature.id""
})",-9999.0,"{""type"":""Point"",""coordinates"":[77.42527012890336,30.978926206764804]}",0.36721343226461606,0.6546780626298606,0.6934839378981824,1.723211931091329,0,0,64.62782809731183,1,0,1
,,,,,,,,2070,37.24902646953469,191.6831255533935,0.6200808338651351,-0.5105117017056724,,7.0,89.0962142944336,198.4686584472656,266.0451126098633,421.03574562072754,0,470.0,"NL_ee.String({
  ""type"": ""Invocation"",
  ""arguments"": {
    ""element"": {
      ""type"": ""ArgumentRef"",
      ""value"": ""_MAPPING_VAR_0_0""
    }
  },
  ""functionName"": ""Feature.id""
})",-9999.0,"{""type"":""Point"",""coordinates"":[76.24124434850657,32.74970054692266]}",0.44891830776448277,0.7459962579290308,0.6318824835588162,1.2275767833568345,0,1,77.1054847919368,0,0,0
,,,,,,,,227,1.4162327769674703,229.0980389198928,0.330379746835443,-0.2534287418008348,,7.0,0.0,0.0,0.0,106.83966016769408,0,471.0,"NL_ee.String({
  ""type"": ""Invocation"",
  ""arguments"": {
    ""element"": {
      ""type"": ""ArgumentRef"",
      ""value"": ""_MAPPING_VAR_0_0""
    }
  },
  ""functionName"": ""Feature.id""
})",-9999.0,"{""type"":""Point"",""coordinates"":[75.72668048080519,29.969939111904733]}",0.0,0.0,0.0,0.0,0,0,0.32148484037161573,0,0,0
,,,,,,,,1945,52.09677966444952,257.62811506412135,0.5123255123255124,-0.4615384615384615,,4.0,86.69686889648438,180.15336799621585,309.92472982406616,476.3129096031189,0,472.0,"NL_ee.String({
  ""type"": ""Invocation"",
  ""arguments"": {
    ""element"": {
      ""type"": ""ArgumentRef"",
      ""value"": ""_MAPPING_VAR_0_0""
    }
  },
  ""functionName"": ""Feature.id""
})",-9999.0,"{""type"":""Point"",""coordinates"":[78.51174195330671,30.174894473418544]}",0.4812392344410983,0.5812810358775915,0.6506746375661047,1.0779685620632744,0,1,101.32823644735431,1,0,0
,,,,,,,,5756,30.72249054248526,29.34946709640438,0.1064289573203673,-0.2603076923076923,,9.0,0.7185418009757996,0.7185418009757996,0.7185418009757996,0.7185418009757996,0,473.0,"NL_ee.String({
  ""type"": ""Invocation"",
  ""arguments"": {
    ""element"": {
      ""type"": ""ArgumentRef"",
      ""value"": ""_MAPPING_VAR_0_0""
    }
  },
  ""functionName"": ""Feature.id""
})",-9999.0,"{""type"":""Point"",""coordinates"":[79.2766459153353,33.5279828871928]}",1.0,1.0,1.0,0.0,0,0,176.83865556254517,0,1,1
,,,,,,,,1926,39.685429013029655,276.7218881121547,0.7688764269977969,-0.6385899814471243,,7.0,73.61170101165771,179.6761713027954,300.3598299026489,448.2574605941773,0,474.0,"NL_ee.String({
  ""type"": ""Invocation"",
  ""arguments"": {
    ""element"": {
      ""type"": ""ArgumentRef"",
      ""value"": ""_MAPPING_VAR_0_0""
    }
  },
  ""functionName"": ""Feature.id""
})",-9999.0,"{""type"":""Point"",""coordinates"":[78.50041770197028,30.196139582276974]}",0.40969094832060493,0.5982030665053684,0.6700609723361077,1.4408642761066004,0,1,76.43413627909511,1,0,0
,,,,,,,,5829,27.17686338135165,203.88643380623387,0.0232192050373868,-0.0038610038610038,,9.0,12.242802619934082,15.303503274917604,21.484543085098267,86.88736653327942,0,475.0,"NL_ee.String({
  ""type"": ""Invocation"",
  ""arguments"": {
    ""element"": {
      ""type"": ""ArgumentRef"",
      ""value"": ""_MAPPING_VAR_0_0""
    }
  },
  ""functionName"": ""Feature.id""
})",-9999.0,"{""type"":""Point"",""coordinates"":[81.19997834702824,31.073123504122098]}",0.7999999999999999,0.7123029432975073,0.2472688946887267,0.25000000000000017,0,0,158.41393664989877,0,0,1
,,,,,,,,288,0.9274099368611016,180.0,0.565402339595888,-0.4913880445795339,,7.0,57.18230056762695,162.79393577575684,245.75027084350583,560.3495540618896,0,476.0,"NL_ee.String({
  ""type"": ""Invocation"",
  ""arguments"": {
    ""element"": {
      ""type"": ""ArgumentRef"",
      ""value"": ""_MAPPING_VAR_0_0""
    }
  },
  ""functionName"": ""Feature.id""
})",-9999.0,"{""type"":""Point"",""coordinates"":[77.7315124152275,29.980533449693443]}",0.35125571659127186,0.6624364450016182,0.4385660148421625,1.8469287552225662,0,1,0.2670940618159973,0,0,0
,,,,,,,,718,4.789679218139326,292.7297320745629,0.7687175685693106,-0.6767392832044975,,7.0,55.092323303222656,55.092323303222656,168.83465385437012,480.1993579864502,0,477.0,"NL_ee.String({
  ""type"": ""Invocation"",
  ""arguments"": {
    ""element"": {
      ""type"": ""ArgumentRef"",
      ""value"": ""_MAPPING_VAR_0_0""
    }
  },
  ""functionName"": ""Feature.id""
})",-9999.0,"{""type"":""Point"",""coordinates"":[74.00014794525872,33.08734562177798]}",1.0,0.3263093330990156,0.3515928354471772,0.0,0,1,3.438989678624036,0,0,0
,,,,,,,,5764,55.25741541015198,177.68098268503255,-0.0455041863851474,0.0568345323741007,,,49.39896011352539,72.52156257629395,72.52156257629395,109.88673210144044,0,478.0,"NL_ee.String({
  ""type"": ""Invocation"",
  ""arguments"": {
    ""element"": {
      ""type"": ""ArgumentRef"",
      ""value"": ""_MAPPING_VAR_0_0""
    }
  },
  ""functionName"": ""Feature.id""
})",-9999.0,"{""type"":""Point"",""coordinates"":[76.29384256770568,33.65771934538854]}",0.6811623792793602,1.0,0.6599665054134711,0.46807872897789216,0,0,318.503742424116,0,0,1
,,,,,,,,4125,48.985663700328125,138.260822172964,0.0886075949367088,-0.1285067873303167,,9.0,15.578084945678713,21.913246631622314,28.24840831756592,101.26372814178468,0,479.0,"NL_ee.String({
  ""type"": ""Invocation"",
  ""arguments"": {
    ""element"": {
      ""type"": ""ArgumentRef"",
      ""value"": ""_MAPPING_VAR_0_0""
    }
  },
  ""functionName"": ""Feature.id""
})",-9999.0,"{""type"":""Point"",""coordinates"":[75.4012934866143,34.43549990476723]}",0.7108980794839624,0.7757338532237172,0.27895880228717074,0.40667140460682527,0,0,202.06586276385352,0,0,1
,,,,,,,,4020,38.77146881176396,161.30553741207538,0.0766762913057427,-0.1850282485875706,,9.0,0.0,0.0,0.0,11.259960412979126,0,480.0,"NL_ee.String({
  ""type"": ""Invocation"",
  ""arguments"": {
    ""element"": {
      ""type"": ""ArgumentRef"",
      ""value"": ""_MAPPING_VAR_0_0""
    }
  },
  ""functionName"": ""Feature.id""
})",-9999.0,"{""type"":""Point"",""coordinates"":[77.24855689756407,35.17193861338319]}",0.0,0.0,0.0,0.0,0,0,155.86130462329112,0,0,1
,,,,,,,,273,1.4205772297814232,49.24972114168325,0.6716521739130434,-0.5639440286365116,,7.0,0.0,64.50979042053223,117.53020572662354,269.32744312286377,0,481.0,"NL_ee.String({
  ""type"": ""Invocation"",
  ""arguments"": {
    ""element"": {
      ""type"": ""ArgumentRef"",
      ""value"": ""_MAPPING_VAR_0_0""
    }
  },
  ""functionName"": ""Feature.id""
})",-9999.0,"{""type"":""Point"",""coordinates"":[76.63950835029993,30.49606977642028]}",0.0,0.5488783927646878,0.43638406975485133,0.0,0,0,0.38781758373032854,0,0,0
,,,,,,,,3646,39.66246995923605,174.7081651624261,-0.0555555555555555,0.0834181078331637,,7.0,202.84915924072263,339.4104232788086,385.48575592041016,538.2618370056152,0,482.0,"NL_ee.String({
  ""type"": ""Invocation"",
  ""arguments"": {
    ""element"": {
      ""type"": ""ArgumentRef"",
      ""value"": ""_MAPPING_VAR_0_0""
    }
  },
  ""functionName"": ""Feature.id""
})",-9999.0,"{""type"":""Point"",""coordinates"":[76.81925428221464,32.1372134697373]}",0.5976515313853289,0.8804746169372998,0.7161677262220407,0.6732158247499941,1,1,144.60936547137462,0,0,1
,,,,,,,,210,1.0597946011891772,90.0,0.3945793734600493,-0.3733102253032929,,7.0,69.11338424682617,118.98956155776978,239.2992157936096,386.7580676078797,0,483.0,"NL_ee.String({
  ""type"": ""Invocation"",
  ""arguments"": {
    ""element"": {
      ""type"": ""ArgumentRef"",
      ""value"": ""_MAPPING_VAR_0_0""
    }
  },
  ""functionName"": ""Feature.id""
})",-9999.0,"{""type"":""Point"",""coordinates"":[80.27860478358619,28.947877795644793]}",0.5808356913162624,0.49724175302101997,0.618731025505657,0.7216572861317238,0,0,0.22255686624972723,0,0,0
,,,,,,,,3776,18.295450795372645,290.0428216537302,0.0406599882144961,0.0073074761101742,,7.0,64.72083282470703,82.29745101928711,178.13514709472656,654.6348495483398,0,484.0,"NL_ee.String({
  ""type"": ""Invocation"",
  ""arguments"": {
    ""element"": {
      ""type"": ""ArgumentRef"",
      ""value"": ""_MAPPING_VAR_0_0""
    }
  },
  ""functionName"": ""Feature.id""
})",-9999.0,"{""type"":""Point"",""coordinates"":[74.55390946580161,33.50189415167414]}",0.78642572793098,0.4619944596083779,0.2721137550462361,0.2715758964688453,0,1,69.08362220332711,0,0,0
,,,,,,,,1030,19.631026871831963,312.9016044401863,0.7492270697354861,-0.6415215989684074,,7.0,45.322078704833984,84.33067226409912,160.53571939468384,313.3698401451111,0,485.0,"NL_ee.String({
  ""type"": ""Invocation"",
  ""arguments"": {
    ""element"": {
      ""type"": ""ArgumentRef"",
      ""value"": ""_MAPPING_VAR_0_0""
    }
  },
  ""functionName"": ""Feature.id""
})",-9999.0,"{""type"":""Point"",""coordinates"":[79.30911720467586,29.84744692017318]}",0.5374329112769127,0.5253078416571493,0.5122883533410398,0.8606973615070427,0,0,20.219957677986923,0,0,0
,,,,,,,,765,31.42980959692193,320.1903718510617,0.9090285714285714,-0.753884922301554,,4.0,66.0461483001709,148.00896549224854,290.0088138580322,476.01819229125977,0,486.0,"NL_ee.String({
  ""type"": ""Invocation"",
  ""arguments"": {
    ""element"": {
      ""type"": ""ArgumentRef"",
      ""value"": ""_MAPPING_VAR_0_0""
    }
  },
  ""functionName"": ""Feature.id""
})",-9999.0,"{""type"":""Point"",""coordinates"":[78.97352332236198,29.675892436120165]}",0.44623072717598206,0.510360231895239,0.6092389294243306,1.2409931434542951,0,1,24.043804341645277,1,1,0
,,,,,,,,225,1.4176503345455262,229.14767188058096,0.6079077429983526,-0.5345911949685535,,7.0,0.0,0.0,0.0,113.68824768066406,0,487.0,"NL_ee.String({
  ""type"": ""Invocation"",
  ""arguments"": {
    ""element"": {
      ""type"": ""ArgumentRef"",
      ""value"": ""_MAPPING_VAR_0_0""
    }
  },
  ""functionName"": ""Feature.id""
})",-9999.0,"{""type"":""Point"",""coordinates"":[75.67543439029048,30.143252864249583]}",0.0,0.0,0.0,0.0,0,0,0.3189713252727434,0,0,0
,,,,,,,,226,2.2974954356852466,246.20408022700505,0.0224129709108249,0.0201096892138939,,6.0,0.0,0.0,0.0,158.15415048599243,0,488.0,"NL_ee.String({
  ""type"": ""Invocation"",
  ""arguments"": {
    ""element"": {
      ""type"": ""ArgumentRef"",
      ""value"": ""_MAPPING_VAR_0_0""
    }
  },
  ""functionName"": ""Feature.id""
})",-9999.0,"{""type"":""Point"",""coordinates"":[73.64847406273238,28.12335146714571]}",0.0,0.0,0.0,0.0,0,0,0.5192339684648657,0,0,0
,,,,,,,,241,0.0,-0.0,0.6031168831168832,-0.5097847358121331,,7.0,0.0,0.0,29.76881599426269,206.5382175445557,0,489.0,"NL_ee.String({
  ""type"": ""Invocation"",
  ""arguments"": {
    ""element"": {
      ""type"": ""ArgumentRef"",
      ""value"": ""_MAPPING_VAR_0_0""
    }
  },
  ""functionName"": ""Feature.id""
})",-9999.0,"{""type"":""Point"",""coordinates"":[75.74632971825704,31.25323268677871]}",0.0,0.0,0.1441322402612523,0.0,0,0,0.0,0,1,0
,,,,,,,,177,0.9274099368611016,-0.0,0.6642794759825328,-0.5975855130784709,,7.0,0.0,0.0,0.0,126.83564949035645,0,490.0,"NL_ee.String({
  ""type"": ""Invocation"",
  ""arguments"": {
    ""element"": {
      ""type"": ""ArgumentRef"",
      ""value"": ""_MAPPING_VAR_0_0""
    }
  },
  ""functionName"": ""Feature.id""
})",-9999.0,"{""type"":""Point"",""coordinates"":[73.92326291768832,29.75713904805875]}",0.0,0.0,0.0,0.0,0,0,0.16415155882441498,0,1,0
,,,,,,,,166,4.2581469540348325,29.58109786481546,0.1325811001410437,-0.0940054495912806,,7.0,22.423046112060547,33.57510566711426,106.08733654022215,254.1271152496338,0,491.0,"NL_ee.String({
  ""type"": ""Invocation"",
  ""arguments"": {
    ""element"": {
      ""type"": ""ArgumentRef"",
      ""value"": ""_MAPPING_VAR_0_0""
    }
  },
  ""functionName"": ""Feature.id""
})",-9999.0,"{""type"":""Point"",""coordinates"":[79.20950614371588,28.256766872140425]}",0.667847372823705,0.31648551808428643,0.4174577609949674,0.4973481078048277,0,0,0.7068523943697821,0,1,0
,,,,,,,,4719,41.1344712564486,102.8504131642425,0.0191339375629405,-0.0563674321503131,,9.0,37.70602798461914,37.70602798461914,37.70602798461914,66.0002965927124,0,492.0,"NL_ee.String({
  ""type"": ""Invocation"",
  ""arguments"": {
    ""element"": {
      ""type"": ""ArgumentRef"",
      ""value"": ""_MAPPING_VAR_0_0""
    }
  },
  ""functionName"": ""Feature.id""
})",-9999.0,"{""type"":""Point"",""coordinates"":[79.58893908414267,31.190553456223125]}",1.0,1.0,0.5713008869839314,0.0,0,0,194.11356985918096,0,0,1
,,,,,,,,283,0.9274099368729608,180.0,0.2621951219512195,-0.1951501154734411,,7.0,39.68486404418945,110.29838180541992,192.7442283630371,425.200834274292,0,493.0,"NL_ee.String({
  ""type"": ""Invocation"",
  ""arguments"": {
    ""element"": {
      ""type"": ""ArgumentRef"",
      ""value"": ""_MAPPING_VAR_0_0""
    }
  },
  ""functionName"": ""Feature.id""
})",-9999.0,"{""type"":""Point"",""coordinates"":[74.88931566291959,32.585113605896815]}",0.35979552369316253,0.572252579193557,0.4533016232011909,1.7793564237136275,0,1,0.2624570121350479,0,0,0
,,,,,,,,4973,30.13716417494913,296.49621589261466,0.1430219146482122,-0.2811893988364576,,9.0,0.0,3.793326139450073,8.846933126449585,8.846933126449585,0,494.0,"NL_ee.String({
  ""type"": ""Invocation"",
  ""arguments"": {
    ""element"": {
      ""type"": ""ArgumentRef"",
      ""value"": ""_MAPPING_VAR_0_0""
    }
  },
  ""functionName"": ""Feature.id""
})",-9999.0,"{""type"":""Point"",""coordinates"":[80.15102774754095,32.73114370007697]}",0.0,0.4287730092713377,1.0,0.0,0,0,149.87211744202202,0,0,1
,,,,,,,,1577,22.485045969699016,258.7232609795834,0.8085470085470086,-0.6309182999339352,,7.0,40.082356452941895,95.72546482086182,131.61613750457764,260.9288034439087,0,495.0,"NL_ee.String({
  ""type"": ""Invocation"",
  ""arguments"": {
    ""element"": {
      ""type"": ""ArgumentRef"",
      ""value"": ""_MAPPING_VAR_0_0""
    }
  },
  ""functionName"": ""Feature.id""
})",-9999.0,"{""type"":""Point"",""coordinates"":[75.48825881091325,33.125929588944814]}",0.41872198299533975,0.7273079626541423,0.5044139848396265,1.3882194883738161,0,0,35.45891749421535,0,0,0
,,,,,,,,3935,17.894646842674938,113.64537018398056,0.7506420733130983,-0.6906426155580608,,9.0,4.567636013031006,4.567636013031006,8.196452617645264,8.196452617645264,0,496.0,"NL_ee.String({
  ""type"": ""Invocation"",
  ""arguments"": {
    ""element"": {
      ""type"": ""ArgumentRef"",
      ""value"": ""_MAPPING_VAR_0_0""
    }
  },
  ""functionName"": ""Feature.id""
})",-9999.0,"{""type"":""Point"",""coordinates"":[74.95473463656474,34.821493237595305]}",1.0,0.5572698612565431,1.0,0.0,0,0,70.41543532592588,0,0,0
,,,,,,,,431,1.4175248490222112,310.85671624223096,0.5850847457627119,-0.5181818181818182,,7.0,92.87411880493164,232.61329650878903,349.0376672744751,601.0981016159058,0,497.0,"NL_ee.String({
  ""type"": ""Invocation"",
  ""arguments"": {
    ""element"": {
      ""type"": ""ArgumentRef"",
      ""value"": ""_MAPPING_VAR_0_0""
    }
  },
  ""functionName"": ""Feature.id""
})",-9999.0,"{""type"":""Point"",""coordinates"":[78.10926093625025,30.128226066913086]}",0.39926401542322193,0.6664418150774178,0.5806667270054129,1.5046083828516197,0,1,0.610953209928573,0,0,0
,,,,,,,,5288,26.60858234634984,303.3217724234242,-0.0269607843137254,0.019147621988882,,9.0,0.0,0.0,0.0,0.0,0,498.0,"NL_ee.String({
  ""type"": ""Invocation"",
  ""arguments"": {
    ""element"": {
      ""type"": ""ArgumentRef"",
      ""value"": ""_MAPPING_VAR_0_0""
    }
  },
  ""functionName"": ""Feature.id""
})",-9999.0,"{""type"":""Point"",""coordinates"":[78.694468514291,31.703471442310107]}",0.0,0.0,0.0,0.0,0,0,140.70618344749795,0,0,1
,,,,,,,,1105,31.897052666772385,261.02181833770345,0.3552662721893491,-0.3381631222248188,,7.0,60.71370124816895,97.77708053588869,172.48408889770508,330.11804389953613,0,499.0,"NL_ee.String({
  ""type"": ""Invocation"",
  ""arguments"": {
    ""element"": {
      ""type"": ""ArgumentRef"",
      ""value"": ""_MAPPING_VAR_0_0""
    }
  },
  ""functionName"": ""Feature.id""
})",-9999.0,"{""type"":""Point"",""coordinates"":[79.99104579515512,29.661057271588593]}",0.6209400087977083,0.5668759429391613,0.5224921572302684,0.6104615354649873,0,0,35.24624319678349,1,0,0
,,,,,,,,547,7.73154105699297,135.675806291986,0.2723492723492723,-0.2037765538945712,,4.0,62.52079772949219,154.16711044311523,265.39385986328125,392.817735671997,0,500.0,"NL_ee.String({
  ""type"": ""Invocation"",
  ""arguments"": {
    ""element"": {
      ""type"": ""ArgumentRef"",
      ""value"": ""_MAPPING_VAR_0_0""
    }
  },
  ""functionName"": ""Feature.id""
})",-9999.0,"{""type"":""Point"",""coordinates"":[76.82995497718629,31.435502107119063]}",0.4055391422320339,0.580899311395279,0.6756157774018768,1.465853220717813,0,0,4.229152958175154,0,0,0
,,,,,,,,4644,29.05538767097156,7.837143657768995,0.4258555133079847,-0.4553686934023286,,9.0,34.634010314941406,34.634010314941406,34.634010314941406,34.634010314941406,0,501.0,"NL_ee.String({
  ""type"": ""Invocation"",
  ""arguments"": {
    ""element"": {
      ""type"": ""ArgumentRef"",
      ""value"": ""_MAPPING_VAR_0_0""
    }
  },
  ""functionName"": ""Feature.id""
})",-9999.0,"{""type"":""Point"",""coordinates"":[79.13510570689567,31.270931407859525]}",1.0,1.0,1.0,0.0,0,0,134.9332203439919,0,1,0
,,,,,,,,199,5.413402894347334,270.0,0.4949880668257757,-0.539066339066339,,7.0,6.586455821990967,14.012344360351562,14.012344360351562,213.71489810943604,0,502.0,"NL_ee.String({
  ""type"": ""Invocation"",
  ""arguments"": {
    ""element"": {
      ""type"": ""ArgumentRef"",
      ""value"": ""_MAPPING_VAR_0_0""
    }
  },
  ""functionName"": ""Feature.id""
})",-9999.0,"{""type"":""Point"",""coordinates"":[73.98881700633594,31.338400139981676]}",0.4700466711785633,1.0,0.0655655945575508,1.1274483180418393,0,0,1.0772671759751196,0,0,0
,,,,,,,,4973,32.11945412976699,338.17108639186057,-0.0345733041575492,0.0112057373375168,,9.0,4.480828642845154,4.480828642845154,4.480828642845154,45.49288308620453,0,503.0,"NL_ee.String({
  ""type"": ""Invocation"",
  ""arguments"": {
    ""element"": {
      ""type"": ""ArgumentRef"",
      ""value"": ""_MAPPING_VAR_0_0""
    }
  },
  ""functionName"": ""Feature.id""
})",-9999.0,"{""type"":""Point"",""coordinates"":[76.74009372598951,33.67707917500628]}",1.0,1.0,0.09849515657986382,0.0,0,0,159.73004538733124,0,1,1
,,,,,,,,4741,0.9274099368611016,180.0,0.0756805264732276,-0.1899404367968233,,9.0,0.0,11.158672332763672,11.158672332763672,43.454734802246094,0,504.0,"NL_ee.String({
  ""type"": ""Invocation"",
  ""arguments"": {
    ""element"": {
      ""type"": ""ArgumentRef"",
      ""value"": ""_MAPPING_VAR_0_0""
    }
  },
  ""functionName"": ""Feature.id""
})",-9999.0,"{""type"":""Point"",""coordinates"":[80.67773365832556,33.582971660500654]}",0.0,1.0,0.25678841174717976,0.0,0,0,4.396850510658482,0,0,0
,,,,,,,,258,3.2909667450255484,73.6490962646712,0.662674004532211,-0.5822550831792976,,4.0,0.0,0.0,18.79185485839844,155.50894451141355,0,505.0,"NL_ee.String({
  ""type"": ""Invocation"",
  ""arguments"": {
    ""element"": {
      ""type"": ""ArgumentRef"",
      ""value"": ""_MAPPING_VAR_0_0""
    }
  },
  ""functionName"": ""Feature.id""
})",-9999.0,"{""type"":""Point"",""coordinates"":[76.11412468987585,28.33897021358048]}",0.0,0.0,0.12084099032013697,0.0,0,0,0.8490694202165915,0,0,0
,,,,,,,,197,1.4189731253564255,49.193863928907206,0.351578947368421,-0.3776824034334764,,7.0,0.0,0.0,0.0,170.41744422912598,0,506.0,"NL_ee.String({
  ""type"": ""Invocation"",
  ""arguments"": {
    ""element"": {
      ""type"": ""ArgumentRef"",
      ""value"": ""_MAPPING_VAR_0_0""
    }
  },
  ""functionName"": ""Feature.id""
})",-9999.0,"{""type"":""Point"",""coordinates"":[74.57499246299692,30.303506711808616]}",0.0,0.0,0.0,0.0,0,0,0.27953770569521585,0,0,0
,,,,,,,,5501,16.729784992072048,41.06464826547917,0.0307002414625733,-0.1387195121951219,,9.0,0.0,0.0,0.0,0.0,0,507.0,"NL_ee.String({
  ""type"": ""Invocation"",
  ""arguments"": {
    ""element"": {
      ""type"": ""ArgumentRef"",
      ""value"": ""_MAPPING_VAR_0_0""
    }
  },
  ""functionName"": ""Feature.id""
})",-9999.0,"{""type"":""Point"",""coordinates"":[79.41669348933246,34.93284539113466]}",0.0,0.0,0.0,0.0,0,0,92.03054724138833,0,1,0
,,,,,,,,162,1.0521449293795857,90.0,0.2234891676168757,-0.2433371958285052,,7.0,22.811397552490234,29.299097537994385,132.51489114761353,221.27839517593384,0,508.0,"NL_ee.String({
  ""type"": ""Invocation"",
  ""arguments"": {
    ""element"": {
      ""type"": ""ArgumentRef"",
      ""value"": ""_MAPPING_VAR_0_0""
    }
  },
  ""functionName"": ""Feature.id""
})",-9999.0,"{""type"":""Point"",""coordinates"":[79.75823839457419,28.185291770338694]}",0.7785699720924492,0.2211004158419975,0.5988605034949467,0.2844060724721319,0,0,0.17044747855949288,0,0,0
,,,,,,,,216,3.855679364910856,163.8949361500661,0.728088336783989,-0.6351763169351328,,7.0,0.0,0.0,0.0,118.4464874267578,0,509.0,"NL_ee.String({
  ""type"": ""Invocation"",
  ""arguments"": {
    ""element"": {
      ""type"": ""ArgumentRef"",
      ""value"": ""_MAPPING_VAR_0_0""
    }
  },
  ""functionName"": ""Feature.id""
})",-9999.0,"{""type"":""Point"",""coordinates"":[75.2484078955,30.01926046076892]}",0.0,0.0,0.0,0.0,0,0,0.832826742820745,0,0,0
,,,,,,,,3800,14.497435330493303,97.19288607984971,0.6094510076441974,-0.6286919831223629,,7.0,1.995943903923035,1.995943903923035,1.995943903923035,1.995943903923035,0,510.0,"NL_ee.String({
  ""type"": ""Invocation"",
  ""arguments"": {
    ""element"": {
      ""type"": ""ArgumentRef"",
      ""value"": ""_MAPPING_VAR_0_0""
    }
  },
  ""functionName"": ""Feature.id""
})",-9999.0,"{""type"":""Point"",""coordinates"":[75.49403260953044,34.88306110248226]}",1.0,1.0,1.0,0.0,0,0,55.090254255874555,0,0,0
,,,,,,,,4549,43.32704334516442,271.96698474983504,0.0432822362488728,-0.1119654012493993,,9.0,0.0,0.0,0.0,60.89831161499024,0,511.0,"NL_ee.String({
  ""type"": ""Invocation"",
  ""arguments"": {
    ""element"": {
      ""type"": ""ArgumentRef"",
      ""value"": ""_MAPPING_VAR_0_0""
    }
  },
  ""functionName"": ""Feature.id""
})",-9999.0,"{""type"":""Point"",""coordinates"":[75.80704025790519,34.48709559207382]}",0.0,0.0,0.0,0.0,0,0,197.09472017715296,0,0,1
,,,,,,,,1988,10.307872578380415,249.1437769364053,0.1397435897435897,-0.1053776810693192,,7.0,88.60842895507812,181.63806343078613,244.7307415008545,377.0976781845093,0,512.0,"NL_ee.String({
  ""type"": ""Invocation"",
  ""arguments"": {
    ""element"": {
      ""type"": ""ArgumentRef"",
      ""value"": ""_MAPPING_VAR_0_0""
    }
  },
  ""functionName"": ""Feature.id""
})",-9999.0,"{""type"":""Point"",""coordinates"":[77.63170200618886,30.993667952436454]}",0.48782962822570886,0.7421955342302263,0.648985012793186,1.0498959926585687,0,0,20.492050685820264,0,0,0
,,,,,,,,5847,13.877843121302526,141.83594304750466,-0.0067174205105239,0.0237676056338028,,9.0,17.172450065612793,26.30669212341309,26.30669212341309,37.06694984436035,0,513.0,"NL_ee.String({
  ""type"": ""Invocation"",
  ""arguments"": {
    ""element"": {
      ""type"": ""ArgumentRef"",
      ""value"": ""_MAPPING_VAR_0_0""
    }
  },
  ""functionName"": ""Feature.id""
})",-9999.0,"{""type"":""Point"",""coordinates"":[80.5265180991226,31.97524162982723]}",0.6527787676630474,1.0,0.7097074950561542,0.5319125705941801,0,0,81.14374873025588,0,0,0
,,,,,,,,4572,4.7513106654677895,193.1447632336693,0.0767441860465116,-0.2005185825410544,,9.0,13.646451950073242,20.94571208953857,28.80782699584961,55.48799896240234,0,514.0,"NL_ee.String({
  ""type"": ""Invocation"",
  ""arguments"": {
    ""element"": {
      ""type"": ""ArgumentRef"",
      ""value"": ""_MAPPING_VAR_0_0""
    }
  },
  ""functionName"": ""Feature.id""
})",-9999.0,"{""type"":""Point"",""coordinates"":[80.46434024414997,31.08329692877615]}",0.6515153025945116,0.7270840696369169,0.5191722090279246,0.5348833650072796,0,0,21.722992362518735,0,0,0
,,,,,,,,167,0.9274099368611016,-0.0,0.5626666666666666,-0.4709758393473486,,7.0,0.0,0.0,0.0,84.55649280548096,0,515.0,"NL_ee.String({
  ""type"": ""Invocation"",
  ""arguments"": {
    ""element"": {
      ""type"": ""ArgumentRef"",
      ""value"": ""_MAPPING_VAR_0_0""
    }
  },
  ""functionName"": ""Feature.id""
})",-9999.0,"{""type"":""Point"",""coordinates"":[73.48670763671451,30.51984279647239]}",0.0,0.0,0.0,0.0,0,0,0.15487745945580397,0,1,0
,,,,,,,,1176,8.564136125217601,165.3355542514223,0.8076516592686536,-0.6735812133072407,,7.0,176.0886402130127,267.3031597137451,317.7201805114746,417.1741256713867,0,516.0,"NL_ee.String({
  ""type"": ""Invocation"",
  ""arguments"": {
    ""element"": {
      ""type"": ""ArgumentRef"",
      ""value"": ""_MAPPING_VAR_0_0""
    }
  },
  ""functionName"": ""Feature.id""
})",-9999.0,"{""type"":""Point"",""coordinates"":[76.91396894289092,31.87455029514528]}",0.6587600401042246,0.8413162780010801,0.7616008782906799,0.51800342935462,1,1,10.071424083255899,0,0,0
,,,,,,,,5295,2.9257018752096404,129.30723152168508,0.0915576694411414,-0.2416591523895401,,9.0,0.0,0.0,0.0,0.0,0,517.0,"NL_ee.String({
  ""type"": ""Invocation"",
  ""arguments"": {
    ""element"": {
      ""type"": ""ArgumentRef"",
      ""value"": ""_MAPPING_VAR_0_0""
    }
  },
  ""functionName"": ""Feature.id""
})",-9999.0,"{""type"":""Point"",""coordinates"":[78.7089076391651,35.04507102201683]}",0.0,0.0,0.0,0.0,0,0,15.491591429235045,0,0,0
,,,,,,,,6015,35.080846096498256,315.6044102354228,-0.0618136178224035,0.0679551122194513,,,13.356432914733888,13.356432914733888,13.356432914733888,21.616117477416992,0,518.0,"NL_ee.String({
  ""type"": ""Invocation"",
  ""arguments"": {
    ""element"": {
      ""type"": ""ArgumentRef"",
      ""value"": ""_MAPPING_VAR_0_0""
    }
  },
  ""functionName"": ""Feature.id""
})",-9999.0,"{""type"":""Point"",""coordinates"":[78.39449375081492,34.54835107929314]}",1.0,1.0,0.6178923170956928,0.0,0,0,211.011289270437,0,1,1
,,,,,,,,3091,43.24540808637406,3.4090020454074685,0.1278375149342891,-0.0844342331993107,,7.0,30.04094123840332,30.04094123840332,96.93450260162354,224.83386325836184,0,519.0,"NL_ee.String({
  ""type"": ""Invocation"",
  ""arguments"": {
    ""element"": {
      ""type"": ""ArgumentRef"",
      ""value"": ""_MAPPING_VAR_0_0""
    }
  },
  ""functionName"": ""Feature.id""
})",-9999.0,"{""type"":""Point"",""coordinates"":[80.920337707529,29.736937845145693]}",1.0,0.30990968573763716,0.43113835788265503,0.0,0,0,133.67155639498225,0,1,1
,,,,,,,,1950,20.40191572132447,203.937847212362,0.0922180322248885,-0.0435637078283655,,7.0,129.8201141357422,129.8201141357422,238.78039932250977,376.044807434082,0,520.0,"NL_ee.String({
  ""type"": ""Invocation"",
  ""arguments"": {
    ""element"": {
      ""type"": ""ArgumentRef"",
      ""value"": ""_MAPPING_VAR_0_0""
    }
  },
  ""functionName"": ""Feature.id""
})",-9999.0,"{""type"":""Point"",""coordinates"":[78.16163198252659,30.8919876905519]}",1.0,0.5436799440158406,0.6349785839400702,0.0,1,0,39.78373565658272,0,0,1
,,,,,,,,4971,20.051246495925103,158.65306710632615,0.0610649731314118,-0.2026578073089701,,9.0,21.85799789428711,21.85799789428711,21.85799789428711,21.85799789428711,0,521.0,"NL_ee.String({
  ""type"": ""Invocation"",
  ""arguments"": {
    ""element"": {
      ""type"": ""ArgumentRef"",
      ""value"": ""_MAPPING_VAR_0_0""
    }
  },
  ""functionName"": ""Feature.id""
})",-9999.0,"{""type"":""Point"",""coordinates"":[79.18675956570954,31.472510080344357]}",1.0,1.0,1.0,0.0,0,0,99.67474633124368,0,0,1
,,,,,,,,363,1.080418405248356,270.0,0.8950744558991982,-0.7532852903772785,,4.0,0.0,129.29352569580078,199.8983154296875,361.9332194328308,0,522.0,"NL_ee.String({
  ""type"": ""Invocation"",
  ""arguments"": {
    ""element"": {
      ""type"": ""ArgumentRef"",
      ""value"": ""_MAPPING_VAR_0_0""
    }
  },
  ""functionName"": ""Feature.id""
})",-9999.0,"{""type"":""Point"",""coordinates"":[76.71025199541128,30.867793037998254]}",0.0,0.646796474586994,0.5523071790507075,0.0,0,0,0.39219188110515324,0,0,0
,,,,,,,,205,1.4031430635470226,228.63317865386088,0.3259259259259259,-0.3838422883649014,,9.0,0.0,0.6275961399078369,0.6275961399078369,149.406676530838,0,523.0,"NL_ee.String({
  ""type"": ""Invocation"",
  ""arguments"": {
    ""element"": {
      ""type"": ""ArgumentRef"",
      ""value"": ""_MAPPING_VAR_0_0""
    }
  },
  ""functionName"": ""Feature.id""
})",-9999.0,"{""type"":""Point"",""coordinates"":[73.60545979919956,28.2864836163595]}",0.0,1.0,0.004200589655565353,0.0,0,0,0.28764432802713963,0,0,0
,,,,,,,,4563,2.16089805236234,30.904569153382106,0.0471436494731003,-0.0875576036866359,,9.0,0.0,0.0,0.0,0.0,0,524.0,"NL_ee.String({
  ""type"": ""Invocation"",
  ""arguments"": {
    ""element"": {
      ""type"": ""ArgumentRef"",
      ""value"": ""_MAPPING_VAR_0_0""
    }
  },
  ""functionName"": ""Feature.id""
})",-9999.0,"{""type"":""Point"",""coordinates"":[77.96520719754946,33.35424575645223]}",0.0,0.0,0.0,0.0,0,0,9.860177812929356,0,1,0
,,,,,,,,254,4.289513585390232,329.6863113593389,0.7969130787977254,-0.6859756097560976,,7.0,0.0,53.55395126342773,115.21245574951172,294.66338634490967,0,525.0,"NL_ee.String({
  ""type"": ""Invocation"",
  ""arguments"": {
    ""element"": {
      ""type"": ""ArgumentRef"",
      ""value"": ""_MAPPING_VAR_0_0""
    }
  },
  ""functionName"": ""Feature.id""
})",-9999.0,"{""type"":""Point"",""coordinates"":[76.1053951016644,31.220757193045664]}",0.0,0.46482779066754415,0.39099684958705094,0.0,0,0,1.089536450689119,0,1,0
,,,,,,,,1188,37.92344258119861,12.446278947034626,0.0945261336957864,-0.0614739364889155,,4.0,39.10713577270508,61.94126176834106,139.1396632194519,290.86620569229126,0,526.0,"NL_ee.String({
  ""type"": ""Invocation"",
  ""arguments"": {
    ""element"": {
      ""type"": ""ArgumentRef"",
      ""value"": ""_MAPPING_VAR_0_0""
    }
  },
  ""functionName"": ""Feature.id""
})",-9999.0,"{""type"":""Point"",""coordinates"":[79.74062453881332,29.81863795845572]}",0.6313583975567837,0.44517329088720686,0.4783631116178839,0.5838864326027454,0,0,45.053049786463944,1,1,1
,,,,,,,,1294,26.813713081723883,305.20413004635026,0.7899045020463847,-0.6272147413182141,,7.0,31.59712028503418,70.1813850402832,119.77463150024414,254.15765762329104,0,527.0,"NL_ee.String({
  ""type"": ""Invocation"",
  ""arguments"": {
    ""element"": {
      ""type"": ""ArgumentRef"",
      ""value"": ""_MAPPING_VAR_0_0""
    }
  },
  ""functionName"": ""Feature.id""
})",-9999.0,"{""type"":""Point"",""coordinates"":[79.12781447807669,30.42242112482982]}",0.4502208137798626,0.5859453221539668,0.4712611558522169,1.221132318615892,0,0,34.696944727750704,1,0,0
,,,,,,,,5164,21.303456775285884,231.48779986245847,0.198989898989899,-0.2494736842105263,,9.0,0.0,0.0,0.0,18.93335151672364,0,528.0,"NL_ee.String({
  ""type"": ""Invocation"",
  ""arguments"": {
    ""element"": {
      ""type"": ""ArgumentRef"",
      ""value"": ""_MAPPING_VAR_0_0""
    }
  },
  ""functionName"": ""Feature.id""
})",-9999.0,"{""type"":""Point"",""coordinates"":[78.99318110264038,31.91475025224206]}",0.0,0.0,0.0,0.0,0,0,110.0110507875763,0,0,1
,,,,,,,,5781,34.48445355697253,188.1839853358396,0.111282248748556,-0.2333333333333333,,9.0,0.0,0.0,0.0,7.817781925201416,0,529.0,"NL_ee.String({
  ""type"": ""Invocation"",
  ""arguments"": {
    ""element"": {
      ""type"": ""ArgumentRef"",
      ""value"": ""_MAPPING_VAR_0_0""
    }
  },
  ""functionName"": ""Feature.id""
})",-9999.0,"{""type"":""Point"",""coordinates"":[78.5591909446488,34.129216275659054]}",0.0,0.0,0.0,0.0,0,0,199.3546260128582,0,0,1
,,,,,,,,163,3.3293279130357143,106.1568856061594,0.4496753246753247,-0.4609406952965235,,6.0,0.0,0.0,0.0,82.34296417236328,0,530.0,"NL_ee.String({
  ""type"": ""Invocation"",
  ""arguments"": {
    ""element"": {
      ""type"": ""ArgumentRef"",
      ""value"": ""_MAPPING_VAR_0_0""
    }
  },
  ""functionName"": ""Feature.id""
})",-9999.0,"{""type"":""Point"",""coordinates"":[73.5207345943067,29.641937139318156]}",0.0,0.0,0.0,0.0,0,0,0.5426804498248213,0,0,0
,,,,,,,,199,2.362910332994417,113.09756503912443,0.5657967795669073,-0.5816040381379697,,7.0,7.795596122741699,15.260673999786375,21.33568334579468,215.20861291885376,0,531.0,"NL_ee.String({
  ""type"": ""Invocation"",
  ""arguments"": {
    ""element"": {
      ""type"": ""ArgumentRef"",
      ""value"": ""_MAPPING_VAR_0_0""
    }
  },
  ""functionName"": ""Feature.id""
})",-9999.0,"{""type"":""Point"",""coordinates"":[73.97007156515636,31.463369984592816]}",0.5108290841446993,0.7152653023787163,0.09913954212343482,0.9576019279997307,0,0,0.470219156265889,0,0,0
,,,,,,,,4437,11.971159137487408,313.40238858934606,0.0852713178294573,-0.1965811965811965,,9.0,14.21947956085205,14.21947956085205,14.21947956085205,22.70732593536377,0,532.0,"NL_ee.String({
  ""type"": ""Invocation"",
  ""arguments"": {
    ""element"": {
      ""type"": ""ArgumentRef"",
      ""value"": ""_MAPPING_VAR_0_0""
    }
  },
  ""functionName"": ""Feature.id""
})",-9999.0,"{""type"":""Point"",""coordinates"":[79.17241683472639,32.79103673220763]}",1.0,1.0,0.6262066965228619,0.0,0,0,53.116033093031625,0,0,0
,,,,,,,,4892,31.65935317390632,230.94656176469,-0.0026041666666666,-0.0633965756594169,,9.0,3.154388666152954,3.154388666152954,7.388885259628296,22.75789475440979,0,533.0,"NL_ee.String({
  ""type"": ""Invocation"",
  ""arguments"": {
    ""element"": {
      ""type"": ""ArgumentRef"",
      ""value"": ""_MAPPING_VAR_0_0""
    }
  },
  ""functionName"": ""Feature.id""
})",-9999.0,"{""type"":""Point"",""coordinates"":[78.46596881629965,32.31347429145932]}",1.0,0.42690995398020815,0.324673496356536,0.0,0,0,154.87755572674973,0,0,1
,,,,,,,,226,2.8234657978923257,228.9698822080481,-0.0652631578947368,0.1672025723472668,,7.0,45.77082443237305,83.74993133544922,200.68577766418457,439.2820692062378,0,534.0,"NL_ee.String({
  ""type"": ""Invocation"",
  ""arguments"": {
    ""element"": {
      ""type"": ""ArgumentRef"",
      ""value"": ""_MAPPING_VAR_0_0""
    }
  },
  ""functionName"": ""Feature.id""
})",-9999.0,"{""type"":""Point"",""coordinates"":[77.99018218042023,29.516890777946674]}",0.5465177547315722,0.41731871740104715,0.4568494635504117,0.8297667209204581,0,1,0.6381032703236655,0,0,0
,,,,,,,,4117,23.07692278753552,142.9277500274678,0.2996207332490518,-0.3179487179487179,,7.0,0.0,0.0,15.666598320007324,59.41293525695801,0,535.0,"NL_ee.String({
  ""type"": ""Invocation"",
  ""arguments"": {
    ""element"": {
      ""type"": ""ArgumentRef"",
      ""value"": ""_MAPPING_VAR_0_0""
    }
  },
  ""functionName"": ""Feature.id""
})",-9999.0,"{""type"":""Point"",""coordinates"":[73.8646863299269,34.98024141124432]}",0.0,0.0,0.26369002393586616,0.0,0,0,95.00769111628374,0,0,1
,,,,,,,,5646,6.059654541306252,62.77623519433136,-0.1294343240651965,0.1775362318840579,,,0.0,0.0,41.88730239868164,82.09722900390625,0,536.0,"NL_ee.String({
  ""type"": ""Invocation"",
  ""arguments"": {
    ""element"": {
      ""type"": ""ArgumentRef"",
      ""value"": ""_MAPPING_VAR_0_0""
    }
  },
  ""functionName"": ""Feature.id""
})",-9999.0,"{""type"":""Point"",""coordinates"":[79.10520036422803,30.971381193818065]}",0.0,0.0,0.5102157881198233,0.0,0,0,34.212809540215105,0,0,0
,,,,,,,,797,4.749745746885691,193.0633085511585,0.8194945848375451,-0.6920863309352518,,4.0,138.62664413452148,331.61242294311523,480.561918258667,782.744462966919,0,537.0,"NL_ee.String({
  ""type"": ""Invocation"",
  ""arguments"": {
    ""element"": {
      ""type"": ""ArgumentRef"",
      ""value"": ""_MAPPING_VAR_0_0""
    }
  },
  ""functionName"": ""Feature.id""
})",-9999.0,"{""type"":""Point"",""coordinates"":[77.89869657650077,30.463876791239638]}",0.4180381509962354,0.6900513967996559,0.6139448325666111,1.3921261674727037,1,1,3.7855473602678957,0,0,0
,,,,,,,,208,1.8543341688414128,180.0,0.0289179104477611,-0.0445075757575757,,6.0,0.0,1.6008505821228027,9.816656589508057,147.60594034194946,0,538.0,"NL_ee.String({
  ""type"": ""Invocation"",
  ""arguments"": {
    ""element"": {
      ""type"": ""ArgumentRef"",
      ""value"": ""_MAPPING_VAR_0_0""
    }
  },
  ""functionName"": ""Feature.id""
})",-9999.0,"{""type"":""Point"",""coordinates"":[74.35045670401344,28.8420597748737]}",0.0,0.16307492958791853,0.0665058368705651,0.0,0,0,0.38570150711901385,0,0,0
,,,,,,,,193,2.1231791095972907,90.0,0.594826015667699,-0.5719159633686479,,9.0,0.0,2.877403497695923,2.877403497695923,120.98127770423888,0,539.0,"NL_ee.String({
  ""type"": ""Invocation"",
  ""arguments"": {
    ""element"": {
      ""type"": ""ArgumentRef"",
      ""value"": ""_MAPPING_VAR_0_0""
    }
  },
  ""functionName"": ""Feature.id""
})",-9999.0,"{""type"":""Point"",""coordinates"":[74.76634734015127,29.15761574311373]}",0.0,1.0,0.02378387426796953,0.0,0,0,0.4097735681522771,0,0,0
,,,,,,,,212,2.9801445737297447,21.119925895328183,0.6,-0.5306859205776173,,7.0,0.0,0.0,0.0,161.8393383026123,0,540.0,"NL_ee.String({
  ""type"": ""Invocation"",
  ""arguments"": {
    ""element"": {
      ""type"": ""ArgumentRef"",
      ""value"": ""_MAPPING_VAR_0_0""
    }
  },
  ""functionName"": ""Feature.id""
})",-9999.0,"{""type"":""Point"",""coordinates"":[75.00694798788082,30.349287604294474]}",0.0,0.0,0.0,0.0,0,0,0.6317906496307059,0,1,0
,,,,,,,,3590,7.288690061123908,152.36800934293956,0.0048254328697133,-0.1000621504039776,,7.0,39.53681945800781,39.53681945800781,87.88405227661133,238.1146092414856,0,541.0,"NL_ee.String({
  ""type"": ""Invocation"",
  ""arguments"": {
    ""element"": {
      ""type"": ""ArgumentRef"",
      ""value"": ""_MAPPING_VAR_0_0""
    }
  },
  ""functionName"": ""Feature.id""
})",-9999.0,"{""type"":""Point"",""coordinates"":[74.45597314694182,35.04818852830488]}",1.0,0.4498747888134169,0.3690829914072307,0.0,0,0,26.16639731943483,0,0,0
,,,,,,,,4756,10.62255810393508,161.698450251732,0.153160453808752,-0.258735072976559,,9.0,20.61239242553711,20.61239242553711,20.61239242553711,20.61239242553711,0,542.0,"NL_ee.String({
  ""type"": ""Invocation"",
  ""arguments"": {
    ""element"": {
      ""type"": ""ArgumentRef"",
      ""value"": ""_MAPPING_VAR_0_0""
    }
  },
  ""functionName"": ""Feature.id""
})",-9999.0,"{""type"":""Point"",""coordinates"":[77.02106013262818,34.45427572235101]}",1.0,1.0,1.0,0.0,0,0,50.520886342315244,0,0,0
,,,,,,,,5265,31.12180942432241,15.15524911086814,0.0960167714884696,-0.1104502973661852,,9.0,0.0,0.0,0.0,0.0,0,543.0,"NL_ee.String({
  ""type"": ""Invocation"",
  ""arguments"": {
    ""element"": {
      ""type"": ""ArgumentRef"",
      ""value"": ""_MAPPING_VAR_0_0""
    }
  },
  ""functionName"": ""Feature.id""
})",-9999.0,"{""type"":""Point"",""coordinates"":[80.42041170896117,34.87050268966799]}",0.0,0.0,0.0,0.0,0,0,163.85632661905748,0,1,1
,,,,,,,,3935,24.45888080965269,304.7094916073316,0.0596899224806201,-0.0629860031104199,,9.0,0.0,0.0,0.0,4.460778713226318,0,544.0,"NL_ee.String({
  ""type"": ""Invocation"",
  ""arguments"": {
    ""element"": {
      ""type"": ""ArgumentRef"",
      ""value"": ""_MAPPING_VAR_0_0""
    }
  },
  ""functionName"": ""Feature.id""
})",-9999.0,"{""type"":""Point"",""coordinates"":[76.65061702547948,34.65855380046099]}",0.0,0.0,0.0,0.0,0,0,96.24569598598333,0,0,1
,,,,,,,,4821,9.99677228813249,95.2692201807114,0.0247116968698517,-0.048314606741573,,9.0,0.0,0.0,0.0,0.0,0,545.0,"NL_ee.String({
  ""type"": ""Invocation"",
  ""arguments"": {
    ""element"": {
      ""type"": ""ArgumentRef"",
      ""value"": ""_MAPPING_VAR_0_0""
    }
  },
  ""functionName"": ""Feature.id""
})",-9999.0,"{""type"":""Point"",""coordinates"":[78.84831231560581,33.898501532615654]}",0.0,0.0,0.0,0.0,0,0,48.19443920108674,0,0,0
,,,,,,,,5529,2.987135101268793,338.53500657332404,-0.0155402963498373,0.0032930845225027,,9.0,19.250857830047607,30.59382486343384,30.59382486343384,30.59382486343384,0,546.0,"NL_ee.String({
  ""type"": ""Invocation"",
  ""arguments"": {
    ""element"": {
      ""type"": ""ArgumentRef"",
      ""value"": ""_MAPPING_VAR_0_0""
    }
  },
  ""functionName"": ""Feature.id""
})",-9999.0,"{""type"":""Point"",""coordinates"":[80.48394507118627,32.034094169978644]}",0.6292399827736641,1.0,1.0,0.5892187835744971,0,0,16.515869974915155,0,1,0
,,,,,,,,190,0.0,-0.0,0.7241379310344828,-0.6359918200408998,,7.0,0.0,0.0,4.898565769195557,137.37191247940063,0,547.0,"NL_ee.String({
  ""type"": ""Invocation"",
  ""arguments"": {
    ""element"": {
      ""type"": ""ArgumentRef"",
      ""value"": ""_MAPPING_VAR_0_0""
    }
  },
  ""functionName"": ""Feature.id""
})",-9999.0,"{""type"":""Point"",""coordinates"":[74.19932961572671,30.245351477369187]}",0.0,0.0,0.03565915099223877,0.0,0,0,0.0,0,1,0
,,,,,,,,4876,18.19698143833876,293.20069275101315,-0.0384180790960452,0.0780065005417118,,,76.54010772705078,114.81016159057616,190.3243503570557,329.76046562194824,0,548.0,"NL_ee.String({
  ""type"": ""Invocation"",
  ""arguments"": {
    ""element"": {
      ""type"": ""ArgumentRef"",
      ""value"": ""_MAPPING_VAR_0_0""
    }
  },
  ""functionName"": ""Feature.id""
})",-9999.0,"{""type"":""Point"",""coordinates"":[78.58751509839084,30.993006472380547]}",0.6666666666666667,0.603234222920966,0.5771593935558419,0.49999999999999983,0,0,88.7284814933398,0,0,0
,,,,,,,,3635,44.33936745442919,72.65180361145147,0.1100856954515491,-0.0945726356841079,,9.0,0.0,0.0,0.0,2.6772348880767822,0,549.0,"NL_ee.String({
  ""type"": ""Invocation"",
  ""arguments"": {
    ""element"": {
      ""type"": ""ArgumentRef"",
      ""value"": ""_MAPPING_VAR_0_0""
    }
  },
  ""functionName"": ""Feature.id""
})",-9999.0,"{""type"":""Point"",""coordinates"":[76.36279741062687,35.34526475528443]}",0.0,0.0,0.0,0.0,0,0,161.17360069685012,0,0,1
,,,,,,,,256,5.114375979384787,302.8610534017969,0.9070866141732284,-0.815592203898051,,4.0,0.0,11.515616416931152,34.826645851135254,167.0192174911499,0,550.0,"NL_ee.String({
  ""type"": ""Invocation"",
  ""arguments"": {
    ""element"": {
      ""type"": ""ArgumentRef"",
      ""value"": ""_MAPPING_VAR_0_0""
    }
  },
  ""functionName"": ""Feature.id""
})",-9999.0,"{""type"":""Point"",""coordinates"":[76.14966161503962,30.538468925698538]}",0.0,0.33065533976926964,0.20851879426977118,0.0,0,0,1.3092802507225056,0,0,0
,,,,,,,,582,1.098111657622977,90.0,0.3219047619047619,-0.2774965485503912,,4.0,82.11429405212402,368.382402420044,441.6905155181885,837.799877166748,0,551.0,"NL_ee.String({
  ""type"": ""Invocation"",
  ""arguments"": {
    ""element"": {
      ""type"": ""ArgumentRef"",
      ""value"": ""_MAPPING_VAR_0_0""
    }
  },
  ""functionName"": ""Feature.id""
})",-9999.0,"{""type"":""Point"",""coordinates"":[75.87459923456478,32.37948053080296]}",0.2229050397431691,0.8340283286089133,0.5272028888472592,3.4862153011533463,0,1,0.6391009847365726,0,0,0
,,,,,,,,239,1.4109479078491094,311.088211386647,0.8011152416356877,-0.7211367673179396,,7.0,32.5095329284668,65.12020492553711,137.6260280609131,376.04639053344727,0,552.0,"NL_ee.String({
  ""type"": ""Invocation"",
  ""arguments"": {
    ""element"": {
      ""type"": ""ArgumentRef"",
      ""value"": ""_MAPPING_VAR_0_0""
    }
  },
  ""functionName"": ""Feature.id""
})",-9999.0,"{""type"":""Point"",""coordinates"":[77.82953615003005,29.30899753838071]}",0.49922344325605883,0.47316780003790415,0.36598151591265443,1.0031110588031535,0,0,0.33721654997593714,0,0,0
,,,,,,,,231,2.134108542611956,29.67994325794301,-0.0094310921813203,0.0454412195836997,,6.0,4.54889440536499,4.54889440536499,4.54889440536499,135.93800687789917,0,553.0,"NL_ee.String({
  ""type"": ""Invocation"",
  ""arguments"": {
    ""element"": {
      ""type"": ""ArgumentRef"",
      ""value"": ""_MAPPING_VAR_0_0""
    }
  },
  ""functionName"": ""Feature.id""
})",-9999.0,"{""type"":""Point"",""coordinates"":[75.3078351115836,28.681001585225236]}",1.0,1.0,0.03346300648243909,0.0,0,0,0.49297907334336183,0,1,0
,,,,,,,,232,0.0,-0.0,0.7962003454231433,-0.6726980297547246,,7.0,17.68265151977539,17.68265151977539,53.42930030822754,230.3521237373352,0,554.0,"NL_ee.String({
  ""type"": ""Invocation"",
  ""arguments"": {
    ""element"": {
      ""type"": ""ArgumentRef"",
      ""value"": ""_MAPPING_VAR_0_0""
    }
  },
  ""functionName"": ""Feature.id""
})",-9999.0,"{""type"":""Point"",""coordinates"":[77.36876286232307,29.175946408720804]}",1.0,0.330954203363439,0.23194620236777866,0.0,0,0,0.0,0,1,0
