event_id,landslide_trigger,landslide_size,fatality_count,admin_division_name,longitude,latitude,event_date,elevation,slope,aspect,ndvi,ndwi,population,soil_type,rainfall_3d,rainfall_7d,rainfall_14d,rainfall_30d
35,rain,medium,2,Kashmir,74.91120324,34.09349739,2007-3-12,1964,17.38948134,267.0371473,0.501254499,-0.5101647973,28.87492561,7,51.64063072,51.64063072,68.38983154,117.4752132
37,rain,medium,2,Kashmir,74.33329928,33.87780176,2007-3-19,2709,29.24790096,303.3154887,0.3556796908,-0.3639537692,0.2586887181,7,36.48324966,115.530426,189.7191181,260.8350611
43,downpour,medium,10,Kashmir,74.33129715,33.96590022,2007-3-23,3677,34.40571613,94.066242,-0.01003978774,0.002596222097,4.849047184,7,40.36266851,115.11622,252.0530791,300.3047345
73,rain,medium,0,Kashmir,75.23100105,33.24200083,2007-05-08,691,15.5389891,150.8397375,0.3602558374,-0.3641346097,8.500190735,7,0,10.64019215,16.6526953,27.91233599
111,downpour,medium,0,Kashmir,75.22742039,33.24431511,2007-07-02,836,38.40528794,244.6072866,0.2671207488,-0.2996205688,4.247404099,7,2.829915047,22.96715093,22.96715093,35.63453007
146,downpour,medium,0,Uttarakhand,78.4390032,30.73299844,2007-7-30,1430,46.24334928,172.7483503,0.6977897882,-0.6812915206,3.239362001,7,13.86089802,66.32531643,85.62707615,214.7464564
149,downpour,medium,0,Uttarakhand,79.55999891,30.55699773,2007-7-30,1851,15.45995564,297.9201297,0.2906882465,-0.3658302128,3.645549297,7,19.37277603,42.84219551,42.84219551,138.9717035
150,downpour,medium,2,Uttarakhand,79.34899871,30.4000017,2007-7-30,1342,42.28108622,36.76598701,0.5558273196,-0.5561246276,1.970486283,7,5.552551746,62.19361305,62.19361305,189.4041209
157,rain,medium,0,Kashmir,75.22569918,33.24509991,2007-08-06,771,37.21035235,215.89363,0.2619942427,-0.2642342746,2.765582323,7,5.106586456,15.31975937,15.31975937,100.0557632
173,rain,medium,0,Uttarakhand,78.3026974,30.07020212,2007-8-11,468,4.278963277,270,0.7357951403,-0.667983532,6.508765697,7,30.91347599,53.48510075,155.7184448,324.7158413
177,rain,large,2,Himachal Pradesh,77.59139944,32.73340023,2007-8-12,5761,15.48722457,283.5142496,-0.05427479744,0.07759251446,0.001432946301,,1.993797719,1.993797719,1.993797719,1.993797719
178,rain,medium,11,Himachal Pradesh,76.26650241,32.09850004,2007-8-12,774,6.604858232,261.9635538,0.2495967448,-0.2734382749,9.025399208,4,22.41358757,62.83369446,96.72623634,172.1153717
234,rain,medium,0,Kashmir,75.30979782,33.16620058,2007-09-05,946,28.84262459,357.9876943,0.2351304442,-0.2834295034,3.310926437,7,5.207120895,11.99086475,45.97051239,119.4482698
237,rain,large,0,Uttarakhand,80.21669964,29.5832995,2007-09-06,1579,10.88920522,255.3779454,0.389834851,-0.4269765317,47.18540573,4,122.0335236,140.816246,189.1653261,299.037333
395,rain,medium,13,Kashmir,76.83271015,34.93977235,2007-12-16,4782,48.88679464,271.6191724,0.00834149681,-0.02784186788,0.008055598475,9,2.120476007,4.255450755,7.407230824,11.78144976
410,rain,medium,1,Kashmir,75.54640218,33.15169958,2008-01-06,1200,37.04404653,92.45846509,0.3364379704,-0.3857414424,13.68445492,7,2.596991062,2.596991062,2.596991062,16.97579241
416,rain,medium,0,Kashmir,75.19230051,33.43409891,2008-01-07,1703,35.28768849,61.29253374,0.6032790542,-0.5854474902,4.919126511,7,6.05556345,8.759898663,8.759898663,45.11641741
419,rain,medium,0,Kashmir,75.24528355,33.23738121,2008-01-09,875,32.85292085,219.0045166,0.1671039462,-0.2202363312,7.944568634,7,22.34680796,22.34680796,22.34680796,47.62740898
428,snowfall_snowmelt,medium,0,Kashmir,75.2005989,33.25370152,2008-1-16,670,15.28023151,219.6203408,0.268257767,-0.3222849965,,4,5.371487141,23.50770283,57.50246906,65.6661129
443,downpour,medium,0,Kashmir,75.21320478,33.33280597,2008-02-03,1488,40.78724992,208.1371663,0.2631290257,-0.3296877742,2.500746965,7,0,3.142256021,3.142256021,100.2395704
452,rain,medium,0,Kashmir,75.24199719,33.24180017,2008-2-13,827,36.98310401,257.5873576,0.5795305967,-0.5506577492,8.179836273,7,0,6.010285378,6.010285378,48.53116274
481,snowfall_snowmelt,medium,25,Himachal Pradesh,77.1613013,32.28620144,2008-3-17,2388,41.61113805,165.0067118,0.6511496305,-0.6454626322,0.9140514135,7,0,5.135344148,5.135344148,12.41198075
488,rain,medium,2,Kashmir,77.26650042,34.21900325,2008-3-30,3379,2.166701657,211.1602426,0.05233136192,-0.1507654786,0.391712606,9,3.047153711,4.570730567,6.73754108,6.73754108
492,rain,medium,0,Kashmir,74.99849906,33.93370105,2008-04-05,1590,0.9274099369,0,0.3695057929,-0.3900036812,6.991352081,7,9.751368284,16.58445525,22.67378706,29.16781777
516,unknown,medium,12,Kashmir,75.74539849,33.14629961,2008-05-01,1278,33.05855199,340.9281215,0.5625329018,-0.5609793067,2.345854759,7,1.02122438,1.02122438,1.02122438,21.60353535
523,downpour,medium,0,Kashmir,74.98449748,33.95130112,2008-05-05,1596,2.419500107,292.5265818,0.1454045027,-0.1823872328,7.011182785,7,4.76798439,10.08704805,13.83456802,59.72661829
568,rain,medium,0,Himachal Pradesh,77.19300105,31.20770097,2008-06-03,863,28.00075771,214.7162521,0.7530508041,-0.6975744963,3.027746201,7,0,0,14.74694157,20.26976824
588,rain,medium,0,Kashmir,75.09439649,32.56589855,2008-6-15,346,10.8066246,115.0892786,0.5288136601,-0.5209366679,10.48916817,7,6.253404617,10.75988388,15.6116147,23.46040547
592,rain,medium,0,Himachal Pradesh,77.24659945,32.37120083,2008-6-18,3971,7.51810232,119.382353,-0.007048627827,-0.009127235971,0.08035057783,7,4.556630611,6.834945917,10.4067471,15.52103591
653,rain,medium,14,Uttarakhand,80.10000051,29.33000027,2008-7-18,1622,12.5004036,48.91766156,0.5293320417,-0.5604258776,5.987045288,4,35.49407387,63.62571335,117.0990658,199.9647913
697,rain,medium,0,Himachal Pradesh,77.08999582,31.13000113,2008-08-08,1684,27.17915324,203.8991554,0.4905585349,-0.545134306,1.162033677,7,15.66091514,21.11376452,47.6853435,102.4543684
715,monsoon,medium,0,Himachal Pradesh,77.12000111,31.0000005,2008-8-14,1440,28.02313098,54.69789115,0.5160865188,-0.5601782203,1.206344247,7,20.32681847,42.64458179,72.87363386,106.6475425
717,downpour,medium,0,Kashmir,74.92769745,33.00000096,2008-8-15,968,24.69231765,189.6668447,0.7623720765,-0.695753336,4.684641361,4,0,33.18674088,102.8524952,329.2927952
725,rain,medium,0,Himachal Pradesh,77.16000371,31.1000003,2008-8-17,1962,14.66807271,171.6944872,0.4812481403,-0.5440385342,175.2233429,4,12.4178009,44.6878047,80.3504622,109.0580351
796,downpour,medium,0,Himachal Pradesh,77.30000164,30.5599987,2008-9-19,897,6.552460502,9.419649756,0.08641295135,-0.1378223598,13.20971107,4,14.12536144,14.12536144,23.17146873,40.915766
797,downpour,large,38,Himachal Pradesh,77.16449848,31.1000003,2008-9-19,1883,15.31098475,229.4276441,0.3457968831,-0.374890238,165.8868408,4,0,0,8.12681675,21.40093637
798,downpour,medium,6,Himachal Pradesh,78.31500452,31.58700102,2008-9-19,2792,25.42429645,271.9515329,0.6667419672,-0.5648804903,1.124491572,9,0,0,14.60398197,27.63256884
804,rain,medium,0,Haryana,77.08000297,30.7000011,2008-9-22,939,31.50843533,79.34754323,0.7077285051,-0.6761023402,1.100900173,7,25.57441235,34.09921646,34.09921646,43.75060177
858,downpour,medium,2,Kashmir,74.63259861,33.65490021,2008-10-22,3010,44.83693775,186.7391963,0.5252385139,-0.5499731898,1.134512305,7,0,39.11452866,65.19087982,138.2460451
940,rain,medium,0,Kashmir,75.2470003,33.24499735,2008-12-20,1211,10.99181332,274.7807153,0.4374826849,-0.4786918461,2.83843255,7,31.20114946,54.6857028,110.6439052,110.6439052
942,unknown,medium,1,Himachal Pradesh,77.08899698,30.89500204,2008-12-21,1655,33.45827122,11.52664432,0.56800735,-0.5716911554,12.16016006,7,18.62998009,21.73497677,21.73497677,28.89008904
1072,downpour,large,15,Uttarakhand,80.20980141,29.58849881,2009-08-08,1640,4.258462806,90,0.1159780696,-0.1707836539,19.86385918,4,38.90457249,60.72250462,155.3443098,314.8811626
1097,continuous_rain,medium,0,Uttarakhand,80.1326991,29.40850274,2009-8-17,1646,20.40510258,87.50594412,0.6778227687,-0.6421214342,1.637311697,7,58.94232464,95.85460377,173.5616722,341.9181137
1130,downpour,medium,3,Uttarakhand,78.5658022,29.70360159,2009-09-01,432,30.39457556,335.6041124,0.6681839228,-0.5800254941,1.06324017,7,0,56.58259964,56.58259964,315.0776358
1134,rain,medium,0,Himachal Pradesh,77.22339429,32.3510011,2009-09-03,3272,11.93173647,174.7972153,0.2569794953,-0.3721671104,0.4953711331,7,27.6710434,47.69182014,47.69182014,112.8987751
1149,downpour,medium,0,Himachal Pradesh,76.90010054,31.54940188,2009-09-09,861,1.854334169,0,0.5718998313,-0.5425184965,14.07085609,4,0,28.35188293,220.2834396,323.9469452
1153,downpour,medium,0,Himachal Pradesh,78.61669838,31.88329937,2009-9-10,3296,29.40437876,329.5086705,0.09433431923,-0.176762253,0.4603001475,9,28.94133067,42.43570209,42.43570209,42.43570209
1154,downpour,medium,0,Himachal Pradesh,77.5795962,32.40349809,2009-9-10,4373,4.627367506,0,-0.05050310493,0.05299560353,0.002441520104,9,5.505983353,11.47355652,41.58548069,48.19197607
1157,downpour,small,0,Himachal Pradesh,77.16249634,31.10320193,2009-9-12,2032,30.66779271,144.9795921,0.6926863194,-0.6534693241,186.5897217,7,0,0,258.9176941,378.8428879
1384,downpour,medium,0,Kashmir,74.94890048,33.02890039,2010-01-03,1759,41.06800136,330.8249235,0.1665779799,-0.1673519313,4.429538727,4,0,0,8.18110466,29.14419198
1475,downpour,medium,0,Kashmir,75.80110158,33.15949855,2010-02-06,1134,35.31251983,295.7339005,0.4143538475,-0.4699385464,1.726761699,7,4.874398232,4.874398232,19.89952707,23.52687311
1487,downpour,medium,1,Kashmir,74.02249994,34.08760246,2010-02-08,1391,7.844665282,96.74740103,0.6263076067,-0.6303425431,5.314298153,7,67.98355007,67.98355007,86.41662765,102.7560549
1498,rain,medium,0,Kashmir,74.12130024,34.15100196,2010-2-10,1444,11.20817047,191.3867451,0.3195876181,-0.3312825263,3.060091496,7,49.37096024,87.32422543,102.8687086,115.5268714
1521,downpour,medium,2,Uttarakhand,78.50939903,30.38299914,2010-2-23,725,7.063613384,229.216866,-0.4088027775,0.7110117674,1.546506643,4,0,0,5.012580395,52.60159338
1526,downpour,medium,2,Kashmir,74.94020077,33.00969951,2010-2-26,1386,30.78374342,218.0000553,0.6729179025,-0.6353572011,4.367264271,4,4.140175223,4.140175223,4.140175223,79.60019362
1768,downpour,medium,0,Kashmir,76.34158922,34.38662978,2010-4-20,3268,22.89124234,232.1634724,0.05893417075,-0.1362586617,0.5433402061,9,5.598295629,5.598295629,10.71009678,33.56761688
1769,downpour,medium,0,Kashmir,76.34149112,34.38667437,2010-4-20,3260,25.59656578,227.4810804,0.05256199837,-0.1178903803,0.5433402061,9,5.598295629,5.598295629,10.71009678,33.56761688
1871,downpour,medium,0,Kashmir,75.62329938,34.39509761,2010-5-17,3873,27.97783901,347.1981769,-0.007905383594,0.003964469302,0.2812661231,7,15.48680067,49.9033308,87.8384757,132.0182707
1901,downpour,medium,0,Kashmir,74.02559456,34.09000146,2010-5-25,1314,16.32661026,27.84663036,0.4909233153,-0.4782005847,11.07407379,7,9.77986145,9.77986145,49.26773834,138.4040961
1908,rain,medium,0,Kashmir,77.60009914,34.56279994,2010-5-27,3117,0,0,0.009015653282,-0.03241564706,0.01900626346,9,0,4.962259769,18.23122597,24.37190104
1946,downpour,medium,0,Kashmir,74.02559456,34.09009956,2010-06-05,1314,16.32661026,27.84663036,0.4909233153,-0.4782005847,11.07407379,7,133.9133797,133.9133797,160.5367317,255.0224848
1962,downpour,medium,0,Himachal Pradesh,77.17235987,31.0990728,2010-06-09,2071,18.68215548,231.5113643,0.4174957573,-0.4690861702,192.4033356,7,99.9968605,126.325634,126.325634,126.325634
2040,downpour,medium,0,Uttarakhand,78.32969726,30.63800176,2010-07-06,905,41.52803343,273.1434912,0.7361952662,-0.6668501496,5.531934738,4,129.7547913,129.7547913,234.0347061,234.0347061
2041,downpour,medium,0,Uttarakhand,78.88469481,30.24849928,2010-07-06,929,26.67449429,42.17521758,0.6966044903,-0.6618102193,1.367909908,7,64.119133,64.119133,80.59339809,126.0054672
2046,downpour,medium,0,Himachal Pradesh,77.24980108,32.3732966,2010-07-07,3948,7.790474485,325.918294,-0.01734160632,0.01384021249,0.08052168041,7,0,0,0,42.09329319
2047,downpour,medium,0,Himachal Pradesh,78.07199689,32.21900279,2010-07-07,3597,3.413141369,105.7487605,0.1383663118,-0.2440266162,0.3334175944,9,9.648777962,9.648777962,9.648777962,44.96586227
2048,downpour,medium,0,Himachal Pradesh,76.8529946,32.65980276,2010-07-07,3669,26.18268971,188.9994026,0.2409567237,-0.2719784081,0.05917047709,9,0,0,0,0
2049,downpour,medium,0,Himachal Pradesh,77.95210058,31.50410187,2010-07-07,3587,35.67414292,208.427978,0.2205604166,-0.3695403636,0.06399606913,9,81.99653244,81.99653244,129.8859215,177.7753105
2050,downpour,medium,0,Himachal Pradesh,78.43540025,31.64500055,2010-07-07,2874,26.04448665,76.59270059,0.1061726436,-0.173951894,0.1329344809,9,48.80460262,48.80460262,62.05448246,136.7220483
2051,downpour,medium,0,Himachal Pradesh,77.17929824,31.1011017,2010-07-07,2270,22.23075682,283.7471042,0.6114932299,-0.591766119,13.91370201,4,199.4525795,199.4525795,227.951932,384.9971759
2056,downpour,medium,0,Himachal Pradesh,77.21060113,32.30400217,2010-7-11,3100,17.85532021,197.2938362,0.7626421452,-0.7309815288,0.2567324042,7,0,0,0,21.29440594
2091,downpour,medium,0,Himachal Pradesh,77.54350423,30.63579896,2010-7-17,1646,30.54266259,322.7124173,0.675943315,-0.6443399787,1.004412651,7,13.31385136,100.1839609,340.0127945,451.0935974
2103,downpour,medium,0,Uttarakhand,78.61150353,29.98620158,2010-7-20,1025,35.78134233,164.970696,0.619197309,-0.6477811933,0.6931651831,6,62.05520248,62.05520248,182.394928,375.1857834
2104,downpour,medium,0,Uttarakhand,80.12600153,29.3600011,2010-7-20,1380,22.97868216,74.50059436,0.776843369,-0.676184535,0.6051058173,7,37.17757225,63.53882122,146.696681,234.1414452
2105,downpour,medium,1,Uttarakhand,79.55190118,29.35759764,2010-7-20,1338,4.248813237,270,0.2417061329,-0.3222682178,8.648342133,4,56.41221619,72.52999115,170.1840591,285.228817
2118,downpour,medium,1,Uttarakhand,75.20300235,33.38930278,2010-7-22,1556,4.434450612,270,0.425411731,-0.4825031757,4.850820065,7,33.57326794,47.00257492,93.72508717,133.6249461
2120,downpour,medium,0,Kashmir,79.66280349,29.60950118,2010-7-22,1489,23.41786317,261.4018728,0.5572407246,-0.5634099245,12.02193928,4,26.17913628,69.81102848,127.6648397,268.8060179
2135,downpour,medium,0,Himachal Pradesh,76.36409876,32.20670013,2010-7-25,1311,9.162713798,225.3704132,0.681233108,-0.6307144761,4.784786224,7,130.9026947,224.6452084,424.3415451,645.7875214
2136,downpour,medium,0,Himachal Pradesh,77.09690297,30.90400051,2010-7-25,1445,20.20227443,235.1177418,0.5523190498,-0.5682430863,16.43463516,7,120.908041,136.1322489,298.8226318,513.9704247
2137,downpour,medium,0,Himachal Pradesh,77.28890294,30.55890176,2010-7-25,883,11.03895424,240.1411004,0.11998564,-0.1533529758,13.84407902,4,73.18729401,95.65033913,237.0990496,451.3516874
2138,downpour,medium,0,Himachal Pradesh,77.16750391,31.09309761,2010-7-25,1920,26.00028668,195.7419466,0.3452976346,-0.4160844982,10.92442608,4,55.29340744,72.73439598,225.7105293,440.7260141
2139,downpour,medium,2,Himachal Pradesh,77.17269877,31.10540027,2010-7-25,2199,20.89802234,43.88509068,0.2380951345,-0.3169685304,211.3073883,4,55.29340744,72.73439598,225.7105293,440.7260141
2161,downpour,medium,0,Uttarakhand,78.45169826,30.74670126,2010-7-29,1174,20.14859954,77.25596783,0.5878775716,-0.5682473183,3.788622618,7,81.01282501,188.3612061,304.8350334,564.6824188
2162,downpour,medium,0,Uttarakhand,79.3425999,30.40539721,2010-7-29,1052,39.57189005,340.0828408,0.1851444244,-0.1669293493,5.749558449,7,34.70096111,91.89253902,165.2205458,292.1910791
2183,downpour,medium,0,Himachal Pradesh,77.13249997,31.06550023,2010-7-31,1861,34.96618903,283.3839815,0.6875200868,-0.6465870142,4.531736374,4,23.22540283,228.5419922,297.8972168,602.6133499
2198,downpour,medium,0,Himachal Pradesh,77.41380236,32.75710035,2010-08-04,4884,9.357350627,207.8559182,-0.01624913886,0.00897213351,0.004040925298,9,4.817196369,4.817196369,49.78919649,78.51579142
2202,downpour,medium,5,Uttarakhand,79.33509969,30.40679737,2010-08-05,1002,36.81164853,185.7573586,0.5262595415,-0.551515162,5.443369389,7,42.44707489,146.5499601,238.4424992,384.2132263
2206,downpour,large,182,Kashmir,77.4870966,34.14160218,2010-08-06,3189,8.578389292,164.9707173,0.04218300432,-0.1080051959,2.015679121,9,22.50573468,22.50573468,57.96774793,57.96774793
2207,downpour,very_large,234,Kashmir,77.6538001,34.14810355,2010-08-06,3758,5.547544895,180,0.2696130276,-0.3867883086,0.3138296008,9,21.22812819,21.22812819,59.30592132,59.30592132
2208,downpour,large,0,Kashmir,77.35040286,34.21160114,2010-08-06,3317,42.60008862,128.0348364,0.07021341473,-0.1675361395,0.1700970978,9,27.26562238,27.26562238,92.00396466,92.00396466
2209,downpour,large,0,Kashmir,77.51010111,34.20799819,2010-08-06,3784,9.310805061,107.2300002,0.1503277421,-0.2568368316,0.3146003783,9,40.31436396,40.31436396,129.5529428,129.5529428
2210,downpour,very_large,0,Kashmir,77.55280146,34.1619,2010-08-06,3643,24.20390049,205.7996206,0.05199786276,-0.1431755871,2.726959229,9,22.50573468,22.50573468,57.96774793,57.96774793
2211,downpour,large,0,Kashmir,77.32650208,34.30609841,2010-08-06,4043,17.25686204,297.9693992,0.07380926609,-0.161248669,0.07077653706,9,10.34895313,10.34895313,39.60864246,39.60864246
2212,downpour,large,0,Kashmir,77.59709817,34.14820165,2010-08-06,3563,23.36896698,193.0817501,0.04847231135,-0.1275252104,1.67845428,9,20.8995862,20.8995862,55.5741353,55.5741353
2213,downpour,large,11,Kashmir,77.58740408,34.11140068,2010-08-06,3231,2.780288516,0,0.08459471166,-0.1589183807,1.908077121,9,10.51183605,10.51183605,29.26150608,29.26150608
2215,downpour,medium,0,Himachal Pradesh,77.24680457,32.37100017,2010-08-06,3969,6.812700984,285.7236908,-0.01257071551,0.001471623546,0.08035057783,7,38.18976593,53.19855499,116.5109482,167.3694363
2226,downpour,medium,0,Uttarakhand,75.76270426,33.33400101,2010-08-09,1612,4.315405751,210.8987702,0.4709663093,-0.5208632946,1.338478923,7,18.39157104,47.34637833,87.28025055,175.7567358
2227,downpour,medium,0,Uttarakhand,79.53060006,30.64630014,2010-08-09,2051,26.59832339,52.10304352,0.6626967192,-0.6276561618,0.7240485549,7,0,139.6525059,300.4802055,440.0561943
2228,downpour,medium,0,Uttarakhand,78.34750245,30.67849931,2010-08-09,949,37.34443544,150.4387379,0.4083626568,-0.4512135684,2.725782633,7,74.19651794,221.3048,405.5191212,713.4983711
2229,downpour,medium,1,Kashmir,78.36840225,30.51510001,2010-08-09,826,22.60496643,54.32499906,0.4354598224,-0.44935444,1.703456163,7,32.76087952,145.5307913,268.5336199,519.6614141
2234,downpour,medium,0,Himachal Pradesh,77.11039621,31.95799823,2010-8-11,1232,1.433324484,130.3124664,0.2284738719,-0.3532932103,8.523755074,7,26.92288589,69.50293255,121.281167,364.5905724
2241,rain,medium,0,Himachal Pradesh,78.6178622,30.80199857,2010-8-13,1629,33.61723338,166.8925451,0.3268329501,-0.4644767046,1.426962495,7,23.53434181,97.49941635,317.0687981,553.6003666
2242,downpour,medium,0,Uttarakhand,76.99099932,30.85219913,2010-8-13,1244,13.88824263,97.52384013,0.6463620663,-0.631608367,3.438817501,4,101.5877609,152.2045784,271.2577782,584.0680857
2246,downpour,medium,2,Himachal Pradesh,77.09580157,30.90120019,2010-8-14,1403,13.24987864,74.03854441,0.8245883584,-0.7480949759,15.70255756,7,54.05412674,144.6357307,237.3000164,581.8699007
2257,downpour,medium,0,Uttarakhand,79.49709883,30.72840111,2010-8-16,3062,22.18331606,236.2342019,0.5969733596,-0.5772448182,0.2732054591,7,41.93262863,41.93262863,195.6033344,419.4196949
2268,downpour,large,18,Uttarakhand,79.92610003,30.01339763,2010-8-18,1702,22.29271057,50.82088859,0.5884793401,-0.5991675258,0.8711296916,4,49.53808212,49.53808212,166.1098232,421.8959656
2290,downpour,medium,0,Uttarakhand,79.02639612,30.65090193,2010-8-20,1985,33.3999714,267.1856377,0.690739572,-0.605661869,0.8234710693,7,25.97656441,77.92969322,158.7446423,608.7176676
2291,downpour,medium,0,Uttarakhand,78.41509796,30.96599985,2010-8-20,2428,53.53674291,257.5656555,0.5380165577,-0.5846148133,0.4435012341,7,68.05470276,99.08674812,238.8609085,659.4188156
2292,downpour,medium,0,Uttarakhand,78.61859796,30.81830105,2010-8-20,1609,21.4291082,54.73037792,0.3731324971,-0.4432783127,3.815018892,7,54.96814156,73.29085541,138.8658094,495.5630159
2293,downpour,medium,0,Uttarakhand,78.64369824,30.7221004,2010-8-20,3286,41.53589445,224.5465511,0.8076699376,-0.784834981,0.09605431557,7,72.9920578,87.59046936,184.823245,628.528161
2294,downpour,medium,0,Uttarakhand,78.83709837,30.38459996,2010-8-20,2172,6.464860749,0,0.2282839864,-0.2983339727,1.600059032,7,49.80385208,49.80385208,125.4349241,472.6083431
2305,downpour,medium,0,Himachal Pradesh,77.77549788,31.53039719,2010-8-21,1239,22.75803145,295.1171912,0.6832485795,-0.666990459,3.368414402,9,34.86203003,57.94271851,141.4433098,425.3040123
2309,downpour,medium,1,Haryana,79.67239947,30.42379992,2010-8-22,5056,48.94135458,94.04297313,-0.01838274859,0.02107491158,0.05215783045,7,0,34.89582443,62.27996826,356.7740126
2310,downpour,medium,0,Uttarakhand,77.06659892,30.40839818,2010-8-22,301,0.9274099369,180,0.3352390826,-0.3991336226,2.234534979,7,54.74129105,144.9550056,308.618763,527.3525467
2339,downpour,medium,0,Himachal Pradesh,78.06410428,30.36499775,2010-8-26,776,3.715081822,299.9081624,0.2705649734,-0.2951335609,40.63285065,7,151.5863342,288.670208,456.7250366,908.7821026
2340,downpour,medium,0,Uttarakhand,75.95680447,32.70289998,2010-8-26,1995,41.19582198,98.50819676,0.5749408603,-0.582418263,0.9323754311,4,53.69686508,190.2952671,242.7068033,489.8734941
2378,downpour,medium,0,Uttarakhand,78.38960082,30.13500178,2010-09-03,373,5.653069406,49.14527804,0.1852749884,-0.2351841629,2.148894072,7,114.9809418,181.2312622,317.5858154,529.2033834
2379,downpour,medium,0,Uttarakhand,78.98290205,30.28509958,2010-09-03,651,9.255536064,6.605659996,0.3181288242,-0.3489864469,11.22694588,7,28.03042412,87.89925575,137.8489437,234.0775928
2380,downpour,medium,0,Uttarakhand,79.02780074,30.40079987,2010-09-03,1023,25.25389797,84.09088379,0.5519143939,-0.5620706677,6.161543369,7,59.39830971,97.56360435,97.56360435,239.7300205
2389,downpour,medium,0,Uttarakhand,79.38880064,30.50039836,2010-09-04,2139,35.8992531,317.5599382,0.8103574514,-0.7399909496,0.1093022674,7,63.93435669,142.7378616,142.7378616,276.2588253
2390,downpour,medium,0,Uttarakhand,78.62299909,30.79600108,2010-09-04,1876,15.70278673,290.2107617,0.8106402755,-0.756100297,0.6362124085,7,63.57370377,63.57370377,165.2002945,413.2636833
2391,downpour,medium,0,Uttarakhand,78.33989522,30.89869864,2010-09-04,1904,47.53350399,353.0579624,0.6056842208,-0.519048214,0.6193025112,7,48.57941818,171.3261986,287.2663002,526.2212315
2397,downpour,medium,0,Himachal Pradesh,77.14949806,32.0987007,2010-09-06,1591,6.35235079,316.6391424,0.7059754729,-0.6737300754,6.538250446,7,29.2250061,78.70459938,90.27171135,250.1519613
2414,downpour,medium,0,Haryana,76.98439985,30.70590049,2010-9-11,767,10.81530079,99.75715848,0.7003381252,-0.6677684188,1.015586615,4,41.5909462,122.0871086,218.5127163,392.7038517
2416,downpour,medium,0,Uttarakhand,78.4403008,30.7332972,2010-9-12,1466,40.43180914,188.9008229,0.7215046287,-0.7081902623,3.412759781,7,97.34723663,220.8124084,473.481781,690.9680786
2427,downpour,medium,0,Himachal Pradesh,77.21949703,32.3109004,2010-9-13,3388,30.77665927,324.6281399,0.2329277992,-0.124714382,0.3251068294,7,0,0,40.31135559,105.6395054
2432,downpour,medium,0,Himachal Pradesh,77.89499733,31.41350186,2010-9-15,3838,54.05620551,3.942947457,0.08070467412,-0.05270779133,0.5605778098,7,0,53.83430862,96.07678604,139.6307068
2440,downpour,very_large,0,Uttarakhand,79.49970295,30.75402311,2010-9-17,3145,15.05209603,302.8029453,0.2009920925,-0.3027369976,0.3945244253,7,0,0,0,130.2344398
2443,downpour,medium,4,Uttarakhand,79.53430111,29.60419931,2010-9-18,1788,2.977266995,20.97583263,0.3448160887,-0.3976206481,0.78481251,7,20.71163559,82.84654236,145.5092468,326.3261375
2444,downpour,medium,0,Uttarakhand,79.53710143,29.24839872,2010-9-18,490,2.318273359,113.5694255,0.2684737742,-0.2904735804,31.32933044,4,0,107.319252,201.7800426,495.9968004
2445,downpour,large,24,Uttarakhand,78.60069912,30.1454004,2010-9-18,487,23.04392255,197.9414965,0.1162502617,-0.196162641,5.165060043,4,0,83.72859192,193.0165291,476.408287
2452,downpour,medium,0,Himachal Pradesh,77.91369434,30.1977012,2010-9-19,520,13.78394463,142.3554823,0.4736284018,-0.4949663281,1.356271982,7,0,63.6578331,280.7013206,682.2265387
2453,downpour,medium,0,Himachal Pradesh,79.49400422,29.61309967,2010-9-19,1715,25.08656575,61.04673111,0.6546405554,-0.6343286037,1.246611357,4,106.547905,200.7879505,260.3693218,471.3409481
2454,downpour,medium,0,Himachal Pradesh,79.53220533,30.9012983,2010-9-19,5775,56.63517381,78.93788481,-0.01032712124,0.00447165966,0.009726488031,9,205.1586304,205.1586304,205.1586304,225.2926064
2455,downpour,medium,0,Himachal Pradesh,78.42649988,30.10349823,2010-9-19,700,38.51200581,159.3472226,0.7361784577,-0.697729528,0.6400857568,7,0,69.0749588,248.9986229,662.4018898
2456,downpour,medium,0,Himachal Pradesh,79.43559891,30.79910016,2010-9-19,4148,28.99648388,242.1392808,0.07675480843,-0.1180295572,0.04658617452,7,132.125946,172.1079445,172.1079445,263.8390007
2457,downpour,medium,0,Himachal Pradesh,77.97959986,31.56299768,2010-9-19,1558,50.36384988,11.80493649,0.513256371,-0.510989964,2.952478647,9,0,0,79.35762024,149.8586273
2458,downpour,medium,0,Himachal Pradesh,78.77559844,30.90149895,2010-9-19,5200,45.33488013,237.0444803,0.00434732344,-0.02839704603,0.03064219654,,30.76639366,30.76639366,147.9039974,327.8283749
2459,downpour,medium,0,Himachal Pradesh,79.32109811,29.5477025,2010-9-19,855,27.03853352,10.50353957,0.6970508099,-0.6444275975,1.546770334,7,93.40499115,184.5499573,276.2050896,598.3774815
2460,downpour,medium,0,Himachal Pradesh,77.18890314,31.98430246,2010-9-19,2288,39.13570116,206.4637038,0.3647501767,-0.5094447732,1.088352799,7,0,0,0,72.34842587
2461,downpour,medium,1,Himachal Pradesh,78.21140177,31.45819988,2010-9-19,3044,23.57982655,270,0.7461182475,-0.6271293759,0.1858427078,7,0,0,47.2699852,94.60771561
2462,downpour,medium,0,Himachal Pradesh,77.11029811,30.90859784,2010-9-19,1572,20.54193677,30.23187562,0.2284118235,-0.2870797515,21.39668655,7,0,0,184.7977753,373.8773346
2463,downpour,medium,0,Uttarakhand,77.50920037,31.11909863,2010-9-19,1561,31.23109563,171.0298313,0.3471467495,-0.4857852161,12.04228973,7,0,0,159.6561241,288.6104889
2464,downpour,medium,0,Uttarakhand,77.50630195,30.95439727,2010-9-19,2582,14.62360416,60.24263263,0.7640387416,-0.7053191662,0.09287475049,7,0,0,117.2547989,339.921669
2465,downpour,medium,0,Uttarakhand,77.41530062,31.41610151,2010-9-19,1905,21.5682277,19.62765597,0.6081221104,-0.6078552604,1.593971491,7,0,0,97.30905914,251.2618752
2466,downpour,medium,0,Uttarakhand,76.95760511,30.87409778,2010-9-19,1279,32.78090217,301.8619825,0.6760706306,-0.6456352472,3.555619955,7,0,0,231.1728516,438.1253929
2467,downpour,medium,0,Uttarakhand,77.16950159,30.71979951,2010-9-19,1130,14.26413437,162.7664126,0.5632189512,-0.5919377804,2.185264587,4,0,0,189.0493793,305.2257595
2468,downpour,medium,0,Uttarakhand,77.09649719,30.90350109,2010-9-19,1417,25.60669917,222.0055793,0.3529107571,-0.4517424107,15.31701374,7,0,0,184.7977753,373.8773346
2469,downpour,medium,0,Uttarakhand,77.46679878,30.90090144,2010-9-19,2470,30.79169209,333.6911982,0.7702658176,-0.7146072984,0.1364288628,9,0,0,179.9736023,407.3363228
2470,downpour,medium,2,Uttarakhand,78.07669678,30.43260218,2010-9-19,1419,23.7174283,280.6163347,0.775908649,-0.6858395338,4.422263622,4,0,31.51133156,337.1960773,1042.533846
2471,downpour,medium,0,Uttarakhand,80.05800023,29.79109807,2010-9-19,1447,20.83556961,303.570014,0.6539787054,-0.6211277843,1.498232961,7,125.9339294,180.581955,243.1776352,460.5048885
2475,downpour,medium,0,Himachal Pradesh,77.71550068,31.15809792,2010-9-20,1758,28.25178309,129.2435251,0.3681628704,-0.490455538,2.688562632,7,0,0,118.3195648,194.1976128
2476,downpour,medium,0,Himachal Pradesh,79.48410055,29.39870164,2010-9-20,2280,25.9851585,97.63412455,0.6374804378,-0.6358461976,1.871601582,4,150.028183,236.361084,387.9194107,758.979187
2478,downpour,medium,0,Himachal Pradesh,78.44010014,30.7331991,2010-9-20,1441,40.92137892,166.1741737,0.6841931343,-0.6736787558,3.412759781,7,0,0,220.8124084,592.6343307
2479,downpour,medium,0,Uttarakhand,78.28440171,31.56990037,2010-9-20,2306,37.39049741,304.8800395,0.4864910245,-0.4538727701,0.2737004757,9,0,0,33.52494431,80.63847351
2480,downpour,medium,0,Uttarakhand,77.11789641,31.94400111,2010-9-20,1347,24.19836748,257.517993,0.6202546358,-0.6266616583,7.895431042,7,0,0,0,98.80586529
2488,downpour,medium,0,Himachal Pradesh,77.10379674,31.02149782,2010-9-22,1692,35.40542762,79.50261228,0.4193332493,-0.4451057315,1.205998778,7,41.99423599,41.99423599,237.5809135,433.9937344
2492,downpour,medium,0,Kashmir,75.17707268,33.27139969,2010-9-23,1146,48.42106878,274.943262,0.4080142081,-0.3762352169,1.690073729,7,35.87011337,35.87011337,63.82519531,169.234437
2502,downpour,medium,0,Kashmir,75.23819804,33.241002,2010-9-25,732,13.16746415,194.3705668,0.07947633415,-0.1520219445,7.494973183,7,41.65919876,41.65919876,68.95125961,133.1071472
2538,continuous_rain,medium,0,Himachal Pradesh,76.81799957,30.91410037,2010-10-03,428,3.858420848,196.2458869,0.2557286322,-0.3679535091,6.164227962,4,0,0,145.5928116,392.3217239
2546,downpour,medium,0,Himachal Pradesh,77.17920014,30.95459793,2010-10-04,1864,37.99735984,335.746962,0.7848115563,-0.7054610252,0.8180151582,4,0,0,153.0225563,363.6668129
2594,downpour,medium,0,Kashmir,75.80619833,33.18470139,2010-10-12,982,20.46378495,260.0075208,0.1953109205,-0.2667244971,2.024087906,7,0,0,0,64.37195587
2596,rain,medium,0,Himachal Pradesh,78.26190108,31.51580255,2010-10-14,1899,44.2982923,344.1908325,0.1760299653,-0.1657132953,1.991736054,7,0,0,0,107.8801193
2645,downpour,medium,3,Kashmir,74.02269614,34.0886994,2010-10-21,1394,21.00040183,104.656186,0.5540015697,-0.5834013224,5.447740078,7,0,0,0,36.93595314
2648,downpour,medium,1,Kashmir,74.9396969,33.01069834,2010-10-22,1428,36.33100897,231.9509379,0.4359036684,-0.3814508915,4.009647846,4,8.496903419,8.496903419,8.496903419,54.48717594
3097,downpour,medium,0,Kashmir,75.17240846,33.35406696,2011-02-07,1297,33.88209581,231.1884038,0.2734926343,-0.3085698187,6.742837906,7,38.00735474,41.82832909,52.48942947,97.50302076
3113,rain,medium,0,Kashmir,74.1872013,33.57699972,2011-2-13,1382,13.59905198,242.0682496,0.4079357386,-0.517320931,2.389714479,7,24.62093258,42.11546421,53.42428517,80.79491544
3114,snowfall_snowmelt,medium,0,Kashmir,75.81009558,33.18040281,2011-2-13,1161,28.2818086,256.0724562,0.3622827232,-0.4378650486,2.085791588,7,16.1846137,40.05245304,46.02542019,65.82267809
3115,snowfall_snowmelt,medium,0,Kashmir,75.18270007,33.30370142,2011-2-13,1124,12.61528019,322.714083,0.09991171956,-0.1288724989,3.644085169,7,17.68161964,65.46159554,80.74549294,136.4201846
3116,downpour,medium,0,Kashmir,75.19210431,33.33875887,2011-2-13,1226,30.93305007,255.9297262,0.1308038384,-0.1807055473,3.265741348,9,16.17850113,59.32392502,73.55359554,129.2484045
3117,downpour,medium,0,Kashmir,74.94370117,33.01649963,2011-2-13,1857,24.89412193,131.5119165,0.4474021196,-0.5316861272,2.824498653,4,17.62021065,37.67281818,45.91501331,63.3970499
3127,downpour,medium,0,Kashmir,75.1773982,33.33079937,2011-2-16,1826,33.67652894,341.3463949,0.6383569837,-0.5389217734,2.34163928,7,29.46936607,47.15098572,110.214859,120.8759594
3128,downpour,medium,0,Kashmir,75.24400379,33.2608985,2011-2-16,1486,37.06801347,160.5397229,0.4653445184,-0.5026519299,2.219468355,7,19.67120361,31.47392559,68.55622005,80.00279522
3141,downpour,medium,0,Uttarakhand,79.22930306,30.47490122,2011-2-23,2901,46.34326511,149.879965,0.6036303639,-0.6390901804,0.6495862007,7,12.45854664,62.29273319,99.3260603,115.0282996
3143,downpour,medium,0,Kashmir,75.17720199,33.33070127,2011-2-24,1818,35.3648323,335.8281836,0.6609356999,-0.5480628014,2.34163928,7,10.27474093,21.37823725,72.2303884,145.9553621
3146,continuous_rain,medium,0,Himachal Pradesh,77.1783975,32.23379809,2011-2-25,2144,27.63808829,171.5939514,0.747759223,-0.6878085136,1.335586905,7,12.22186208,23.75917363,55.39996266,100.7300825
3159,downpour,medium,0,Kashmir,75.19190365,33.24769957,2011-03-01,907,23.12569606,85.65228358,0.6159223914,-0.5988457799,1.848232388,7,7.230464458,27.1909523,48.63094521,148.2249393
3171,downpour,medium,1,Kashmir,75.66950013,33.22569836,2011-03-03,2061,51.16718301,94.48415777,0.1954644471,-0.2608699501,1.153481483,9,17.8101697,21.40667844,46.06009674,112.7412382
3174,downpour,medium,0,Himachal Pradesh,77.15859909,32.09960144,2011-03-05,1704,24.63697341,270,0.5487815738,-0.5381862521,4.010556698,7,21.85381126,40.7147522,73.18768501,153.5376098
3250,downpour,medium,0,Kashmir,75.17730009,33.33079937,2011-3-19,1826,33.67652894,341.3463949,0.6383569837,-0.5389217734,2.34163928,7,7.042335987,7.042335987,7.042335987,77.52180147
3251,downpour,medium,0,Kashmir,75.19168961,33.33903087,2011-3-19,1206,33.70160934,229.0561836,0.122388266,-0.1570150703,3.284401655,7,0,0,0,75.15981698
3252,downpour,medium,0,Kashmir,75.16110018,33.24660263,2011-3-19,1282,33.98136112,257.5172394,0.6737033725,-0.6118978262,1.113158822,7,0,0,0,68.54385591
3342,downpour,medium,0,Kashmir,74.34449609,34.21009843,2011-04-06,1582,5.137631836,25.81248716,0.3154126406,-0.3067502677,28.19516563,7,16.16827297,18.86298513,40.39658117,61.5539465
3373,downpour,medium,0,Kashmir,75.19989882,33.3644968,2011-4-17,1862,31.30457286,252.9735218,0.595557034,-0.5751124024,2.860817909,7,14.53451204,32.61303949,63.96314907,113.1866465
3374,downpour,medium,5,Kashmir,74.27179936,34.18020015,2011-4-17,1588,4.475440296,270,0.2801243961,-0.2765185833,5.611274242,7,33.11439323,54.60515881,80.49219728,124.4460931
3375,downpour,medium,1,Kashmir,75.88860252,33.25989967,2011-4-17,2951,16.59701496,139.4955786,0.3739067018,-0.4873530865,0.4150267243,7,9.887409925,17.38199377,30.03976679,51.31467044
3376,downpour,medium,0,Kashmir,75.55259588,33.14880116,2011-4-17,1039,31.95231134,196.1999321,0.5958896279,-0.5919750929,12.48243237,7,20.68896627,34.98967123,53.6880796,82.16570973
3380,downpour,medium,0,Kashmir,74.90350237,33.58079887,2011-4-19,2222,16.54949829,11.31293491,0.3793507218,-0.4358544946,1.270153165,7,47.03796387,76.64426041,115.4231987,180.1524358
3558,rain,medium,0,Uttarakhand,78.32759702,30.92060174,2011-5-31,2446,33.6445421,134.8603926,0.3138478994,-0.4511843622,0.5179786682,7,0,100.651123,274.2578888,337.94944
3559,rain,medium,1,Uttarakhand,78.27410119,30.47829905,2011-5-31,2258,22.85378009,147.6698997,0.8156708479,-0.7466722131,0.9056364298,4,39.9475708,48.30232048,75.30394554,82.6150136
3577,downpour,medium,0,Uttarakhand,79.35410438,30.5319019,2011-06-07,2663,44.80749803,67.98625583,0.622795105,-0.6153728366,0.06479022652,7,0,0,99.82294464,195.7348261
3578,downpour,medium,0,Uttarakhand,78.90799807,30.24140039,2011-06-07,766,34.3723316,6.290919032,0.7244662642,-0.6567722559,7.351329803,7,0,0,32.49501038,82.2128849
3579,downpour,medium,4,Kashmir,75.43250337,33.12890019,2011-06-08,825,32.58926896,344.2082638,-0.198129639,0.2465938926,,7,0,0,9.792498589,54.37255096
3581,downpour,medium,1,Kashmir,75.32779476,33.16170134,2011-06-09,724,10.98168067,265.214753,0.004336529877,0.03159244731,5.766898155,7,7.417754173,7.417754173,7.417754173,55.93824387
3611,downpour,medium,0,Himachal Pradesh,77.24659945,32.37089761,2011-6-14,3969,2.87241577,130.1844557,-0.01274421811,-0.003344408935,0.08035057783,7,0,0,14.59740829,47.92115617
3618,downpour,medium,0,Himachal Pradesh,77.97979606,31.56389842,2011-6-17,1459,11.44440862,343.6479107,0.05093086883,-0.07436912507,2.649579525,9,0,43.09530258,43.09530258,118.8703566
3666,continuous_rain,medium,0,Himachal Pradesh,77.21469904,32.43180001,2011-6-29,3576,54.04319462,241.2204285,0.1971409321,-0.2824315727,0.07406000048,7,17.11097288,17.11097288,22.47244167,37.94917774
3667,continuous_rain,medium,0,Himachal Pradesh,77.18979496,32.22819745,2011-6-29,1815,10.4255132,290.6046888,0.07600524276,-0.1099117771,3.146330833,7,0,41.76119614,41.76119614,83.32933426
3668,downpour,medium,0,Uttarakhand,79.92980108,29.60699962,2011-6-29,1728,25.94369193,84.27128668,0.55669415,-0.5756903291,1.13683784,4,0,249.2575607,249.2575607,249.2575607
3669,downpour,medium,0,Uttarakhand,78.79630205,30.76659777,2011-6-29,3842,34.22147402,1.587226192,0.06779840589,-0.07976265252,0.1147781909,7,0,351.0825195,351.0825195,351.0825195
3670,downpour,large,10,Uttarakhand,79.04191825,30.67629652,2011-6-29,2514,32.31618886,147.6169942,0.4973144829,-0.5740426779,0.4358450472,7,0,317.8883667,317.8883667,317.8883667
3671,downpour,medium,0,Uttarakhand,78.22425289,30.81507266,2011-6-29,1359,21.42865744,305.2705595,0.4446889758,-0.4934687912,4.751493931,7,0,71.43713379,118.5903473,150.2799664
3673,downpour,medium,0,Uttarakhand,78.89959713,30.24160105,2011-6-29,657,36.02087542,34.53811498,0.07498855889,-0.1027510166,4.450227737,7,0,0,79.96993256,145.578186
3674,downpour,medium,0,Uttarakhand,79.01930169,30.06670173,2011-6-29,2187,21.8057355,232.633698,0.7714608908,-0.7287510633,0.4608445168,6,56.45711327,114.7727776,165.9478807,240.0245876
3678,downpour,medium,0,Uttarakhand,78.77529968,30.14999774,2011-6-30,1606,22.48509683,71.7673601,0.174711138,-0.2160116136,11.74853897,7,65.07862854,132.0180893,132.0180893,182.7453918
3707,rain,medium,0,Kashmir,75.49600097,34.16009853,2011-07-03,3755,17.08645629,333.5442714,-0.02035990544,0.01324358396,0.0907510519,9,0,0,0,43.69727898
3708,downpour,medium,0,Kashmir,76.82599474,34.14910238,2011-07-03,4232,48.09691923,241.3564612,0.03481408209,-0.0830834955,0.007243947592,7,0,4.857241631,4.857241631,4.857241631
3737,downpour,medium,0,Uttarakhand,78.03190065,30.32140112,2011-07-06,656,2.780288516,180,0.1629711688,-0.2060895413,135.0169678,7,0,44.53027725,167.8983231,208.2668991
3745,rain,medium,0,Himachal Pradesh,77.02059883,30.9209005,2011-07-08,1288,14.2359606,255.2133721,0.5905809999,-0.6231375337,3.33001852,7,44.20800781,44.20800781,173.6867847,275.0299511
3746,rain,medium,0,Himachal Pradesh,79.5192026,30.65090193,2011-07-08,2238,9.255989856,6.630298258,0.3396884203,-0.451410383,0.6697667241,7,0,0,0,251.9232483
3747,downpour,medium,0,Uttarakhand,77.19349601,32.32369802,2011-07-08,2576,26.70568532,241.1402228,0.41987288,-0.4744795561,0.5326458216,7,0,0,42.50687313,54.80346251
3749,downpour,medium,0,Uttarakhand,79.49289836,30.74119873,2011-07-09,3082,7.420540322,240.1877017,0.1075536981,-0.1856090128,1.756956935,7,0,0,89.20435286,201.625453
3750,downpour,medium,0,Uttarakhand,78.59249884,30.76519761,2011-07-09,1411,12.0434971,127.3724318,0.3892320991,-0.4240551293,1.347882867,7,0,0,74.88121223,165.9964671
3751,downpour,medium,0,Uttarakhand,79.0684945,30.733101,2011-07-09,3524,13.39286086,232.2743985,0.05775915459,-0.1062984318,3.526844978,7,0,0,0,394.7466736
3752,downpour,medium,0,Uttarakhand,78.41290408,31.01880007,2011-07-09,3275,56.54331983,150.0481878,0.5882052183,-0.6129357219,0.1464492977,7,0,0,100.674736,372.4391975
3756,downpour,medium,0,Himachal Pradesh,76.93299979,31.7098983,2011-7-10,771,3.754743966,119.5596511,0.07446029782,-0.133326456,49.71761703,4,0,0,193.5375328,312.2671604
3757,downpour,medium,0,Uttarakhand,78.43990394,30.7332972,2011-7-10,1457,33.95036582,170.3378907,0.8232832551,-0.7397129536,3.412759781,7,0,0,0,193.713974
3759,downpour,medium,0,Uttarakhand,79.11270203,30.50599899,2011-7-11,1974,5.674579787,109.0154881,0.5684533715,-0.6125899553,1.447188973,7,0,0,0,156.1500549
3763,downpour,small,0,Himachal Pradesh,77.1779828,31.10587739,2011-7-12,2210,36.52567911,314.3783046,0.5186998248,-0.4883624911,189.899353,4,43.48726654,86.97453308,133.3490791,311.8647442
3777,downpour,medium,1,Himachal Pradesh,77.21810133,32.34909706,2011-7-15,3328,4.303522746,130.1912235,0.005604447797,-0.05345736071,0.739708066,7,0,0,0,36.30624485
3807,rain,medium,3,Kashmir,76.04119741,33.69170118,2011-7-19,4895,19.03020895,9.742469247,-0.05614285916,0.065651007,0.006020294968,,0,24.40441132,24.40441132,24.40441132
3819,rain,medium,1,Uttarakhand,79.33180441,30.40430027,2011-7-21,1066,24.41674583,321.6723148,0.658669889,-0.6276391745,6.724357128,7,84.85933685,84.85933685,214.4875679,346.0676613
3820,rain,medium,1,Uttarakhand,78.11229824,30.16650087,2011-7-21,465,1.417839902,310.8457011,0.5130178928,-0.4862474203,9.50399971,7,152.8312988,267.704483,384.0150146,540.2711716
3821,rain,medium,1,Uttarakhand,79.63670437,29.73340176,2011-7-21,1579,31.08826648,152.3696086,0.4651004076,-0.5267886519,1.223187447,7,65.67474365,65.67474365,152.3209953,365.8624496
3839,downpour,medium,0,Himachal Pradesh,77.18699464,32.18960394,2011-7-25,1738,54.50985178,127.7160424,0.5337180495,-0.5526353717,1.100269675,7,38.55228138,38.55228138,67.31992245,67.31992245
3859,downpour,medium,0,Uttarakhand,78.19699887,30.01199748,2011-7-29,346,1.416574576,130.8899812,0.7285240293,-0.6391450763,6.013418674,7,60.94455338,110.1261101,300.0036964,483.6979809
3884,continuous_rain,medium,0,Himachal Pradesh,77.13222351,31.69137966,2011-08-06,918,16.01560847,239.4986079,0.2629585564,-0.2887719572,3.492882013,7,0,20.00565529,229.2605915,356.4361858
3888,rain,medium,0,Himachal Pradesh,77.92579634,31.24030145,2011-08-07,1938,9.037723727,252.2228529,0.1254856288,-0.1649623513,2.615856886,7,0,205.5110626,388.8747864,487.9731216
3889,downpour,medium,0,Himachal Pradesh,76.93160409,31.70829749,2011-08-07,764,2.179388788,90,0.07783595473,-0.149879843,53.74336624,7,58.41276169,58.41276169,399.4215965,534.2456779
3890,downpour,medium,0,Himachal Pradesh,77.02239585,31.71456698,2011-08-07,857,20.306381,41.9536085,0.1590455323,-0.2119711041,2.280730247,6,69.6740799,95.64313126,323.67836,478.3609848
3891,downpour,medium,0,Kashmir,75.19960006,33.44060028,2011-08-07,1695,16.30122078,152.3323185,0.2981949449,-0.360830754,10.25276756,7,0,0,25.23941994,61.28374195
3892,downpour,medium,0,Kashmir,75.0017988,33.02709892,2011-08-07,2104,29.92661063,47.55299781,0.7695708871,-0.6685740352,1.556820512,4,63.48600769,81.99500084,230.5123501,375.98522
3894,downpour,medium,0,Himachal Pradesh,77.3916005,31.07659893,2011-08-07,1305,2.1469361,210.2757367,0.3741290271,-0.4462077618,3.026848078,4,0,152.9941635,249.3218307,406.386219
3895,downpour,medium,0,Himachal Pradesh,77.39129728,31.07659893,2011-08-07,1305,2.1469361,149.7242633,0.4408647716,-0.4943238199,3.026848078,4,0,152.9941635,249.3218307,406.386219
3899,downpour,medium,0,Uttarakhand,78.3755056,30.22579799,2011-08-08,972,30.32897457,243.7225273,0.6152573824,-0.6310821772,1.394025564,7,97.84337997,206.2329826,341.0596466,696.1259556
3900,downpour,medium,0,Uttarakhand,79.55660108,30.65210143,2011-08-08,3442,15.11604418,321.17474,0.5421148539,-0.4963419437,0.2692675292,9,25.00695992,88.51195335,88.51195335,416.5060883
3905,rain,medium,0,Uttarakhand,78.30410202,30.28279868,2011-8-10,1661,39.88666203,238.4678461,0.4629791677,-0.5379620194,1.303894281,4,0,98.24758148,422.4198799,744.7411861
3907,downpour,medium,0,Kashmir,74.85559825,32.73270015,2011-8-11,333,2.156904891,210.7267353,0.1414902955,-0.1940737963,92.97543335,7,70.25637054,128.7082043,203.5058937,359.8627462
3908,rain,medium,1,Kashmir,74.87599864,32.73699872,2011-8-11,366,27.159175,102.7603096,0.4239983857,-0.4310742915,35.14887238,4,70.25637054,128.7082043,203.5058937,359.8627462
3913,rain,medium,0,Uttarakhand,78.17230437,29.91210024,2011-8-12,283,1.069901736,90,0.5486515164,-0.5258091688,5.336022854,4,48.36391068,72.54586601,215.4140911,485.683836
3914,rain,large,11,Uttarakhand,79.5681992,28.86649901,2011-8-12,208,1.058963824,270,0.6032044888,-0.556671381,6.934378147,7,22.94797707,93.63524055,256.4742393,584.655673
3917,downpour,medium,2,Himachal Pradesh,76.93129641,31.70769997,2011-8-13,770,14.55947622,35.88018506,0.09828297794,-0.1758073419,46.56030655,7,221.8382568,338.6637802,338.6637802,814.4966965
3947,downpour,medium,0,Kashmir,77.19580137,28.6809023,2011-8-27,217,0,0,0.1784517616,-0.2096851319,191.3729401,4,0,57.06898403,159.7873907,267.3396473
4090,downpour,medium,0,Kashmir,79.35320364,29.91300097,2011-12-10,1023,15.75672036,216.5627965,0.4742631614,-0.5188583136,4.659010887,4,0,0,0,0
4139,downpour,medium,1,NCT,75.2372973,33.24069878,2012-1-12,703,17.33479989,213.9226514,0.07853715867,-0.1360527873,7.513178825,7,0,124.2976513,143.2987881,143.2987881
4140,downpour,medium,0,Uttarakhand,75.20449615,33.42089997,2012-1-13,1642,32.51760089,256.7893143,0.08512414992,-0.1571975946,7.05557394,7,0,131.6700897,131.6700897,131.6700897
4183,downpour,medium,0,Kashmir,75.23809994,33.24240215,2012-02-04,743,10.52779634,249.6091631,0.1596292555,-0.1826161295,7.889660835,7,9.760489464,9.760489464,9.760489464,182.4295244
4198,downpour,medium,0,Kashmir,75.5226976,32.36819985,2012-2-15,319,2.15462714,149.3754172,0.08865062147,-0.1539655626,41.06644821,7,8.785240173,17.57048035,30.78628063,30.78628063
4202,downpour,medium,0,Kashmir,76.12010121,32.56549724,2012-2-16,811,18.81241319,286.5651309,0.0887799561,-0.1387896985,5.370659828,7,14.10991001,42.32973003,70.83811235,70.83811235
4210,downpour,medium,0,Kashmir,75.24410189,33.23610144,2012-2-19,753,34.2220398,181.6305427,0.008585567586,-0.04862389341,7.876481533,7,0,19.69202042,19.69202042,44.0411396
4218,downpour,medium,2,Himachal Pradesh,75.23400202,33.241002,2012-2-22,691,13.16746415,194.3705668,0.08043761551,-0.1242426559,7.524273396,7,4.870984674,4.870984674,24.07043707,53.35190547
4240,unknown,medium,6,Kashmir,80.21230297,29.57979911,2012-03-04,1540,25.49079126,321.3435493,0.233863458,-0.223886162,43.53029251,4,0,0,0,14.69587612
4277,downpour,medium,0,Kashmir,74.7361969,34.65069774,2012-3-19,2393,24.70438447,350.1483457,0.5095739365,-0.5141543746,0.8026013374,9,10.1529057,18.87619042,30.15426755,42.77626789
4325,unknown,medium,2,Uttarakhand,75.54879672,33.14670093,2012-4-16,1144,9.449236522,166.5654717,0.2833745778,-0.3272954524,23.65174866,7,26.40698433,63.06108046,73.81062984,88.98632288
4335,rain,medium,1,Kashmir,75.23809994,33.24130076,2012-4-24,734,13.55965418,241.9765501,0.4879439175,-0.4846949279,7.599777699,7,18.72696733,34.92368174,91.66675329,138.4880481
4396,unknown,medium,1,Kashmir,77.57679588,34.15340096,2012-06-08,3417,5.977653584,201.9396345,0.07284901291,-0.1223651692,1.874537349,9,5.050522327,5.050522327,5.050522327,10.33020008
4445,downpour,medium,0,Kashmir,78.32209895,30.12809909,2012-07-05,421,11.75989057,158.9234147,0.1375493854,-0.2196659893,21.20498085,7,84.00307846,84.00307846,155.8004646,155.8004646
4447,downpour,medium,0,Kashmir,77.20900031,31.10659977,2012-07-05,2238,44.60320655,143.5392302,0.1623097509,-0.2694165707,3.38192606,4,75.64748383,94.55935478,115.1629765,168.5387928
4452,downpour,medium,0,Himachal Pradesh,77.99880075,34.01229716,2012-07-07,4908,17.22848376,125.045439,0.09027288854,-0.2138347626,0.02594213933,9,0,0,0,0
4472,downpour,large,1,Uttarakhand,78.44000204,30.73620008,2012-8-14,1668,38.43838921,163.4562135,0.3091519773,-0.3703795969,2.799510241,7,44.4685936,134.2860451,336.8885517,542.5290737
4481,downpour,medium,0,Kashmir,79.56050279,30.65940098,2012-8-17,3307,52.72563102,308.0258417,0.2839224041,-0.2400649041,0.2341862321,7,75.69029617,119.0937538,119.0937538,429.9431114
4487,unknown,medium,0,Uttarakhand,78.32330291,30.61790013,2012-8-17,860,38.53034694,200.7523771,0.2445872277,-0.2896377146,2.394417286,4,68.75326538,103.1298981,228.4032459,558.1362362
4497,downpour,medium,0,Uttarakhand,78.07099805,32.22780059,2012-8-18,3656,18.65456261,163.5359523,0.08656381071,-0.1319065839,0.4547165036,9,0,0,3.514382124,36.34531713
4498,downpour,medium,4,Uttarakhand,77.19469997,32.17970027,2012-8-18,1861,14.07587496,277.4188888,0.2713271976,-0.2419246286,0.7065792084,7,11.48337269,11.48337269,48.83756065,151.416666
4501,downpour,medium,0,Uttarakhand,74.83329828,33.08290011,2012-8-20,516,1.854334169,0,0.1331393719,-0.1904719323,14.30417919,4,88.26012421,151.9884224,196.2898378,540.2456789
4504,downpour,medium,0,Himachal Pradesh,74.94989932,34.61130159,2012-8-21,2657,18.77511517,180,0.289791882,-0.3870716393,0.09793269634,7,0,0,0,7.171627045
4507,downpour,medium,0,Himachal Pradesh,75.23819804,33.2411982,2012-8-22,732,13.16746415,194.3705668,0.07947633415,-0.1520219445,7.494973183,7,22.67306709,62.29958916,92.25017929,250.6310029
4513,downpour,medium,1,Kashmir,76.26989579,32.10019896,2012-8-24,761,19.20990513,12.67229349,0.6625115275,-0.6016405225,14.48479843,4,123.9330368,313.9294567,527.9645214,941.5210438
4514,downpour,medium,0,Kashmir,76.93119831,31.70899756,2012-8-24,770,1.431079631,229.6112041,0.01566134207,-0.1859721392,51.24991608,7,74.34375,170.7149143,346.0325317,620.5134354
4515,downpour,medium,0,Kashmir,77.28469801,30.73949981,2012-8-24,1634,36.84073562,321.063,0.6859408021,-0.6307806373,0.8133793473,7,129.0742493,221.0913887,345.673214,605.8131924
4516,downpour,medium,0,Himachal Pradesh,77.09690297,30.90440183,2012-8-24,1451,17.37332175,231.6198804,0.4718655944,-0.5094419122,16.43463516,7,144.2597542,237.8028822,353.6374159,600.8161974
4523,downpour,medium,0,Himachal Pradesh,74.09339965,33.77500164,2012-8-29,1028,11.33104868,118.9930904,0.6111742258,-0.5917983055,16.68880081,7,22.84647179,46.41700554,116.3507624,212.3567324
4550,downpour,medium,0,Himachal Pradesh,78.98290205,30.28530024,2012-9-14,646,11.8839782,0,0.5137190223,-0.5059023499,11.22694588,7,35.4180069,35.4180069,69.73816681,260.5779266
4551,downpour,medium,0,Himachal Pradesh,79.77580157,29.84099987,2012-9-14,879,1.415187374,310.9386514,0.3140956163,-0.3253163099,10.31698895,7,88.48561668,153.9054623,217.7633305,344.1994734
4555,downpour,medium,0,Kashmir,75.14320581,32.92950257,2012-9-15,767,2.208951515,90,0.3252962828,-0.4034177959,27.6492424,4,69.79621887,109.2172012,256.3673859,503.5428715
4557,downpour,large,9,Uttarakhand,77.88760414,33.30300134,2012-9-16,4898,24.6944433,189.6996656,0.04044862092,-0.1283631623,0.01003794279,9,0,0,0,0
4559,downpour,very_large,19,Uttarakhand,74.95970042,33.96390254,2012-9-17,1586,3.704791834,0,0.4553283155,-0.4362443984,6.274364471,7,90.8556366,90.8556366,90.8556366,105.9943924
4565,downpour,medium,0,Kashmir,77.102896,31.02259922,2012-9-18,1697,16.47491072,315.3636998,0.3409846425,-0.3879659772,1.205167532,7,0,206.8619194,277.2058678,585.9168968
4658,downpour,medium,0,Kashmir,75.15329675,32.95220386,2012-12-11,942,24.17102014,125.2462162,0.35678491,-0.4158297479,5.232065201,4,0,5.150688648,5.150688648,5.150688648
4764,downpour,medium,0,Kashmir,75.20269913,33.43719798,2013-2-22,1800,28.96243594,173.964224,0.295473963,-0.4155600369,5.284943104,7,35.63758469,52.41072607,55.36166668,135.7156994
4823,downpour,medium,0,Himachal Pradesh,75.48319889,34.29460285,2013-4-26,3482,2.16722064,148.8170523,0.006894445512,-0.036255721,0.4463036954,7,1.299318433,7.351245999,13.65938103,32.29135585
4875,rain,medium,0,Kashmir,77.15000194,28.75800016,2013-5-26,210,4.213303336,131.2397206,0.06575284153,-0.1316539943,149.7572479,7,0,0,0,0
4912,snowfall_snowmelt,medium,0,Kashmir,76.70430141,31.48980153,2013-6-11,710,7.028319449,321.9816497,0.5699801445,-0.5408421755,3.013155699,7,12.28073025,36.84219074,44.86271381,44.86271381
4913,rain,medium,1,Kashmir,76.67019821,31.48809816,2013-6-11,689,7.68578679,196.3395267,0.3767601252,-0.3964850008,8.665348053,7,12.15684605,36.47053814,43.94785833,46.83664107
4914,downpour,medium,0,NCT,78.53060206,30.73940171,2013-6-12,1304,17.02558971,162.0899408,0.4591195583,-0.4666886628,1.719013453,7,84.73195839,84.73195839,99.24811792,106.2263527
4916,downpour,medium,1,Himachal Pradesh,76.28330431,32.21079804,2013-6-12,987,4.299711254,130.2343065,0.2569153309,-0.3345795572,7.940528393,7,140.868,140.868,161.153965,172.5573568
4917,rain,small,0,Himachal Pradesh,76.1248992,32.55519671,2013-6-12,929,2.8758483,229.873376,0.4270200431,-0.4748775959,10.34192944,7,36.58964157,36.58964157,51.35076237,63.56164694
4920,downpour,medium,0,Himachal Pradesh,78.09760105,31.51680139,2013-6-15,1704,28.52660152,202.5990377,0.190525189,-0.2118358016,1.67671299,9,33.35131359,93.46014786,112.7759895,126.1625619
4924,downpour,medium,0,Himachal Pradesh,79.06659492,30.73509868,2013-6-16,3544,5.637286325,214.9168746,0.03561646119,-0.04498716816,3.759459734,7,155.4883614,379.2803001,379.2803001,403.7564554
4925,downpour,medium,0,Uttarakhand,78.19959853,31.45510081,2013-6-16,2056,36.11974627,56.31870528,0.4022277296,-0.436150521,0.1527307183,7,34.87284088,108.2491798,108.2491798,115.6144357
4926,downpour,medium,0,Himachal Pradesh,77.35440267,30.67379942,2013-6-16,1501,23.05458124,161.9673784,0.3730992973,-0.4387343824,1.38801527,4,131.6760559,228.7885323,247.4454155,259.4639983
4927,downpour,medium,4,Himachal Pradesh,77.65210118,30.57280078,2013-6-16,858,35.61569469,198.3582341,0.1699779183,-0.2192192227,2.233733177,4,148.5267792,250.1773052,266.9553871,283.7661824
4928,rain,medium,0,Himachal Pradesh,79.07649858,30.46190294,2013-6-16,961,31.33130867,260.819294,0.3994037807,-0.409126997,3.030685902,7,69.52826881,142.5691404,159.9873972,175.7261219
4929,rain,medium,0,Himachal Pradesh,78.3880981,30.4953997,2013-6-16,925,26.36499495,60.66585366,0.1649801284,-0.2119066268,1.311295867,7,82.84285736,142.3763986,142.3763986,150.6440845
4930,rain,medium,0,Himachal Pradesh,78.66950305,30.88500028,2013-6-16,1854,26.9550394,162.7385108,0.3772165775,-0.4250088632,0.2308066487,7,43.87062836,117.9305348,124.3377419,136.2241793
4931,downpour,medium,0,Himachal Pradesh,80.416998,29.79859828,2013-6-16,741,32.31026264,183.3820096,0.1515901685,-0.2643543184,1.359051466,7,32.67854691,308.5017738,335.2504864,342.9755036
4932,rain,medium,0,Uttarakhand,77.46140326,31.34799766,2013-6-16,897,12.94065933,350.5037644,0.4273388982,-0.5021155477,4.423574924,7,52.60560131,114.5183897,126.9319854,132.9805837
4933,rain,medium,0,Uttarakhand,78.43840122,31.59859914,2013-6-16,2310,54.5599228,48.06987607,0.08929160237,-0.143568337,0.6544249058,9,37.09583664,106.3846407,106.3846407,112.5426874
4936,rain,medium,0,Uttarakhand,79.05439928,30.69449857,2013-6-17,2748,35.45370158,140.6177848,0.5820236802,-0.6031838655,0.8532490134,7,186.0296249,395.8824883,409.0675478,428.1144423
4940,rain,medium,0,Uttarakhand,78.01690024,30.30690012,2013-6-17,622,5.658693262,229.1948276,0.08355025947,-0.1261147708,99.38531494,4,129.2477531,299.9791126,336.5396624,344.9115591
4943,downpour,very_large,5000,Uttarakhand,79.65920053,29.59870124,2013-6-17,1600,17.05700915,301.8434383,0.2918066084,-0.412122041,19.65138245,4,51.86356449,156.2392721,213.9583864,227.8183155
4946,downpour,medium,5,Himachal Pradesh,78.01930369,31.62229926,2013-6-17,2470,8.852930774,121.3092708,0.4013238549,-0.4717747569,1.431898117,7,46.04818535,163.5602522,171.6434727,182.4122543
4949,downpour,large,13,Uttarakhand,78.50170262,30.37969941,2013-6-18,905,30.83028234,341.6757003,0.6775682569,-0.5959424376,2.706033707,7,66.69843531,115.6140389,133.2003388,138.1552753
4966,rain,medium,3,Uttarakhand,79.6804972,29.59350192,2013-6-19,1219,15.05576667,218.5255966,0.5743243098,-0.5993368626,5.610509396,4,109.9068604,155.5906935,268.5346365,301.0895557
4974,downpour,medium,4,Uttarakhand,79.05789967,30.40909826,2013-6-24,838,41.6370157,312.355886,0.3379209936,-0.2798373103,,7,43.69913578,60.71719265,195.3696499,214.0552402
4975,rain,medium,0,Uttarakhand,78.92279783,30.25240099,2013-6-24,740,40.49043268,64.14617769,0.4509944916,-0.4979441464,6.59322691,7,51.6872139,63.53518391,221.2239952,227.9773221
4978,rain,medium,0,Uttarakhand,78.39109908,30.45420207,2013-6-24,1134,30.4827347,140.3547122,0.09186290205,-0.139505893,1.096366167,4,38.20236111,45.97102213,221.1833596,235.4584103
5013,downpour,medium,0,Uttarakhand,77.14019638,31.07220226,2013-07-02,1976,15.45708791,151.4165955,0.6836767197,-0.6385037303,4.779729843,4,58.36962509,81.96237183,129.1478653,502.1219244
5022,rain,medium,0,Uttarakhand,80.22139953,29.57999977,2013-07-04,1540,12.15565161,205.5995668,0.2811538279,-0.311932981,14.6509676,4,0,122.8062973,305.9530869,734.5862923
5023,downpour,medium,0,Uttarakhand,80.23860275,30.07120096,2013-07-04,2120,17.28792515,51.38100745,0.5271833539,-0.5442894697,2.04543829,7,54.55539894,133.8741703,454.0340557,1113.433662
5024,downpour,medium,0,Himachal Pradesh,80.85759732,30.17190084,2013-07-04,3251,35.64015321,54.05472685,0.1387202293,-0.2203968316,0.1287743449,7,10.98696423,63.2956953,274.3597441,605.0667067
5036,continuous_rain,medium,0,Uttarakhand,74.87989589,33.085201,2013-07-05,802,28.66231834,192.243545,0.01665713079,-0.06752293557,4.042834759,4,0,16.96943283,57.73646355,91.18385839
5043,downpour,medium,0,Uttarakhand,76.79070096,31.99059871,2013-07-06,1209,16.19246101,260.3727222,0.163830325,-0.1570983678,10.40453815,7,26.52566338,40.94417095,161.5940952,299.31427
5044,continuous_rain,medium,0,Uttarakhand,77.72409783,31.16279782,2013-07-06,1472,30.13547202,45.8020745,0.5736969709,-0.5719214082,2.946635962,7,0,60.25873375,114.4317627,290.5158691
5047,downpour,medium,1,Kashmir,76.9160998,31.87950021,2013-07-07,1284,9.80288332,221.4518168,0.1470897645,-0.1898320466,3.869235992,7,35.24041748,58.92435265,159.6958494,261.1597004
5049,downpour,medium,0,Himachal Pradesh,77.16790077,31.55959984,2013-07-07,1870,20.42383074,155.9116645,0.2322972417,-0.2948358655,3.859536886,4,32.5733223,65.50959778,169.694581,315.4039516
5050,downpour,small,0,Himachal Pradesh,76.9359963,31.70300007,2013-07-07,757,27.08380486,255.3303281,0.1610664725,-0.252414465,28.74536324,4,58.90445709,78.58269119,221.306921,422.1806116
5051,downpour,medium,0,Himachal Pradesh,76.97299793,31.70169802,2013-07-07,794,28.84214749,1.979910014,0.3738085926,-0.3527526259,4.055397987,7,74.40257263,93.14875793,236.2017612,424.1200876
5052,rain,medium,0,Himachal Pradesh,76.92970451,31.70930078,2013-07-07,756,1.854334169,180,0.09601666033,-0.1570701152,40.74413681,7,58.90445709,78.58269119,221.306921,422.1806116
5053,downpour,small,0,Himachal Pradesh,76.85209832,31.96709925,2013-07-07,1491,26.74774403,245.3201063,0.1845097095,-0.2223804891,2.30520606,7,44.24152184,44.24152184,153.5444241,277.354156
5054,downpour,medium,0,Himachal Pradesh,76.94239957,31.70180058,2013-07-07,777,14.29974143,63.6049072,0.08791916072,-0.142749235,17.40545464,7,74.40257263,93.14875793,236.2017612,424.1200876
5062,downpour,medium,0,Himachal Pradesh,75.75250184,33.31179914,2013-07-08,1518,29.68646802,279.8095989,0.4977819622,-0.5406965613,1.263851166,7,30.97139883,30.97139883,58.83272171,98.7348032
5068,downpour,medium,0,Himachal Pradesh,79.21430264,30.36290197,2013-7-10,1626,22.905088,117.3708439,0.409117341,-0.4225399196,1.196706772,7,0,28.63598251,28.63598251,290.6744719
5086,downpour,medium,0,Himachal Pradesh,79.4633033,29.38020083,2013-7-12,1944,7.197102233,333.8106958,-0.1059997901,0.2927546203,12.29810905,7,189.9544525,228.0316963,433.0651245,863.8895836
5088,downpour,medium,2,Kashmir,79.4633033,29.38020083,2013-7-12,1944,7.197102233,333.8106958,-0.1059997901,0.2927546203,12.29810905,7,189.9544525,228.0316963,433.0651245,863.8895836
5097,rain,medium,7,Uttarakhand,77.67459734,31.47110006,2013-7-14,1100,49.3933698,128.6457273,0.3347654939,-0.3916113973,2.896238327,7,26.22707939,77.90350914,127.1467533,228.6034451
5098,downpour,medium,6,Uttarakhand,77.17880328,32.16999727,2013-7-14,1625,15.43435031,159.7368956,0.250760287,-0.2719702423,1.2953794,7,0,29.58691788,55.60696125,153.1623874
5099,rain,medium,6,Uttarakhand,77.35440267,30.67379942,2013-7-14,1501,23.05458124,161.9673784,0.3730992973,-0.4387343824,1.38801527,4,20.40903473,125.3084793,232.8234901,412.4485188
5100,downpour,medium,1,Himachal Pradesh,76.53379877,31.67299924,2013-7-14,748,2.150415901,210.4343285,0.471226722,-0.4821625054,7.208087444,4,0,115.5527725,156.0647278,375.5069942
5129,rain,medium,0,Himachal Pradesh,79.33080112,30.40430027,2013-7-18,1017,41.7040797,306.8328781,0.7728000283,-0.7044317126,8.717241287,7,13.64612007,54.58448029,135.3578434,237.0741491
5130,downpour,medium,1,Himachal Pradesh,78.43470017,30.73139763,2013-7-18,1125,39.54227303,180,0.02867356502,0.1209403351,4.532927513,7,0,0,136.1038799,397.9372444
5139,rain,medium,0,Himachal Pradesh,80.23689937,30.07179848,2013-7-19,2150,17.17260608,65.22455028,0.5405099392,-0.5485877395,2.027642488,7,34.98015213,115.2307777,239.6931782,693.7272339
5176,downpour,small,0,Uttarakhand,79.19390226,30.19440146,2013-7-23,1698,10.31285648,191.8794743,0.447286576,-0.5239443183,1.890653014,7,94.12593842,235.396965,269.1963196,454.8359108
5177,downpour,medium,0,Uttarakhand,79.15100124,30.29020079,2013-7-23,797,6.99557691,322.3294759,0.2026688904,-0.25536412,9.917440414,7,68.69343567,171.6691895,227.4211273,393.8004208
5178,downpour,medium,0,Uttarakhand,79.47740298,30.46050278,2013-7-24,2524,39.66125518,297.9436354,0.7839359641,-0.7081708908,0.03045454063,7,76.97114182,193.7479744,275.233736,426.9018059
5179,downpour,medium,0,Uttarakhand,79.21910064,30.26199698,2013-7-24,834,28.32917308,233.0909653,0.6546754241,-0.6146136522,6.607816219,7,70.05695343,174.3340759,263.2422104,379.4695206
5181,downpour,medium,0,Uttarakhand,79.23299965,30.2733008,2013-7-24,1014,37.51943288,345.871149,0.6777190566,-0.597453475,1.460327268,7,83.08795166,204.4561691,319.7700157,418.4616528
5182,downpour,medium,0,Uttarakhand,79.36279963,30.30100073,2013-7-24,1036,26.58513881,29.14688315,0.6265393496,-0.6148394346,2.503834248,7,86.15448761,221.0127335,280.8462524,423.9671669
5183,downpour,medium,0,Uttarakhand,79.32859832,30.30559807,2013-7-24,948,11.89416424,32.2843248,0.4775240421,-0.4907598794,1.820881248,7,86.15448761,221.0127335,280.8462524,423.9671669
5184,downpour,medium,0,Uttarakhand,78.09060026,30.90580199,2013-7-24,1555,19.92856235,128.6881576,0.4047620296,-0.5062007308,4.558835506,7,87.65598297,264.5785751,264.5785751,550.8778152
5195,downpour,medium,0,Uttarakhand,79.32759948,30.40409961,2013-7-25,1096,25.57848405,109.7666796,0.4284738898,-0.500634253,5.984620571,7,27.33369064,131.207962,185.7924423,279.2803431
5196,downpour,medium,0,Uttarakhand,78.48000464,30.89279925,2013-7-25,3554,28.53056124,133.2241577,0.3259297013,-0.4667167962,0.4735195339,7,50.10310364,308.8833313,308.8833313,507.7392883
5197,continuous_rain,medium,2,Uttarakhand,78.61849986,30.82029872,2013-7-25,1578,22.58518995,85.53592846,0.5054020286,-0.5368558764,3.831451416,7,30.89180756,256.5151901,256.5151901,384.7243462
5198,continuous_rain,medium,0,Uttarakhand,78.48000464,30.89279925,2013-7-25,3554,28.53056124,133.2241577,0.3259297013,-0.4667167962,0.4735195339,7,50.10310364,308.8833313,308.8833313,507.7392883
5199,continuous_rain,medium,0,Uttarakhand,78.61710416,30.7866013,2013-7-25,1526,23.30106643,135.5717392,0.3025668561,-0.3738310337,1.364150286,7,38.68542862,330.4608879,330.4608879,405.9062195
5208,continuous_rain,medium,0,Uttarakhand,79.24980155,30.28349876,2013-7-26,847,43.93952821,287.6000482,0.6345610023,-0.5802852511,1.687287092,7,0,204.4561691,249.1144371,319.7700157
5209,continuous_rain,medium,0,Uttarakhand,78.33659995,30.65389845,2013-7-26,1010,30.92789406,149.8340881,0.6449211836,-0.6338325739,2.10079217,4,0,261.7197876,261.7197876,469.2724648
5214,continuous_rain,medium,0,Uttarakhand,78.62999542,31.89310047,2013-7-27,3634,19.6297143,254.1978551,0.04077688977,-0.09506218135,0.1764178276,9,10.15678978,34.27378654,59.62400293,133.7887168
5215,rain,medium,0,Uttarakhand,78.75399856,30.45210183,2013-7-27,2020,19.01289384,170.590624,0.4005459547,-0.4281357527,3.100075006,7,0,81.27125549,278.5695343,387.44627
5224,rain,medium,0,Uttarakhand,80.20099469,29.99639954,2013-7-28,2102,56.30215538,193.6993251,0.3580396771,-0.4658441246,0.2993798554,7,93.27397156,93.27397156,188.5760193,463.4973946
5225,mining,medium,0,Himachal Pradesh,78.6148969,30.81900113,2013-7-28,1763,25.92771882,68.5148344,0.3450869322,-0.4472636282,3.85802722,7,0,92.67542267,256.5151901,343.1974297
5233,rain,medium,0,Uttarakhand,75.19450331,32.99179621,2013-7-29,857,25.89196444,200.9680034,0.373742938,-0.4739353657,3.25091958,7,9.10611248,61.39535809,173.8911657,352.0675287
5234,downpour,small,1,Uttarakhand,75.19450331,32.99179621,2013-7-29,857,25.89196444,200.9680034,0.373742938,-0.4739353657,3.25091958,7,9.10611248,61.39535809,173.8911657,352.0675287
5240,downpour,small,1,Uttarakhand,78.09490329,30.38220096,2013-7-31,832,14.71934764,270,0.3378020525,-0.3697894514,12.70552158,4,77.60464096,103.4728546,441.4115639,750.4359598
5241,rain,small,0,Kashmir,79.66250027,29.59520084,2013-7-31,1472,18.72715372,118.522367,0.3650108278,-0.4151470363,10.50044441,6,27.34534836,54.69069672,146.2059174,313.1231003
5244,rain,medium,0,Kashmir,76.28510132,34.43320063,2013-08-01,3133,53.22907208,274.1623692,0.03479225188,-0.04154955223,0.02817471325,9,0,0,0,0.9462746382
5252,downpour,medium,4,Uttarakhand,75.11990255,32.52819686,2013-08-02,365,2.155622184,210.6692729,0.09878712893,-0.1611231267,6.992948532,7,53.44655895,79.66165161,219.3339443,442.348711
5285,downpour,medium,0,Uttarakhand,80.3657005,29.56590009,2013-08-05,562,6.550730696,170.6727967,0.4788052738,-0.4712682068,1.661699653,7,0,29.27282715,113.9378242,255.0301399
5287,downpour,medium,0,Kashmir,75.14890454,32.83629844,2013-08-06,588,9.878900104,95.33356244,0.6540319324,-0.6061583757,4.016074181,7,62.03123474,147.1265769,214.6385746,528.1923676
5290,continuous_rain,medium,0,Kashmir,76.30370469,32.23220173,2013-08-07,1636,7.143408624,49.77234063,0.5532042384,-0.5361871123,8.15470314,7,157.7992249,355.9611549,434.3589973,924.4892998
5293,monsoon,medium,1,Uttarakhand,75.19149787,32.9912968,2013-08-07,813,31.73795655,165.5448229,0.1363596916,-0.2311410904,2.958896637,7,50.56759262,117.0538416,205.7675371,402.1950846
5320,downpour,medium,0,Kashmir,78.34490279,30.60140145,2013-8-13,1650,17.24486063,245.3422348,0.2143125832,-0.2920972407,1.862600088,7,32.33203888,81.35493088,271.0750847,556.6375866
5323,unknown,small,0,Kashmir,75.44660304,34.26010279,2013-8-13,3397,26.28550347,262.4669911,0.02301781438,-0.0594163537,1.149755359,7,11.14805031,11.14805031,16.4948988,42.2326107
5327,downpour,medium,0,Himachal Pradesh,75.19149787,33.44310183,2013-8-14,1662,24.27423335,251.1522374,0.1397134513,-0.1936529577,10.82490921,7,23.96033335,32.91564631,67.89462304,102.4347885
5328,downpour,medium,0,Kashmir,75.17929777,33.30180184,2013-8-14,1006,19.39174528,262.0698101,0.6025935411,-0.5756338239,3.012765884,7,65.68971252,86.37302017,155.7721486,216.9673753
5329,downpour,medium,2,Uttarakhand,75.19149787,32.9912968,2013-8-14,813,31.73795655,165.5448229,0.1363596916,-0.2311410904,2.958896637,7,100.8083267,141.1571064,258.210948,459.4204512
5330,downpour,medium,0,Kashmir,75.19840056,33.32160025,2013-8-14,1197,36.06930568,259.758836,0.1865460724,-0.2176606208,2.517314911,9,64.28251648,83.7886467,148.3846107,206.6235404
5331,downpour,medium,0,Kashmir,74.62640491,33.0498002,2013-8-14,795,13.14790149,294.5698175,0.6382707953,-0.6071454287,0.6159818172,4,141.4893951,179.01194,352.0522461,582.997941
5332,downpour,medium,0,Kashmir,74.09670384,33.77050241,2013-8-14,1008,2.415145527,247.4305136,0.146609351,-0.2172273397,23.42883682,7,119.5933571,174.4430084,287.8532925,425.9460216
5333,downpour,medium,0,Kashmir,74.09670384,33.77060051,2013-8-14,1008,2.415145527,247.4305136,0.146609351,-0.2172273397,23.42883682,7,119.5933571,174.4430084,287.8532925,425.9460216
5334,downpour,medium,0,Kashmir,77.30519649,32.35730181,2013-8-15,3477,37.7919344,336.7091415,-0.008188446052,0.02856544964,0.07301095128,9,0,11.63758564,23.02456856,65.94562054
5346,downpour,medium,3,Kashmir,78.72480037,31.0342999,2013-8-17,2487,38.20886293,329.7353322,0.2880743444,-0.2986620963,0.460198611,7,0,0,0,280.7437325
5347,downpour,medium,0,Kashmir,78.43959626,30.72919929,2013-8-17,1132,7.73013399,256.2013924,0.1429564804,-0.2331755757,9.441507339,7,0,73.03714371,248.2986832,592.4222183
5358,downpour,medium,0,Himachal Pradesh,78.05740225,30.66390021,2013-8-18,876,25.97022658,175.568224,0.6269299388,-0.611228168,1.42569232,4,32.15662003,84.5973587,221.7949162,538.6963749
5359,rain,medium,0,Uttarakhand,78.45429792,30.74200137,2013-8-18,1189,21.6454328,94.67951763,0.6339174509,-0.6270596385,3.737799883,7,0,73.03714371,248.2986832,592.4222183
5360,rain,medium,0,Uttarakhand,79.31580516,30.36419957,2013-8-18,973,27.09288443,241.6634027,0.6862683296,-0.6651611924,3.664237738,7,0,56.5786972,117.069253,314.7162905
5361,unknown,medium,0,Himachal Pradesh,78.06600386,31.08260088,2013-8-18,2224,21.43610854,8.304028451,0.4991522431,-0.4842474163,0.09540455043,7,0,0,131.1594467,500.6385498
5365,rain,medium,0,Uttarakhand,78.33029924,30.62929759,2013-8-19,955,16.95605237,99.16512447,0.2336554974,-0.2867561281,3.305202246,4,24.57734156,49.20999956,210.7306933,491.850101
5377,rain,medium,0,Uttarakhand,74.02259804,34.09420193,2013-8-19,1294,12.31320831,63.57857652,0.5265241265,-0.5497817993,9.319766998,7,5.693247318,46.44410181,143.4999576,239.9849143
5382,rain,medium,0,Uttarakhand,77.37370166,31.53750054,2013-8-21,3123,38.42147792,0,0.5855260491,-0.5532053113,0.7370821834,7,15.5006597,26.51540732,71.25076461,110.8116872
5410,tropical_cyclone,medium,2,Kashmir,78.15139564,29.95310167,2013-8-28,306,5.094330512,155.2190252,0.236510098,-0.2714796662,15.58359623,7,47.58937454,99.67288113,162.1223235,370.6931796
5567,downpour,medium,0,Uttarakhand,78.31540138,30.60040262,2013-9-30,906,20.20919328,41.61881265,0.6763401031,-0.6349436045,2.815877914,4,58.35904694,58.35904694,58.35904694,176.6004181
5598,downpour,medium,0,Himachal Pradesh,77.0857017,32.36650093,2013-10-11,3686,11.19964468,191.1623664,-0.029771097,0.04899620637,0.4366668761,7,0,0,8.854556084,76.969203
5608,downpour,medium,0,Uttarakhand,79.08529639,30.53450156,2013-10-16,1408,24.86243839,58.39886762,0.3066314161,-0.3491620123,3.049673557,7,0,12.21752167,33.64197874,104.1020923
5611,unknown,medium,1,Uttarakhand,79.08529639,30.53450156,2013-10-18,1408,24.86243839,58.39886762,0.3066314161,-0.3491620123,3.049673557,7,0,5.590993404,26.3367033,104.1020923
5864,downpour,medium,3,Himachal Pradesh,77.47020107,31.82459976,2014-2-12,3706,39.07747258,203.5068195,0.1967152357,-0.3369092643,0.737411201,7,4.838386536,33.86870575,78.51889324,153.6183033
5897,unknown,medium,0,Uttarakhand,75.24400379,33.23590078,2014-2-23,731,37.00304166,188.8635328,0.01280663442,-0.06416487694,7.876481533,7,8.259465218,8.259465218,21.14098215,63.2014699
5940,rain,medium,0,Uttarakhand,75.24389677,33.23590078,2014-3-10,731,37.00304166,188.8635328,0.01280663442,-0.06416487694,7.876481533,7,36.05206394,60.65784836,68.8597765,90.00075865
5943,snowfall_snowmelt,large,0,Himachal Pradesh,74.05600117,34.08229613,2014-3-11,1336,8.933509348,275.9107332,0.3932553828,-0.4124353826,13.21985912,7,51.89174724,56.57386947,85.53295875,110.4851913
5970,unknown,large,2,Kashmir,75.24490453,33.23549946,2014-3-20,724,35.35988722,204.1484595,0.1100501567,-0.1541275084,7.901337147,7,18.6513195,46.28291893,161.5920534,202.6592312
5994,snowfall_snowmelt,medium,0,Kashmir,74.35240207,34.20900149,2014-4-15,1585,2.241905782,90,0.2794655561,-0.3142303228,28.86743546,7,6.716264725,10.07439709,40.90478826,92.3913362
6022,continuous_rain,large,0,Kashmir,74.02410076,34.08929692,2014-5-12,1363,12.65584598,73.24025219,0.5442331433,-0.5530657172,10.17817879,7,10.31830978,15.47746468,55.90296459,127.7507088
6024,unknown,medium,0,Kashmir,75.24050339,33.23940118,2014-5-14,739,6.623883476,270,0.2547490001,-0.2928492129,7.818920612,7,13.86572361,22.79491425,45.90574026,117.9639378
6162,unknown,small,1,Kashmir,78.08029974,30.43050195,2014-7-19,1508,27.06781179,262.720472,0.7387906313,-0.6699023247,4.195926189,7,138.1979752,378.7198219,463.6821079,492.865016
6167,rain,small,0,Kashmir,78.99529835,30.63260178,2014-7-20,1896,16.36091467,106.0037856,0.478421092,-0.5449752212,1.821816206,7,106.184761,214.9836922,258.5032654,310.9753265
6174,rain,small,2,Kashmir,75.24060149,33.23949928,2014-7-22,739,6.623883476,270,0.2547490001,-0.2928492129,7.818920612,7,0,54.30132294,67.1027565,96.11932373
6177,rain,small,0,Uttarakhand,79.14639945,29.15849878,2014-7-23,229,1.854334169,0,0.3651265204,-0.3834631741,79.47422791,7,61.58576679,156.4422159,233.7020073,315.2606726
6184,continuous_rain,small,3,Uttarakhand,80.21820236,29.58289818,2014-7-28,1561,11.14917614,109.1805567,0.2599902749,-0.2901773155,27.28443146,4,27.73762894,88.27922058,255.240675,444.204546
6197,rain,small,0,Kashmir,74.94650148,33.02719702,2014-8-16,1750,25.92052974,357.7232498,0.03420205414,-0.08898387849,4.607152939,4,153.4551907,184.1462288,286.4223061,568.2100754
6225,continuous_rain,small,2,Uttarakhand,75.14659918,33.06769903,2014-09-07,1709,30.88409129,225.2765172,0.2099312544,-0.3457525969,2.267855644,7,408.3108215,408.3108215,446.3772621,609.8334198
6247,continuous_rain,medium,7,Uttarakhand,77.09909684,31.01640107,2014-10-15,1692,12.57024576,248.7163742,0.1699479222,-0.2140045762,6.549302101,7,0,0,41.29650879,63.07631302
6263,downpour,medium,0,Haryana,74.48889962,33.0364987,2014-9-26,618,12.76917838,0,0.4646100104,-0.4805188775,2.487756491,7,0,0,0,598.7702026
6294,unknown,medium,0,Himachal Pradesh,74.5128004,33.35509701,2014-09-06,1842,18.41295239,13.46542813,0.4230265617,-0.5100673437,9.183091164,4,398.7325439,398.7325439,398.7325439,609.7011185
6299,rain,medium,14,Uttarakhand,75.31420342,33.12060181,2014-10-26,1524,39.57085594,343.7006825,0.4046743214,-0.3851580918,9.754714966,7,0,0,0,17.48347473
6310,downpour,medium,0,Kashmir,78.03659609,30.48760074,2012-08-05,1319,29.45083304,52.98296752,0.6282885671,-0.5579820871,4.675897121,4,215.4563446,235.8952866,547.5585899,858.9645958
6337,downpour,medium,0,Kashmir,76.98320035,31.776602,2014-09-09,986,24.56081859,270,0.6239955425,-0.6072767973,9.146868706,6,84.71772003,272.9234772,308.4500465,510.7208977
6338,downpour,medium,0,Uttarakhand,75.21379784,33.26109916,2014-9-11,1227,45.97562291,309.901687,0.4956859648,-0.4903488457,2.128142834,7,0,369.0308228,369.0308228,461.1582813
6339,unknown,medium,2,Himachal Pradesh,74.37229858,33.54050198,2014-09-06,1518,35.96033105,297.9417415,0.2948589325,-0.3373616636,6.494915009,7,445.6549072,445.6549072,445.6549072,697.7349014
6341,unknown,medium,2,Himachal Pradesh,79.04779981,30.68800166,2014-9-11,2665,49.99301603,115.7705632,0.5194888115,-0.5958830118,0.7360188961,7,8.212590218,35.83903313,46.90482807,159.1103792
6356,downpour,medium,5,Kashmir,75.09220261,32.94110069,2014-11-07,702,8.909251595,338.3375422,0.6643379927,-0.6266906857,4.716932774,4,0,0,0,0
6358,downpour,small,0,Kashmir,75.1370032,32.84679963,2014-09-06,594,18.64509048,256.1205249,0.3503671288,-0.400154233,3.841910124,4,530.0473328,530.0473328,530.0473328,824.10149
6359,rain,medium,1,Kashmir,75.05560231,32.91480092,2014-09-06,681,16.00837973,70.21242244,0.4054410458,-0.4275695682,7.839003086,4,506.2349701,506.2349701,506.2349701,791.0816231
6369,rain,medium,5,Kashmir,74.94259531,33.00859811,2014-09-04,1479,32.81038354,197.4224021,0.5423753858,-0.5594222546,4.855388641,4,0,0,0,317.1793785
6370,downpour,medium,13,Kashmir,74.25620143,33.79800169,2014-09-04,1412,61.92248638,290.7350717,0.4139288366,-0.5024826527,5.669547558,7,0,0,50.8759346,266.9211807
6371,continuous_rain,medium,3,Kashmir,74.82879459,33.1253017,2014-09-03,796,21.46473968,231.8632885,0.6065967679,-0.6148681641,3.617246389,4,0,0,0,300.0668831
6374,rain,medium,2,Kashmir,75.44809684,33.12609988,2014-11-06,886,25.66735659,208.8596252,0.2226373702,-0.273515135,1.770052552,7,0,0,8.543274879,25.79423809
6432,downpour,medium,41,Kashmir,76.98339655,30.70899956,2014-08-04,741,24.37192005,274.0981111,0.6099292636,-0.5890435576,1.259370804,4,40.09191513,92.15879631,149.7860966,287.9430523
6510,unknown,large,0,Himachal Pradesh,78.74719843,30.11759791,2014-8-15,1475,28.48923778,270,0.6737757325,-0.6744003892,1.123785615,7,46.38637924,134.2866783,197.3601456,465.5068817
6525,unknown,small,0,Kashmir,78.45939467,30.99360169,2014-8-18,3008,55.98765365,130.1288002,0.6729466915,-0.6615147591,0.2097495794,7,0,0,230.2146492,532.0427837
6530,downpour,medium,0,Uttarakhand,74.24929874,34.53819908,2014-8-17,1663,21.86430963,78.36333754,0.604660511,-0.572298944,17.94244957,7,30.50222111,30.50222111,42.73721266,60.91191244
6538,continuous_rain,medium,0,Kashmir,78.13459821,31.52159938,2014-8-20,1920,44.11381772,131.90188,0.1396882981,-0.1972212493,2.396231174,9,0,58.50548744,84.7552166,233.6441107
6552,mining,medium,2,Himachal Pradesh,77.92769592,31.55930108,2014-8-26,1586,47.43361706,264.0261072,0.4512282014,-0.5134587288,0.7623749375,9,0,0,65.7754097,161.4800148
6566,unknown,medium,0,Kashmir,75.3504024,32.61880133,2011-8-27,762,5.675157054,144.5355763,0.2764016688,-0.3178600371,3.421581745,4,39.38798904,78.77597809,78.77597809,495.5044785
6567,unknown,medium,0,Kashmir,75.84660224,32.57639974,2011-8-27,790,13.0119359,94.01687955,0.5058220029,-0.5532508492,0.9082009196,4,48.12885666,72.19328499,134.0433178,622.1854572
6631,downpour,medium,0,Kashmir,77.39569841,28.63629792,2015-01-05,206,2.133885618,150.3305706,0.05987953767,-0.1105084717,55.0148735,7,7.94214344,13.08475637,13.08475637,17.6238122
6730,unknown,large,0,Kashmir,77.28529999,33.28699762,2014-12-31,4081,33.02084907,63.36351282,-0.0106770657,-0.02788033895,0.003605728038,9,0,0,2.208957672,10.47732174
6734,unknown,small,0,Uttar Pradesh,77.21349954,28.57140016,2015-1-29,216,3.489039055,217.2024818,0.1982024312,-0.2479632795,105.8641968,7,7.159534931,7.159534931,7.159534931,25.0790534
6804,unknown,small,1,NCT,75.19219795,33.3375995,2015-2-26,1209,31.01369953,244.480248,0.2889480889,-0.2876196802,3.252476931,9,78.16222572,127.0074167,158.2836967,195.9375393
6827,unknown,medium,0,Kashmir,74.32100108,34.20920215,2015-03-05,1626,42.97610379,346.6385817,0.4395581186,-0.4290458262,4.774554729,7,6.144377708,19.42718148,81.12141562,108.5088677
6840,unknown,medium,2,Kashmir,74.17939787,33.74529957,2015-02-05,1142,1.115281563,270,0.3736594617,-0.4472272694,6.705453396,7,12.46791172,16.62388229,30.93393135,62.13402033
6841,continuous_rain,medium,0,Kashmir,75.24490453,33.12130189,2015-03-05,2306,18.22980229,69.87652321,0.4088726342,-0.4848609865,1.146502137,7,13.33484459,38.77217674,121.5825422,147.3640809
6842,continuous_rain,medium,0,Kashmir,75.20300235,33.32959987,2015-03-02,1158,28.7552389,237.9269386,0.2678927183,-0.3042949736,3.188549757,9,51.64801931,129.810245,204.355063,237.6963766
6851,unknown,medium,0,Kashmir,76.12380226,32.56119866,2015-3-10,915,32.16946698,197.779725,0.4985044003,-0.5653366446,5.501567841,7,34.13193703,43.55623341,161.103899,269.4429388
6867,downpour,medium,0,Himachal Pradesh,74.97810313,33.89110326,2015-3-15,1638,15.46941999,20.62940931,0.4190932512,-0.4590931535,6.054675102,7,9.845615387,60.10876036,119.1735883,205.4497982
6871,continuous_rain,small,0,Kashmir,74.24529892,33.68460229,2015-3-15,1356,17.16462037,118.1433395,0.4930720627,-0.5566350818,2.366858959,7,6.825524569,26.93306088,81.75825667,181.0716908
6872,rain,medium,1,Kashmir,74.10109606,33.77320017,2015-3-15,1052,21.72031356,219.4583785,0.4081792831,-0.4695049524,13.20371437,7,4.429722786,26.09704304,64.26950216,157.9985533
6873,continuous_rain,medium,0,Kashmir,75.29659888,33.08089797,2015-3-15,1743,18.7428603,149.1741693,0.4158831239,-0.5253428817,6.715769291,4,25.63605881,53.01329994,125.7820873,230.9755468
6874,continuous_rain,medium,0,Kashmir,75.19689784,33.33429977,2015-3-22,1167,41.13364456,225.2263738,0.04595085606,-0.09161963314,3.159133434,9,0,89.41272736,213.8245888,450.5007739
6889,unknown,medium,0,Kashmir,74.38359794,34.078604,2015-3-15,2698,10.70743799,148.881955,0.5637931228,-0.5282050371,3.384082556,7,4.806786537,37.80340958,78.88683319,164.3335252
6890,continuous_rain,small,1,Kashmir,74.4116992,34.09680159,2015-3-15,2071,12.78486365,328.8765486,0.2160034925,-0.2600580752,2.595329762,7,4.574078083,38.21523714,78.01112509,160.8210887
6891,snowfall_snowmelt,medium,1,Kashmir,74.55940246,34.13270181,2015-3-15,1614,3.833650988,118.8910696,0.3497112095,-0.3803678155,19.42268753,7,4.950682163,43.58401537,94.03864241,180.1175373
6907,snowfall_snowmelt,medium,0,Kashmir,75.8103007,33.1753997,2015-3-21,1061,43.56493255,274.8816833,0.1270977259,-0.2012805939,2.122850657,7,0,54.48570442,101.6351185,205.691789
6908,continuous_rain,medium,0,Kashmir,75.57869499,33.09769986,2015-3-15,1082,20.79527143,75.18189685,0.3515167236,-0.4311485887,3.63863492,7,13.14219379,40.60933638,112.1576276,232.1232679
6924,snowfall_snowmelt,medium,0,Kashmir,74.79428561,33.95483273,2015-3-28,1614,3.350656787,90,0.3423422575,-0.3530213535,7.383366585,7,0,10.35066605,47.1282022,165.903692
6925,continuous_rain,medium,0,Kashmir,75.24050339,33.01859987,2015-3-28,1013,18.05854346,173.1989429,0.0935459286,-0.2022423893,5.847728252,7,0,3.371779203,70.70509315,181.3696835
6928,continuous_rain,large,0,Kashmir,79.81020353,30.61449783,2015-3-31,2716,40.25635441,138.2090456,0.08585986495,-0.161269024,0.1513350457,7,45.52704048,50.58921766,50.58921766,213.6597314
6931,downpour,medium,0,Kashmir,74.7958998,33.70989877,2015-3-23,2215,17.06965709,333.6648469,0.671875,-0.5957739949,8.630789757,7,0,19.8251915,63.71913052,212.8953059
6932,downpour,medium,0,Kashmir,74.03569888,34.07960283,2015-3-23,1292,35.8993742,87.43652896,0.3773773313,-0.4199446142,9.284189224,7,0,9.942565918,40.67826915,165.5217259
6933,continuous_rain,medium,0,Kashmir,74.65660195,33.93439667,2015-3-30,2074,20.1204599,158.111571,0.2701383829,-0.3697352409,10.96021652,7,64.31401062,76.3355608,92.77278042,216.1285504
6934,continuous_rain,medium,0,Kashmir,74.59149907,34.00959941,2015-3-30,1822,28.84291937,357.9679375,0.2838532031,-0.338105917,2.235126257,7,55.95973206,71.12053871,83.63786173,198.8623955
6947,continuous_rain,medium,16,Kashmir,78.62780154,30.02610161,2015-6-21,494,28.47775523,268.2899376,0.5636425614,-0.5404905677,0.7394429445,7,65.20658112,65.20658112,65.20658112,65.20658112
7011,construction,medium,4,Uttarakhand,74.65679815,34.1410002,2015-6-25,1580,4.32615327,148.8633061,0.4684155881,-0.4905336797,11.95130825,7,0,36.63930893,36.63930893,36.63930893
7012,continuous_rain,medium,0,Kashmir,79.04789791,30.68380118,2015-6-25,2495,40.42216439,133.1730345,0.550719142,-0.543341279,0.4598414302,7,148.0941162,238.3390121,238.3390121,238.3390121
7026,downpour,small,0,Himachal Pradesh,75.44460091,34.26070031,2015-5-30,3357,11.31196638,144.0216611,-0.01348284353,-0.01460145973,1.339110613,9,0,8.116671324,21.01595235,53.58036149
7027,continuous_rain,small,0,Kashmir,76.05390139,34.6055984,2015-6-25,2834,39.57416795,182.727793,0.05903858691,-0.1285463125,0.5985657573,9,0,8.844069481,8.844069481,51.97031879
7062,continuous_rain,medium,4,Kashmir,74.48380286,33.63029935,2015-5-14,2746,35.1294498,126.7411438,0.1132404357,-0.198507607,1.068954706,7,65.35279846,97.50057411,154.5254631,368.5743241
7084,continuous_rain,small,4,Kashmir,79.4524989,29.39299845,2015-07-06,1991,13.9894146,167.0717748,0.2520606816,-0.3601235449,13.54736996,4,110.2627182,110.2627182,326.2565842,416.911438
7110,continuous_rain,medium,0,Kashmir,79.55409952,30.55680153,2015-4-30,1872,18.38540155,13.07538759,0.5139154792,-0.5602827072,4.206285,7,6.386226654,6.386226654,12.61350679,76.23558807
7111,continuous_rain,medium,0,Kashmir,79.57650204,30.56310223,2015-4-28,1454,18.43327006,312.8399529,0.1619083434,-0.2012644857,0.8830240369,7,3.193113327,3.193113327,16.72788095,132.5763054
7157,continuous_rain,medium,0,Kashmir,75.31559911,34.04040288,2015-7-10,2542,38.77042738,152.4753463,0.5297793746,-0.5714219809,2.494091511,7,0,32.83277035,32.83277035,51.95296192
7158,continuous_rain,small,0,Kashmir,75.14469961,32.92620284,2015-7-11,717,35.18426166,68.44610593,0.2820484638,-0.333368957,24.28553772,7,98.9518261,180.805912,209.2438493,243.2449794
7159,continuous_rain,small,0,Uttarakhand,79.45520112,29.39080011,2015-7-10,1951,5.936953685,159.0644753,0.1773482263,-0.2345891893,13.27845955,4,36.82126236,220.7265053,220.7265053,527.3752251
7160,continuous_rain,small,0,Uttarakhand,78.48619833,30.37990007,2015-7-11,927,39.72165506,13.05243082,0.6915829778,-0.6037136912,5.680429935,4,20.28063393,94.19956779,139.2183208,195.7180595
7161,downpour,small,0,Kashmir,78.9000029,30.24099907,2015-7-11,707,43.16724249,10.35745045,0.6253842711,-0.5877645612,4.440609455,7,24.93191147,107.9096336,107.9096336,245.070837
7167,rain,small,0,Kashmir,73.95929664,34.66090017,2015-04-08,2069,56.16162812,305.1123198,0.7312760949,-0.6298853755,0,7,0,10.43490577,42.63761508,72.64536393
7168,rain,small,0,Uttarakhand,74.32790377,34.20880083,2015-04-07,1589,2.908204422,50.40947758,0.06847735494,-0.1258221716,11.50404739,7,6.504421711,38.39809084,92.21328306,148.8277969
7171,downpour,medium,0,Kashmir,74.79900334,33.94450099,2015-3-30,1623,2.164826788,328.9219967,0.1062809527,-0.1747150123,10.64238644,7,77.83956909,88.19023514,106.3586404,243.7432611
7172,downpour,medium,0,Uttarakhand,75.54689714,33.14450259,2015-04-03,1133,7.459720418,188.49102,0.1077924371,-0.1472782195,61.58220673,7,38.3054409,160.1940594,160.1940594,301.5633583
7174,downpour,medium,0,Kashmir,74.03009825,34.0886013,2015-04-03,1313,7.107293915,38.83357803,0.3688085079,-0.3422296345,16.69509697,7,30.87061596,89.31655025,103.9911385,196.522083
7175,downpour,medium,0,Uttarakhand,74.61630059,33.92430126,2015-04-05,2201,6.676176368,90,0.290928185,-0.3612028956,10.3256321,7,9.013344765,99.93363667,145.6118898,240.2221224
7176,continuous_rain,medium,2,Kashmir,74.4725035,34.15869837,2015-04-02,1650,0.9274099368,180,0.2958502173,-0.3655015528,4.136770725,7,26.21350956,75.09491253,85.25551987,167.9801307
7177,continuous_rain,medium,0,Uttarakhand,74.40160379,34.09780043,2015-04-03,2007,14.69490418,104.2944951,0.5269498825,-0.5373479128,1.846414685,7,41.77181339,92.72448826,102.8770399,189.1810277
7178,continuous_rain,medium,0,Kashmir,74.42030526,34.06039749,2015-04-03,2240,22.14110151,106.1698909,0.5373868346,-0.5098772049,4.152186871,7,42.26316261,94.42183113,104.6466179,191.8540087
7185,continuous_rain,medium,0,Uttarakhand,77.18029707,32.29339843,2015-04-03,2149,8.89961445,301.1236994,0.002917441539,0.001019767951,2.621573448,7,20.49420071,84.91816044,84.91816044,175.4620004
7195,continuous_rain,medium,0,Uttarakhand,75.21019934,33.25040178,2015-7-12,716,11.26758374,215.6580148,0.2057930082,-0.2392054796,2.617645741,4,49.02133942,105.7620544,124.0740862,150.5093269
7196,continuous_rain,medium,0,Kashmir,75.28450134,33.20489665,2015-7-12,778,33.75064918,6.650645014,0.1335010231,-0.1609510928,2.863703966,7,37.68337631,81.74479485,95.13055134,127.8175941
7215,continuous_rain,small,1,Kashmir,78.03700186,32.24730024,2015-7-13,3661,1.43596808,130.2229947,0.06289809942,-0.1883334517,0.03125326335,9,0,0,6.071947098,28.49363136
7224,continuous_rain,small,0,Himachal Pradesh,78.43779924,30.72999747,2015-7-19,1120,7.681024638,196.2164423,0.1181830019,-0.1820570081,6.729048252,7,80.83499432,260.6376524,433.2733107,638.8475866
7226,continuous_rain,small,1,Himachal Pradesh,76.32260236,32.22389888,2015-7-18,1476,20.42124106,180,0.708645463,-0.6526013017,13.69024467,7,396.0351257,396.0351257,649.236227,886.2837429
7227,monsoon,medium,0,Himachal Pradesh,80.23639549,30.07050088,2015-7-19,2186,9.259366335,53.43274578,0.3034875691,-0.3808495998,2.018655777,7,32.28470612,32.28470612,162.6238365,364.6967621
7249,continuous_rain,medium,0,Uttarakhand,77.16649616,31.08509798,2015-7-13,1821,41.11958208,319.489531,0.6907599568,-0.6566377282,10.41775417,4,139.7512569,214.9213333,257.7559624,493.5581551
7251,monsoon,small,1,Uttarakhand,75.1494976,34.26890059,2015-7-21,2213,8.669047112,230.4295311,0.2884373367,-0.3341441751,4.512581825,7,15.68190861,31.36381721,45.3109436,69.58387184
7261,continuous_rain,small,0,Kashmir,77.76519736,33.61599902,2015-7-21,4299,15.45283153,100.1179484,0.0471092388,-0.1195410043,0.01441029273,9,15.53466678,27.08629751,35.53099489,41.18693542
7262,continuous_rain,medium,0,Kashmir,77.75589567,33.74030092,2015-7-21,3711,28.68860695,84.90861145,0.02153868601,-0.07694011182,0.04985431209,7,19.956532,19.956532,33.36221075,61.02841282
7270,continuous_rain,small,0,Kashmir,80.21859922,29.58630048,2015-7-24,1664,7.721587156,213.3091364,0.2770216763,-0.2447422743,18.3889389,4,42.01583862,62.89821911,194.7542181,508.4098921
7273,continuous_rain,medium,0,Kashmir,78.9013986,30.24110163,2015-7-26,694,35.61003265,353.9929086,0.5489276052,-0.5135270953,4.402345181,7,30.25704002,59.68635654,214.0227346,321.9323683
7275,continuous_rain,small,0,Uttarakhand,75.41889865,34.25799809,2015-7-24,2891,14.02677562,193.6029718,0.02143484727,-0.04924530536,4.042765141,7,0,12.71311092,39.53474712,56.7450285
7284,continuous_rain,medium,0,Uttarakhand,75.77020447,33.27060151,2015-7-27,1152,26.49690868,238.69776,0.3776676953,-0.4238981307,5.820464611,7,22.02662754,47.48880291,78.49542332,162.2626162
7285,continuous_rain,small,0,Uttarakhand,77.3525031,31.12630008,2015-7-26,2280,8.395167336,39.84221379,0.4463453293,-0.4348230958,5.156337738,4,45.08902359,61.69079399,249.5477734,364.0629625
7286,continuous_rain,small,0,Uttarakhand,77.17510222,31.10029906,2015-7-26,2146,31.99334742,272.9706895,0.1937609613,-0.2487569302,13.91572094,4,43.30485153,68.9259882,325.4165373,468.4779348
7287,continuous_rain,small,0,Himachal Pradesh,76.12059617,32.56060114,2015-7-26,842,23.96099738,276.2735309,0.7609142065,-0.706549108,7.75212574,7,84.31921005,161.7415676,401.4666042,633.7375641
7288,continuous_rain,small,0,Himachal Pradesh,77.1135042,31.95629931,2015-7-26,1208,9.377048555,53.97370738,0.07613573968,-0.138255164,8.334837914,7,28.47101402,51.99930286,117.0487719,194.9736176
7289,continuous_rain,small,0,Himachal Pradesh,76.92970451,31.70849815,2015-7-26,762,8.055301651,336.2123316,0.1241960377,-0.1842249781,41.38005066,7,95.21465302,119.0183163,270.6183071,475.9243908
7294,continuous_rain,small,0,Himachal Pradesh,78.10449928,30.45280191,2015-7-24,2063,28.53717557,213.539359,0.5021009445,-0.6112317443,17.1736393,4,53.22680664,109.7500401,423.3959522,805.3155384
7295,continuous_rain,medium,3,Himachal Pradesh,78.14430121,30.45170051,2015-7-24,2316,22.90669912,174.9008731,0.5056943893,-0.5679705739,1.836046576,4,40.93449879,85.06722832,310.8397503,676.9467106
7296,continuous_rain,medium,0,Uttarakhand,78.3415005,30.41600095,2015-7-24,2327,24.26305522,253.3030632,0.4671546519,-0.5245622993,1.90557313,4,32.51375198,42.93781757,194.6235361,414.673398
7297,downpour,small,0,Kashmir,79.0757985,30.72040148,2015-7-28,3593,45.8830098,251.7039478,0.3135221303,-0.3216552138,0.6536064148,7,68.27138519,68.27138519,152.4654732,379.5303345
7308,continuous_rain,small,0,Uttarakhand,78.68139548,30.9110994,2015-8-15,2002,38.8591446,280.4174792,0.4179054499,-0.4435569942,0.3833694756,7,19.7425518,19.7425518,98.73702049,313.5438309
7309,continuous_rain,medium,0,Himachal Pradesh,78.6159983,30.78640064,2015-8-15,1559,22.20908361,146.3696495,0.1708633006,-0.2723433077,1.368122339,7,19.34495163,74.17381859,201.5539761,467.4816532
7310,continuous_rain,medium,0,Uttarakhand,78.32990238,30.90849974,2015-8-15,1815,41.0545586,77.11273148,0.7125088573,-0.6707186699,0.6299230456,7,32.03749466,99.83702087,237.1753922,521.7958841
7311,unknown,medium,0,Kashmir,79.52690346,30.64939922,2015-8-15,2064,22.38726262,30.16476759,0.637216866,-0.5952736139,0.7815306783,7,17.74446106,73.14635658,183.8180904,428.1014919
7329,downpour,medium,3,Himachal Pradesh,77.34459711,32.02750223,2015-8-18,1721,32.06580988,154.7414561,0.6896161437,-0.6392424703,6.679490089,7,17.68455124,44.2113781,119.9822073,212.680871
7366,downpour,medium,0,Kashmir,76.33740212,32.22409954,2015-7-31,1577,14.65969084,251.9764887,0.5920962095,-0.5609233379,8.531459808,7,64.6177597,250.185215,420.0106621,1069.246889
7367,rain,small,0,Himachal Pradesh,76.33689824,32.22370268,2014-08-08,1561,15.90515628,250.0713773,0.5228703618,-0.5097459555,7.897639275,7,227.4873581,227.4873581,407.737154,880.4708481
7391,downpour,medium,0,Kashmir,78.85780197,31.03580262,2015-08-01,2734,53.37365127,211.3076554,0.1533600837,-0.2137884796,0.03856579587,9,177.8603706,177.8603706,227.4917564,423.6107445
7598,downpour,medium,0,Himachal Pradesh,74.77559752,33.10779973,2015-08-06,1194,24.19624295,54.80143448,0.638908565,-0.6494130492,1.148440242,4,34.47652054,94.93239403,173.1852636,454.5721264
7613,rain,medium,0,Himachal Pradesh,75.19940386,32.99609925,2015-08-08,830,27.80587009,98.82842456,0.1074243933,-0.2260064632,2.565443277,4,99.52470684,112.3389025,167.9045362,420.8610773
7614,monsoon,medium,0,Himachal Pradesh,76.75700353,31.80279921,2015-08-08,720,13.36366868,105.8168451,0.6111033559,-0.5915695429,6.191620827,7,75.01820469,139.4260187,265.1859446,566.3726072
7628,unknown,medium,0,Himachal Pradesh,76.5102012,31.69160261,2015-08-09,821,17.96859884,176.6370527,0.4238915145,-0.4337973893,9.379891396,4,126.3538551,154.9342232,246.3755646,717.2974634
7636,continuous_rain,medium,0,Uttarakhand,74.25620143,33.38520041,2015-08-09,1084,16.23070126,59.96910282,0.4029991925,-0.4905827045,3.999541998,7,47.44132233,47.44132233,145.0937386,342.4028568
7649,continuous_rain,medium,0,Uttarakhand,76.76219838,31.32370002,2015-8-11,575,12.08697639,232.7895582,0.4766058624,-0.5256611705,3.922175646,4,80.50450134,151.5313721,229.6280251,541.2542515
7676,continuous_rain,medium,0,Uttarakhand,76.30750385,32.17640054,2015-8-12,959,8.888438046,101.947726,0.6893692613,-0.6411555409,3.499586105,7,123.8521881,340.3774261,485.0945644,1328.206873
7678,continuous_rain,medium,0,Uttarakhand,76.31939627,32.19670282,2015-8-11,1133,20.61693077,255.0385236,0.5076874495,-0.4870795906,8.617418289,7,97.45928955,294.7169533,450.5581131,1260.807495
7685,rain,medium,8,Himachal Pradesh,76.98760148,31.7755987,2015-8-13,1027,37.25357314,339.4801383,0.7713586688,-0.6983091831,9.690916061,7,34.04793549,145.9572783,271.9959898,450.4694891
7704,unknown,medium,0,Kashmir,75.61570107,32.61749927,2015-8-20,1054,15.28348273,135.3061839,0.4766241908,-0.5401672125,3.656230927,7,0,32.47249889,202.4260311,501.9569645
7726,unknown,medium,0,Kashmir,77.12129871,31.0365027,2015-8-22,1794,22.65285315,251.9225772,0.6583634615,-0.626981318,3.366791248,7,0,37.43494415,184.7945595,243.0079966
7746,downpour,medium,0,Himachal Pradesh,75.2639984,32.61729861,2015-8-20,486,19.12661267,221.6828026,0.2795032859,-0.342528224,1.410710573,7,0,11.47763062,207.042285,516.6725645
7940,unknown,medium,1,Kashmir,74.25250037,33.67940297,2015-09-03,1262,2.163044522,329.0004886,0.03269314393,-0.07273999602,3.021263123,7,0,82.89659882,104.3002167,216.9648457
8032,downpour,medium,0,Kashmir,79.32060315,30.32990017,2016-6-29,926,36.44208053,239.7200744,0.6591458321,-0.6413340569,2.827275038,7,11.33884048,27.30230999,45.44347572,81.43347931
8367,unknown,medium,0,Himachal Pradesh,80.25650158,29.80019909,2016-6-30,1662,21.42830577,45.47763701,0.5919285417,-0.5798289776,4.743672371,7,34.28373241,83.02882671,149.3504267,236.2978411
8472,construction,small,1,NCT,74.5263962,33.62959927,2016-07-02,3451,9.452034754,193.5066524,0.1665715575,-0.2359497994,1.3757689,7,43.11721802,96.60900497,151.6535797,254.5404892
8482,construction,medium,0,Himachal Pradesh,77.09003149,30.89221511,2016-07-02,1573,27.63095242,171.7123108,0.07403529435,-0.3071915805,9.62704277,7,71.41927433,117.5978746,166.6407461,243.2969036
8744,continuous_rain,medium,5,Kashmir,75.18920144,32.99000366,2016-6-21,833,31.219873,124.1162472,0.06898993254,-0.2005866766,2.973147631,7,0,16.93601227,16.93601227,68.21853733
8860,continuous_rain,small,0,Kashmir,78.11810399,31.51240026,2016-6-17,1720,56.75537021,350.6883487,0.5669270158,-0.5436900258,2.170945168,9,40.11875916,40.11875916,40.11875916,57.85092926
8866,rain,small,10,Uttarakhand,75.19819544,33.30409828,2015-10-25,2003,35.493123,12.54973829,0.6774852276,-0.5653064847,3.290638208,7,8.819368362,50.92749977,70.6824894,70.6824894
9002,rain,small,10,Uttarakhand,78.09729783,30.45540157,2016-7-16,1978,33.82546482,206.6405022,0.4201936126,-0.4399101734,15.93134975,4,99.37484741,99.37484741,174.0818672,410.7348022
9008,downpour,medium,0,Kashmir,78.51129861,30.33509948,2016-7-16,1475,22.01879515,139.5116708,0.6668198109,-0.6274214983,2.102596283,7,51.50608635,64.91749096,94.64721966,200.316483
9017,monsoon,large,0,Himachal Pradesh,78.29360083,30.16419997,2016-7-17,1097,44.46223133,283.3514437,0.2875680327,-0.2831221223,9.814331055,7,48.07432556,72.11148834,91.10578728,284.1946735
9020,downpour,medium,0,Kashmir,78.16770258,29.95509935,2016-7-17,309,13.14075539,166.1081647,0.5016368628,-0.4892974496,54.1844101,7,116.2316103,158.5584164,204.8976259,321.3518209
9037,downpour,medium,0,Uttarakhand,77.12090185,31.68169895,2015-12-07,1066,22.70908996,90,0.642352283,-0.646376729,2.722841501,7,0,0,0,14.55810547
9048,monsoon,large,0,Uttarakhand,78.17579584,31.50069958,2016-7-17,1845,43.82470189,56.1807788,0.5059338808,-0.5089803934,5.551120281,9,23.85021782,47.70043564,47.70043564,223.595089
9120,unknown,medium,0,Kashmir,77.27909738,28.57460179,2015-12-24,197,2.305677868,113.7061914,0.7633780241,-0.7174747586,58.65904236,7,0,0,3.01282382,5.991625547
9144,downpour,medium,1,Himachal Pradesh,76.86927478,31.4662664,2015-12-29,850,32.13594856,265.5661102,0.5305655599,-0.5325912833,0.9967707992,4,6.97823143,6.97823143,6.97823143,17.61692905
9166,rain,small,0,Uttarakhand,78.43579711,30.73129953,2016-7-18,1157,41.70735265,213.3271771,0.6414153576,-0.6270980835,4.120168209,7,166.9800301,210.9323502,236.1203804,407.1784401
9199,downpour,medium,0,Uttarakhand,75.3225999,34.29520037,2016-06-08,2739,12.88446488,230.4382713,0.05617600307,-0.130539462,2.752086878,7,0,0,0,47.26498699
9216,unknown,small,1,Himachal Pradesh,77.42659552,30.69349973,2016-7-26,1655,11.52054186,236.2246713,0.03424862027,-0.1569111198,1.8863343,4,21.22559357,84.90237808,270.4814186,451.2878189
9258,downpour,medium,4,Uttarakhand,78.43750048,30.97530154,2016-7-31,2535,19.14707227,147.0583067,0.1240932196,-0.1879882067,4.170127869,7,0,88.93916321,245.1060791,425.584837
9264,downpour,medium,0,Uttarakhand,77.10430062,31.6865014,2016-7-31,1098,49.90301913,191.0818559,0.4629035592,-0.5187647939,3.248231173,4,0,51.37511444,91.27802658,255.8169575
9314,rain,medium,0,Uttarakhand,78.06479544,30.30599939,2016-5-22,650,4.670121723,293.3484505,0.1045161709,-0.1514000893,84.4709549,7,0,0,32.14383698,56.58018112
9318,downpour,large,2,Himachal Pradesh,77.86440344,30.70070118,2016-5-23,2091,30.11388655,157.0760471,0.5403345227,-0.5599609613,13.04125404,4,0,0,48.62018108,88.47667408
9380,continuous_rain,medium,0,Uttarakhand,74.27979899,34.40019882,2016-04-04,1607,2.16795413,328.7850065,0.1160697117,-0.1664149612,6.606801033,7,18.50674152,25.16788387,50.34074807,139.5327919
9426,rain,medium,0,Himachal Pradesh,75.29048546,33.04965305,2016-3-26,1324,18.36030111,98.41402179,0.5305565596,-0.567886889,6.860143661,7,21.84177065,32.4314065,92.67422152,125.9069529
9447,continuous_rain,medium,0,Uttarakhand,74.94550264,33.00680109,2016-08-05,1353,37.85623479,178.5769018,0.3994245529,-0.360234499,4.633780479,4,22.59382248,78.70721817,243.7491226,485.9710236
9448,downpour,medium,5,Kashmir,80.21540204,29.58659924,2016-08-05,1602,19.70100762,5.968028074,0.2611955702,-0.2709979713,42.33563995,4,29.38614178,29.38614178,159.5753126,379.8485079
9449,downpour,small,1,Uttarakhand,79.49539991,30.73859908,2016-08-04,3120,8.56831129,270,2.68E-04,-0.03461813927,1.348754883,7,15.16832066,15.16832066,52.2402277,247.8240385
9465,continuous_rain,medium,1,Kashmir,75.69529603,32.98339973,2016-08-07,1882,27.58585729,73.80861189,0.4024362266,-0.4489358664,7.259354591,7,63.97010422,81.71553993,178.7950497,281.5643635
9468,continuous_rain,medium,0,Kashmir,75.21309776,33.24829708,2016-08-07,707,20.43700026,218.5604546,0.03749262169,-0.08692558855,2.641993999,7,49.03225136,55.08683157,128.2581935,209.2514815
9474,continuous_rain,medium,0,Kashmir,75.05819751,32.6986995,2016-08-07,466,10.97784214,203.36997,0.2684754729,-0.302898258,2.994184017,7,83.59526825,124.8490906,304.2181549,467.4518776
9475,continuous_rain,medium,0,Kashmir,75.09110121,32.90409907,2016-08-07,643,0.9274099368,0,0.5532449484,-0.5205726027,25.43785477,4,96.85977554,131.2671547,329.0277824,523.4992561
9476,continuous_rain,medium,2,Kashmir,75.79640169,33.14569763,2016-08-07,960,36.21335459,335.0105768,0.3758125901,-0.3712890744,,9,62.66342545,62.66342545,147.910162,224.0513916
9477,downpour,medium,0,Kashmir,74.83899702,33.07160075,2016-08-07,456,6.452840332,210.823124,0.6500844359,-0.6288304329,3.461608171,4,112.4842796,151.9240227,322.335659,496.8523026
9478,continuous_rain,medium,0,Kashmir,75.58070159,32.42979787,2016-08-07,518,23.4833188,44.9340109,0.6419953704,-0.609452188,1.775201917,4,127.6464081,175.5421638,373.730669,591.4682503
9490,continuous_rain,medium,0,Himachal Pradesh,77.85610059,31.57279878,2016-8-29,1650,59.22781595,19.15374502,0.441015929,-0.4490699768,0.2385528535,9,14.56905174,61.39721966,85.85684586,146.7763824
9507,construction,medium,0,Himachal Pradesh,77.05879995,30.89740104,2016-10-03,1704,40.45654498,264.5536938,0.337646395,-0.4168037474,7.20485878,4,4.043520451,34.38876295,66.42655754,89.28058672
9630,unknown,medium,0,Uttarakhand,80.55300058,29.85209857,2016-10-04,895,2.329933446,293.4442587,0.1036958694,-0.1722417921,1.501599669,7,18.10200119,47.69092751,80.47339249,160.5250044