system:index,aspect,elevation,label,ndvi,ndwi,point_id,population,rainfall_14d,rainfall_30d,rainfall_3d,rainfall_7d,road_distance_m,slope,soil_type,.geo
0,130.8334695948357,405,0,0.6033626289644631,-0.4727974727974728,"NL_ee.String({
  ""type"": ""Invocation"",
  ""arguments"": {
    ""element"": {
      ""type"": ""ArgumentRef"",
      ""value"": ""_MAPPING_VAR_0_0""
    }
  },
  ""functionName"": ""Feature.id""
})",,326.67076110839844,612.0512790679932,111.36339569091797,235.59526824951172,-9999,4.247640122607501,4,"{""type"":""Point"",""coordinates"":[77.79145825307674,30.20907247376012]}"
1,177.00295235911847,5287,0,0.018161180476730987,-0.07425149700598803,"NL_ee.String({
  ""type"": ""Invocation"",
  ""arguments"": {
    ""element"": {
      ""type"": ""ArgumentRef"",
      ""value"": ""_MAPPING_VAR_0_0""
    }
  },
  ""functionName"": ""Feature.id""
})",,62.900017738342285,62.900017738342285,53.9143009185791,62.900017738342285,-9999,47.78525275459451,9,"{""type"":""Point"",""coordinates"":[77.3943249403832,32.57937012480863]}"
2,106.06108674056152,205,0,0.4072289156626506,-0.4348894348894349,"NL_ee.String({
  ""type"": ""Invocation"",
  ""arguments"": {
    ""element"": {
      ""type"": ""ArgumentRef"",
      ""value"": ""_MAPPING_VAR_0_0""
    }
  },
  ""functionName"": ""Feature.id""
})",,10.407777786254883,175.52502632141113,0.0,0.0,-9999,3.3486147935453063,7,"{""type"":""Point"",""coordinates"":[74.79311238515751,30.26572110039021]}"
3,343.7000666959722,4992,0,0.009499136442141624,-0.05362776025236593,"NL_ee.String({
  ""type"": ""Invocation"",
  ""arguments"": {
    ""element"": {
      ""type"": ""ArgumentRef"",
      ""value"": ""_MAPPING_VAR_0_0""
    }
  },
  ""functionName"": ""Feature.id""
})",,82.5400276184082,144.4094066619873,53.91204833984375,53.91204833984375,-9999,3.8594802103973374,9,"{""type"":""Point"",""coordinates"":[78.61683683868031,31.247410652105636]}"
4,149.4115112824457,4711,0,0.10003691399040236,-0.2148389726865063,"NL_ee.String({
  ""type"": ""Invocation"",
  ""arguments"": {
    ""element"": {
      ""type"": ""ArgumentRef"",
      ""value"": ""_MAPPING_VAR_0_0""
    }
  },
  ""functionName"": ""Feature.id""
})",,18.993497848510742,30.200051307678223,9.352599620819092,18.993497848510742,-9999,4.301580194266413,9,"{""type"":""Point"",""coordinates"":[80.690235027991,32.237729510184685]}"
5,228.75265145027723,231,0,0.7157036511875221,-0.6138712904301434,"NL_ee.String({
  ""type"": ""Invocation"",
  ""arguments"": {
    ""element"": {
      ""type"": ""ArgumentRef"",
      ""value"": ""_MAPPING_VAR_0_0""
    }
  },
  ""functionName"": ""Feature.id""
})",,0.0,145.69999980926514,0.0,0.0,-9999,1.4064752487549674,6,"{""type"":""Point"",""coordinates"":[75.4888035109884,28.729971518030702]}"
6,357.37128533332634,4928,0,0.10420475319926874,-0.17930361210543444,"NL_ee.String({
  ""type"": ""Invocation"",
  ""arguments"": {
    ""element"": {
      ""type"": ""ArgumentRef"",
      ""value"": ""_MAPPING_VAR_0_0""
    }
  },
  ""functionName"": ""Feature.id""
})",,0.0,0.0,0.0,0.0,-9999,22.846927589711512,9,"{""type"":""Point"",""coordinates"":[78.22065182744805,33.099354783729204]}"
7,204.52276719113596,778,0,-0.031438127090301006,0.06640876853642812,"NL_ee.String({
  ""type"": ""Invocation"",
  ""arguments"": {
    ""element"": {
      ""type"": ""ArgumentRef"",
      ""value"": ""_MAPPING_VAR_0_0""
    }
  },
  ""functionName"": ""Feature.id""
})",,404.70469665527344,835.2865104675293,74.87321472167969,247.97840118408203,-9999,13.023791970803066,7,"{""type"":""Point"",""coordinates"":[75.6056813594108,32.53389091283439]}"
8,284.4896006568719,587,0,0.4015375517445299,-0.2810810810810811,"NL_ee.String({
  ""type"": ""Invocation"",
  ""arguments"": {
    ""element"": {
      ""type"": ""ArgumentRef"",
      ""value"": ""_MAPPING_VAR_0_0""
    }
  },
  ""functionName"": ""Feature.id""
})",,225.38433647155762,670.392499923706,40.257843017578125,126.73382568359375,-9999,14.509412980381898,4,"{""type"":""Point"",""coordinates"":[75.10625587808993,32.87262119293467]}"
9,149.29651456832278,5369,0,0.1217352810978309,-0.28956743002544527,"NL_ee.String({
  ""type"": ""Invocation"",
  ""arguments"": {
    ""element"": {
      ""type"": ""ArgumentRef"",
      ""value"": ""_MAPPING_VAR_0_0""
    }
  },
  ""functionName"": ""Feature.id""
})",,37.47020149230957,37.47020149230957,32.78642654418945,37.47020149230957,-9999,38.334477269967394,9,"{""type"":""Point"",""coordinates"":[77.41597872123022,32.65027413588478]}"
10,227.74131920414138,2302,0,-0.09799147900182593,0.10344827586206896,"NL_ee.String({
  ""type"": ""Invocation"",
  ""arguments"": {
    ""element"": {
      ""type"": ""ArgumentRef"",
      ""value"": ""_MAPPING_VAR_0_0""
    }
  },
  ""functionName"": ""Feature.id""
})",,431.4239273071289,712.7138748168945,126.96542739868164,346.22997856140137,-9999,45.31382761691664,9,"{""type"":""Point"",""coordinates"":[76.13330907282601,32.46581753540769]}"
11,111.02067981214529,4419,0,0.019775964596874567,-0.045809105091476385,"NL_ee.String({
  ""type"": ""Invocation"",
  ""arguments"": {
    ""element"": {
      ""type"": ""ArgumentRef"",
      ""value"": ""_MAPPING_VAR_0_0""
    }
  },
  ""functionName"": ""Feature.id""
})",,85.74993896484375,111.93945789337158,52.17084503173828,69.56112670898438,-9999,42.0683871111212,7,"{""type"":""Point"",""coordinates"":[77.3481192092088,32.283720011278305]}"
12,198.4809586675085,214,0,0.39923224568138194,-0.33394327538883806,"NL_ee.String({
  ""type"": ""Invocation"",
  ""arguments"": {
    ""element"": {
      ""type"": ""ArgumentRef"",
      ""value"": ""_MAPPING_VAR_0_0""
    }
  },
  ""functionName"": ""Feature.id""
})",,15.249139785766602,234.5189619064331,7.2129669189453125,15.249139785766602,-9999,6.8131679349577405,7,"{""type"":""Point"",""coordinates"":[74.41973221415952,31.256481420466535]}"
13,286.2950222911703,208,0,0.09948062325209749,-0.1008,"NL_ee.String({
  ""type"": ""Invocation"",
  ""arguments"": {
    ""element"": {
      ""type"": ""ArgumentRef"",
      ""value"": ""_MAPPING_VAR_0_0""
    }
  },
  ""functionName"": ""Feature.id""
})",,6.864577293395996,145.940664768219,0.0,0.0,-9999,6.582053994598674,6,"{""type"":""Point"",""coordinates"":[74.25241567631787,28.720019776232803]}"
14,285.9503667195006,4511,0,0.5428820200261211,-0.5578021978021978,"NL_ee.String({
  ""type"": ""Invocation"",
  ""arguments"": {
    ""element"": {
      ""type"": ""ArgumentRef"",
      ""value"": ""_MAPPING_VAR_0_0""
    }
  },
  ""functionName"": ""Feature.id""
})",,15.79079818725586,69.15553569793701,15.79079818725586,15.79079818725586,-9999,3.3711974214640144,9,"{""type"":""Point"",""coordinates"":[80.94770738373786,30.971489755500453]}"
15,101.60978128759501,4740,0,0.052474879047264604,-0.14540299716484406,"NL_ee.String({
  ""type"": ""Invocation"",
  ""arguments"": {
    ""element"": {
      ""type"": ""ArgumentRef"",
      ""value"": ""_MAPPING_VAR_0_0""
    }
  },
  ""functionName"": ""Feature.id""
})",,4.09807825088501,4.09807825088501,0.0,4.09807825088501,-9999,35.90238078617966,9,"{""type"":""Point"",""coordinates"":[79.99607659171394,32.368624364008035]}"
16,30.02317354393362,240,0,0.06768953068592058,-0.12185870080606923,"NL_ee.String({
  ""type"": ""Invocation"",
  ""arguments"": {
    ""element"": {
      ""type"": ""ArgumentRef"",
      ""value"": ""_MAPPING_VAR_0_0""
    }
  },
  ""functionName"": ""Feature.id""
})",,34.6108283996582,168.88381481170654,0.0,11.164861679077148,-9999,2.141451333015259,7,"{""type"":""Point"",""coordinates"":[76.24860458692785,30.092502243797984]}"
17,357.01793374459174,3587,0,0.008966861598440545,0.006907137375287797,"NL_ee.String({
  ""type"": ""Invocation"",
  ""arguments"": {
    ""element"": {
      ""type"": ""ArgumentRef"",
      ""value"": ""_MAPPING_VAR_0_0""
    }
  },
  ""functionName"": ""Feature.id""
})",,82.78946113586426,300.7957515716553,28.56178092956543,58.10124206542969,-9999,20.446641214535422,7,"{""type"":""Point"",""coordinates"":[74.98599012723187,33.42439164178679]}"
18,192.2956356171007,5535,0,0.061208875286916604,-0.13968775677896467,"NL_ee.String({
  ""type"": ""Invocation"",
  ""arguments"": {
    ""element"": {
      ""type"": ""ArgumentRef"",
      ""value"": ""_MAPPING_VAR_0_0""
    }
  },
  ""functionName"": ""Feature.id""
})",,0.0,0.0,0.0,0.0,-9999,36.09143085293204,9,"{""type"":""Point"",""coordinates"":[77.44997568569876,33.46737976211687]}"
19,-0.0,208,0,0.23858470053370232,-0.3272611734801949,"NL_ee.String({
  ""type"": ""Invocation"",
  ""arguments"": {
    ""element"": {
      ""type"": ""ArgumentRef"",
      ""value"": ""_MAPPING_VAR_0_0""
    }
  },
  ""functionName"": ""Feature.id""
})",,10.575128555297852,145.51873016357422,0.0,0.0,-9999,2.7802885155465065,7,"{""type"":""Point"",""coordinates"":[75.03647060315807,29.936496667176204]}"
20,228.86137608971563,210,0,0.1778846153846154,-0.25910064239828695,"NL_ee.String({
  ""type"": ""Invocation"",
  ""arguments"": {
    ""element"": {
      ""type"": ""ArgumentRef"",
      ""value"": ""_MAPPING_VAR_0_0""
    }
  },
  ""functionName"": ""Feature.id""
})",,8.5625319480896,192.5560383796692,0.0,0.9490594863891602,-9999,1.4095267779555873,7,"{""type"":""Point"",""coordinates"":[75.66918996094697,29.1268742937476]}"
21,22.728574874662794,3658,0,0.05352528608342562,-0.13705179282868526,"NL_ee.String({
  ""type"": ""Invocation"",
  ""arguments"": {
    ""element"": {
      ""type"": ""ArgumentRef"",
      ""value"": ""_MAPPING_VAR_0_0""
    }
  },
  ""functionName"": ""Feature.id""
})",,0.0,8.191542625427246,0.0,0.0,-9999,24.5280253186153,9,"{""type"":""Point"",""coordinates"":[77.1826192984353,34.274368371390835]}"
22,113.77389718180592,168,0,0.2542901716068643,-0.24121960632960246,"NL_ee.String({
  ""type"": ""Invocation"",
  ""arguments"": {
    ""element"": {
      ""type"": ""ArgumentRef"",
      ""value"": ""_MAPPING_VAR_0_0""
    }
  },
  ""functionName"": ""Feature.id""
})",,148.93486642837524,226.14556980133057,30.597739219665527,60.45522356033325,-9999,2.2994978003006454,7,"{""type"":""Point"",""coordinates"":[80.09787274810682,28.234774094079665]}"
23,153.9941703539109,2059,0,0.02006335797254488,-0.004506065857885615,"NL_ee.String({
  ""type"": ""Invocation"",
  ""arguments"": {
    ""element"": {
      ""type"": ""ArgumentRef"",
      ""value"": ""_MAPPING_VAR_0_0""
    }
  },
  ""functionName"": ""Feature.id""
})",,158.45602798461914,621.8769569396973,54.37761688232422,76.35568618774414,-9999,25.93406497796412,7,"{""type"":""Point"",""coordinates"":[74.638400037237,33.374550910070354]}"
24,8.343681830669501,5218,0,0.18354675979821497,-0.24236252545824846,"NL_ee.String({
  ""type"": ""Invocation"",
  ""arguments"": {
    ""element"": {
      ""type"": ""ArgumentRef"",
      ""value"": ""_MAPPING_VAR_0_0""
    }
  },
  ""functionName"": ""Feature.id""
})",,0.0,0.0,0.0,0.0,-9999,22.24571989026755,9,"{""type"":""Point"",""coordinates"":[79.29295377525777,35.094527838115944]}"
25,64.75532095827008,3453,0,0.909805261359754,-0.7740399873056173,"NL_ee.String({
  ""type"": ""Invocation"",
  ""arguments"": {
    ""element"": {
      ""type"": ""ArgumentRef"",
      ""value"": ""_MAPPING_VAR_0_0""
    }
  },
  ""functionName"": ""Feature.id""
})",,128.3162546157837,172.09114360809326,77.12362861633301,89.97756671905518,-9999,37.203057631175746,7,"{""type"":""Point"",""coordinates"":[77.36172327557526,31.926150346040494]}"
26,229.59614140633758,231,0,0.39302172481895986,-0.2816474863718958,"NL_ee.String({
  ""type"": ""Invocation"",
  ""arguments"": {
    ""element"": {
      ""type"": ""ArgumentRef"",
      ""value"": ""_MAPPING_VAR_0_0""
    }
  },
  ""functionName"": ""Feature.id""
})",,107.8477611541748,357.6497173309326,0.0,82.21197128295898,-9999,1.4306377661896819,4,"{""type"":""Point"",""coordinates"":[75.58387152738156,31.659415211755064]}"
27,270.0,203,0,0.6941719561454126,-0.5926227285055601,"NL_ee.String({
  ""type"": ""Invocation"",
  ""arguments"": {
    ""element"": {
      ""type"": ""ArgumentRef"",
      ""value"": ""_MAPPING_VAR_0_0""
    }
  },
  ""functionName"": ""Feature.id""
})",,63.559783935546875,161.09938621520996,0.0,0.0,-9999,1.095606761279435,7,"{""type"":""Point"",""coordinates"":[73.47303243820504,32.172139207039315]}"
28,143.7086751104249,2504,0,-0.04823151125401929,0.07572209211553474,"NL_ee.String({
  ""type"": ""Invocation"",
  ""arguments"": {
    ""element"": {
      ""type"": ""ArgumentRef"",
      ""value"": ""_MAPPING_VAR_0_0""
    }
  },
  ""functionName"": ""Feature.id""
})",,285.8176956176758,644.0489158630371,91.83049011230469,192.35446166992188,-9999,34.32696661083239,7,"{""type"":""Point"",""coordinates"":[75.76361154063613,32.744411616748366]}"
29,234.455935121347,4537,0,0.06584180291648255,-0.0811295383236217,"NL_ee.String({
  ""type"": ""Invocation"",
  ""arguments"": {
    ""element"": {
      ""type"": ""ArgumentRef"",
      ""value"": ""_MAPPING_VAR_0_0""
    }
  },
  ""functionName"": ""Feature.id""
})",,0.0,0.0,0.0,0.0,-9999,9.485189411880926,9,"{""type"":""Point"",""coordinates"":[78.20518635497338,33.536960177450865]}"
30,204.13866517222715,1119,0,0.8305709023941068,-0.6797634136037178,"NL_ee.String({
  ""type"": ""Invocation"",
  ""arguments"": {
    ""element"": {
      ""type"": ""ArgumentRef"",
      ""value"": ""_MAPPING_VAR_0_0""
    }
  },
  ""functionName"": ""Feature.id""
})",,202.79657554626465,327.2955856323242,54.853525161743164,104.41197299957275,-9999,28.806636589922764,7,"{""type"":""Point"",""coordinates"":[78.77381148898895,30.254016726118156]}"
31,22.22213960119323,2148,0,0.8148148148148148,-0.6415410385259631,"NL_ee.String({
  ""type"": ""Invocation"",
  ""arguments"": {
    ""element"": {
      ""type"": ""ArgumentRef"",
      ""value"": ""_MAPPING_VAR_0_0""
    }
  },
  ""functionName"": ""Feature.id""
})",,139.26752281188965,248.46879959106445,71.88154029846191,71.88154029846191,-9999,21.90958252903481,9,"{""type"":""Point"",""coordinates"":[77.45110306285466,31.63775620622831]}"
32,266.3443469195701,1433,0,-0.05442176870748299,0.09511754068716094,"NL_ee.String({
  ""type"": ""Invocation"",
  ""arguments"": {
    ""element"": {
      ""type"": ""ArgumentRef"",
      ""value"": ""_MAPPING_VAR_0_0""
    }
  },
  ""functionName"": ""Feature.id""
})",,557.8191833496094,831.2081604003906,159.38453102111816,356.7838382720947,-9999,26.92021916545912,4,"{""type"":""Point"",""coordinates"":[78.15318050888165,30.400024090331847]}"
33,315.8879327256193,4958,0,0.007654836464857342,-6.91085003455425E-4,"NL_ee.String({
  ""type"": ""Invocation"",
  ""arguments"": {
    ""element"": {
      ""type"": ""ArgumentRef"",
      ""value"": ""_MAPPING_VAR_0_0""
    }
  },
  ""functionName"": ""Feature.id""
})",,0.0,0.0,0.0,0.0,-9999,39.8352798530923,9,"{""type"":""Point"",""coordinates"":[78.38899271138214,33.24420134233261]}"
34,225.56318635070372,2445,0,-0.014557670772676373,0.038776624795193886,"NL_ee.String({
  ""type"": ""Invocation"",
  ""arguments"": {
    ""element"": {
      ""type"": ""ArgumentRef"",
      ""value"": ""_MAPPING_VAR_0_0""
    }
  },
  ""functionName"": ""Feature.id""
})",,416.8451976776123,654.754316329956,200.86328125,350.8045310974121,-9999,26.96105970194216,7,"{""type"":""Point"",""coordinates"":[76.60902975945353,32.13200702940458]}"
35,33.95992746794881,764,0,0.7700272479564033,-0.6855215360664245,"NL_ee.String({
  ""type"": ""Invocation"",
  ""arguments"": {
    ""element"": {
      ""type"": ""ArgumentRef"",
      ""value"": ""_MAPPING_VAR_0_0""
    }
  },
  ""functionName"": ""Feature.id""
})",,180.96446990966797,528.169116973877,52.41188430786133,52.41188430786133,-9999,17.341936601809515,7,"{""type"":""Point"",""coordinates"":[74.05917683175491,33.36335271981358]}"
36,315.15642636223384,4524,0,0.06265876375952582,-0.13318284424379231,"NL_ee.String({
  ""type"": ""Invocation"",
  ""arguments"": {
    ""element"": {
      ""type"": ""ArgumentRef"",
      ""value"": ""_MAPPING_VAR_0_0""
    }
  },
  ""functionName"": ""Feature.id""
})",,19.529580116271973,71.2934021949768,0.0,19.529580116271973,-9999,7.800075970443085,9,"{""type"":""Point"",""coordinates"":[80.68461801981536,33.081151860256774]}"
37,90.0,252,0,0.9182720373613543,-0.8561476181510074,"NL_ee.String({
  ""type"": ""Invocation"",
  ""arguments"": {
    ""element"": {
      ""type"": ""ArgumentRef"",
      ""value"": ""_MAPPING_VAR_0_0""
    }
  },
  ""functionName"": ""Feature.id""
})",,59.27469730377197,208.7423505783081,0.0,0.0,-9999,1.0694814893926774,4,"{""type"":""Point"",""coordinates"":[76.8162224008593,29.872649456802538]}"
38,90.0,5146,0,-0.2635933806146572,0.2932501418037436,"NL_ee.String({
  ""type"": ""Invocation"",
  ""arguments"": {
    ""element"": {
      ""type"": ""ArgumentRef"",
      ""value"": ""_MAPPING_VAR_0_0""
    }
  },
  ""functionName"": ""Feature.id""
})",,3.0808733701705933,4.933524250984192,0.0,3.0808733701705933,-9999,4.501205746772034,,"{""type"":""Point"",""coordinates"":[80.72718238933095,34.66208114537558]}"
39,189.51032620800507,2873,0,0.16656422864167178,-0.17815021725636251,"NL_ee.String({
  ""type"": ""Invocation"",
  ""arguments"": {
    ""element"": {
      ""type"": ""ArgumentRef"",
      ""value"": ""_MAPPING_VAR_0_0""
    }
  },
  ""functionName"": ""Feature.id""
})",,24.977354049682617,98.70415115356445,10.124475479125977,10.124475479125977,-9999,25.453859454182954,7,"{""type"":""Point"",""coordinates"":[74.08075585945674,34.58006653684067]}"
40,158.8812475284348,1554,0,0.8797814207650273,-0.7542883634677793,"NL_ee.String({
  ""type"": ""Invocation"",
  ""arguments"": {
    ""element"": {
      ""type"": ""ArgumentRef"",
      ""value"": ""_MAPPING_VAR_0_0""
    }
  },
  ""functionName"": ""Feature.id""
})",,167.5042552947998,482.27079582214355,53.26927947998047,87.35362243652344,-9999,28.278122459953106,7,"{""type"":""Point"",""coordinates"":[74.57597304086147,33.36615947594145]}"
41,48.59960477449551,322,0,0.7096002733173898,-0.5916030534351145,"NL_ee.String({
  ""type"": ""Invocation"",
  ""arguments"": {
    ""element"": {
      ""type"": ""ArgumentRef"",
      ""value"": ""_MAPPING_VAR_0_0""
    }
  },
  ""functionName"": ""Feature.id""
})",,23.274471759796143,205.1332232952118,0.0,6.218480110168457,-9999,1.4022105981432544,6,"{""type"":""Point"",""coordinates"":[75.75930277579101,28.160420084696753]}"
42,228.91379722719327,161,0,0.9035369774919614,-0.8009126246408653,"NL_ee.String({
  ""type"": ""Invocation"",
  ""arguments"": {
    ""element"": {
      ""type"": ""ArgumentRef"",
      ""value"": ""_MAPPING_VAR_0_0""
    }
  },
  ""functionName"": ""Feature.id""
})",,0.0,102.53838014602661,0.0,0.0,-9999,1.411004612688784,6,"{""type"":""Point"",""coordinates"":[73.47000693783907,29.31619991116783]}"
43,278.07021904938335,4235,0,0.054567022538552785,-0.14267352185089974,"NL_ee.String({
  ""type"": ""Invocation"",
  ""arguments"": {
    ""element"": {
      ""type"": ""ArgumentRef"",
      ""value"": ""_MAPPING_VAR_0_0""
    }
  },
  ""functionName"": ""Feature.id""
})",,16.0559024810791,16.0559024810791,16.0559024810791,16.0559024810791,-9999,6.577640734711941,9,"{""type"":""Point"",""coordinates"":[79.61722196103473,31.707025586204633]}"
44,246.2635367847547,226,0,0.3006993006993007,-0.316658801321378,"NL_ee.String({
  ""type"": ""Invocation"",
  ""arguments"": {
    ""element"": {
      ""type"": ""ArgumentRef"",
      ""value"": ""_MAPPING_VAR_0_0""
    }
  },
  ""functionName"": ""Feature.id""
})",,47.43320369720459,172.41399097442627,5.967300891876221,16.976855754852295,-9999,2.3029102136642354,4,"{""type"":""Point"",""coordinates"":[77.03589848684324,28.423179931791157]}"
45,171.17810007412376,4848,0,0.07724676886083559,-0.24185724185724186,"NL_ee.String({
  ""type"": ""Invocation"",
  ""arguments"": {
    ""element"": {
      ""type"": ""ArgumentRef"",
      ""value"": ""_MAPPING_VAR_0_0""
    }
  },
  ""functionName"": ""Feature.id""
})",,45.14866065979004,78.51280403137207,21.624311447143555,21.624311447143555,-9999,13.805400819962253,9,"{""type"":""Point"",""coordinates"":[79.92516586841421,30.783382570236327]}"
46,128.2415590089524,5656,0,0.043533523991102635,-0.12891027844620145,"NL_ee.String({
  ""type"": ""Invocation"",
  ""arguments"": {
    ""element"": {
      ""type"": ""ArgumentRef"",
      ""value"": ""_MAPPING_VAR_0_0""
    }
  },
  ""functionName"": ""Feature.id""
})",,7.05625057220459,7.05625057220459,0.0,0.0,-9999,36.214101330618945,9,"{""type"":""Point"",""coordinates"":[79.58618013324283,32.393273616058316]}"
47,337.3788786053228,5481,0,0.006119162640901771,-0.004824702476680605,"NL_ee.String({
  ""type"": ""Invocation"",
  ""arguments"": {
    ""element"": {
      ""type"": ""ArgumentRef"",
      ""value"": ""_MAPPING_VAR_0_0""
    }
  },
  ""functionName"": ""Feature.id""
})",,17.317574501037598,17.317574501037598,12.402345657348633,12.402345657348633,-9999,51.230834552198324,9,"{""type"":""Point"",""coordinates"":[77.8456353697556,32.32616653022839]}"
48,310.868033573826,211,0,0.2661498708010336,-0.25399872040946897,"NL_ee.String({
  ""type"": ""Invocation"",
  ""arguments"": {
    ""element"": {
      ""type"": ""ArgumentRef"",
      ""value"": ""_MAPPING_VAR_0_0""
    }
  },
  ""functionName"": ""Feature.id""
})",,10.811357498168945,135.2770004272461,0.0,0.0,-9999,4.244688715005314,7,"{""type"":""Point"",""coordinates"":[75.10556973089304,30.088461905993487]}"
49,314.7152907797364,5736,0,-0.05527638190954774,-0.016638935108153077,"NL_ee.String({
  ""type"": ""Invocation"",
  ""arguments"": {
    ""element"": {
      ""type"": ""ArgumentRef"",
      ""value"": ""_MAPPING_VAR_0_0""
    }
  },
  ""functionName"": ""Feature.id""
})",,0.0,12.064671754837036,0.0,0.0,-9999,40.40709645177274,9,"{""type"":""Point"",""coordinates"":[79.99573032865207,33.947067206108755]}"
50,333.39357576295924,4615,0,0.04164152082076041,-0.04796599878567092,"NL_ee.String({
  ""type"": ""Invocation"",
  ""arguments"": {
    ""element"": {
      ""type"": ""ArgumentRef"",
      ""value"": ""_MAPPING_VAR_0_0""
    }
  },
  ""functionName"": ""Feature.id""
})",,48.72077560424805,95.40789031982422,48.72077560424805,48.72077560424805,-9999,20.817074180176075,9,"{""type"":""Point"",""coordinates"":[78.8777591309417,31.174178676814403]}"
51,122.60690950550092,701,0,0.47496206373292865,-0.39956803455723544,"NL_ee.String({
  ""type"": ""Invocation"",
  ""arguments"": {
    ""element"": {
      ""type"": ""ArgumentRef"",
      ""value"": ""_MAPPING_VAR_0_0""
    }
  },
  ""functionName"": ""Feature.id""
})",,255.4811019897461,401.06266021728516,48.94968032836914,191.65573120117188,-9999,5.149598814856019,7,"{""type"":""Point"",""coordinates"":[76.57546489087692,31.468428826830067]}"
52,233.1282641976626,4541,0,0.08151549942594719,-0.18267419962335216,"NL_ee.String({
  ""type"": ""Invocation"",
  ""arguments"": {
    ""element"": {
      ""type"": ""ArgumentRef"",
      ""value"": ""_MAPPING_VAR_0_0""
    }
  },
  ""functionName"": ""Feature.id""
})",,0.0,0.0,0.0,0.0,-9999,35.047358061677116,9,"{""type"":""Point"",""coordinates"":[78.68423976346347,33.21800422372972]}"
53,338.9058595391534,5903,0,-0.003575685339690107,-0.04412989175686927,"NL_ee.String({
  ""type"": ""Invocation"",
  ""arguments"": {
    ""element"": {
      ""type"": ""ArgumentRef"",
      ""value"": ""_MAPPING_VAR_0_0""
    }
  },
  ""functionName"": ""Feature.id""
})",,0.0,0.0,0.0,0.0,-9999,35.42679365088609,,"{""type"":""Point"",""coordinates"":[78.61876787164259,34.71816892064827]}"
54,36.64604272347006,2792,0,0.00944759364232522,0.034753958975449036,"NL_ee.String({
  ""type"": ""Invocation"",
  ""arguments"": {
    ""element"": {
      ""type"": ""ArgumentRef"",
      ""value"": ""_MAPPING_VAR_0_0""
    }
  },
  ""functionName"": ""Feature.id""
})",,34.01750707626343,113.6681580543518,16.30285406112671,34.01750707626343,-9999,22.96192146445377,7,"{""type"":""Point"",""coordinates"":[75.3637000786029,33.67986154849765]}"
55,216.64196558421418,4525,0,0.02288329519450801,-0.04074505238649592,"NL_ee.String({
  ""type"": ""Invocation"",
  ""arguments"": {
    ""element"": {
      ""type"": ""ArgumentRef"",
      ""value"": ""_MAPPING_VAR_0_0""
    }
  },
  ""functionName"": ""Feature.id""
})",,34.86490345001221,67.17513370513916,22.64962387084961,22.64962387084961,-9999,31.184019663759695,9,"{""type"":""Point"",""coordinates"":[78.6314247062222,31.626739639367415]}"
56,209.64009328229093,234,0,0.06943620178041543,-0.1957531519575315,"NL_ee.String({
  ""type"": ""Invocation"",
  ""arguments"": {
    ""element"": {
      ""type"": ""ArgumentRef"",
      ""value"": ""_MAPPING_VAR_0_0""
    }
  },
  ""functionName"": ""Feature.id""
})",,56.731557846069336,188.9212727546692,8.936878204345703,19.330747604370117,-9999,4.260630301296031,4,"{""type"":""Point"",""coordinates"":[77.23609750193685,28.5109431081311]}"
57,108.51813513783088,4560,0,0.12988929889298892,-0.24522163481089873,"NL_ee.String({
  ""type"": ""Invocation"",
  ""arguments"": {
    ""element"": {
      ""type"": ""ArgumentRef"",
      ""value"": ""_MAPPING_VAR_0_0""
    }
  },
  ""functionName"": ""Feature.id""
})",,17.68475103378296,17.68475103378296,17.68475103378296,17.68475103378296,-9999,24.64161130421803,9,"{""type"":""Point"",""coordinates"":[79.9168412073218,31.132287412607266]}"
58,22.257267159436932,3422,0,-0.0016755521706016757,0.05521118639181202,"NL_ee.String({
  ""type"": ""Invocation"",
  ""arguments"": {
    ""element"": {
      ""type"": ""ArgumentRef"",
      ""value"": ""_MAPPING_VAR_0_0""
    }
  },
  ""functionName"": ""Feature.id""
})",,86.82586002349854,166.0832052230835,40.22658157348633,86.82586002349854,-9999,35.645449758477355,7,"{""type"":""Point"",""coordinates"":[75.91937034624637,33.45219960347407]}"
59,299.1644096187335,4143,0,0.03471826977803073,-0.08149910767400356,"NL_ee.String({
  ""type"": ""Invocation"",
  ""arguments"": {
    ""element"": {
      ""type"": ""ArgumentRef"",
      ""value"": ""_MAPPING_VAR_0_0""
    }
  },
  ""functionName"": ""Feature.id""
})",,0.0,0.0,0.0,0.0,-9999,57.35996934905029,9,"{""type"":""Point"",""coordinates"":[77.25960837662235,33.78175267500683]}"
60,325.56956494304484,4982,0,-0.030303030303030304,-0.10344827586206896,"NL_ee.String({
  ""type"": ""Invocation"",
  ""arguments"": {
    ""element"": {
      ""type"": ""ArgumentRef"",
      ""value"": ""_MAPPING_VAR_0_0""
    }
  },
  ""functionName"": ""Feature.id""
})",,195.8805980682373,245.81818389892578,81.42290496826172,142.99057579040527,-9999,45.58273666051713,,"{""type"":""Point"",""coordinates"":[76.54981726914824,32.68875617674212]}"
61,239.60883523496807,274,0,0.19690020559860827,-0.3193863319386332,"NL_ee.String({
  ""type"": ""Invocation"",
  ""arguments"": {
    ""element"": {
      ""type"": ""ArgumentRef"",
      ""value"": ""_MAPPING_VAR_0_0""
    }
  },
  ""functionName"": ""Feature.id""
})",,0.0,158.14430904388428,0.0,0.0,-9999,3.6616979200998476,9,"{""type"":""Point"",""coordinates"":[74.59134186157384,28.389676558315095]}"
62,3.9256941857706034,3901,0,0.2930277913213067,-0.3148239960337134,"NL_ee.String({
  ""type"": ""Invocation"",
  ""arguments"": {
    ""element"": {
      ""type"": ""ArgumentRef"",
      ""value"": ""_MAPPING_VAR_0_0""
    }
  },
  ""functionName"": ""Feature.id""
})",,29.905080795288086,53.06878089904785,29.905080795288086,29.905080795288086,-9999,29.592436109905268,9,"{""type"":""Point"",""coordinates"":[76.67297738276876,33.622832081512456]}"
63,210.70192279828015,395,0,0.09081419624217119,-0.05289672544080604,"NL_ee.String({
  ""type"": ""Invocation"",
  ""arguments"": {
    ""element"": {
      ""type"": ""ArgumentRef"",
      ""value"": ""_MAPPING_VAR_0_0""
    }
  },
  ""functionName"": ""Feature.id""
})",,237.5567970275879,561.1813774108887,43.823585510253906,124.97190856933594,-9999,2.1563505596673034,4,"{""type"":""Point"",""coordinates"":[75.07279929714308,32.64459420459514]}"
64,20.879331834573563,196,0,0.0611764705882353,-0.11864406779661017,"NL_ee.String({
  ""type"": ""Invocation"",
  ""arguments"": {
    ""element"": {
      ""type"": ""ArgumentRef"",
      ""value"": ""_MAPPING_VAR_0_0""
    }
  },
  ""functionName"": ""Feature.id""
})",,7.410124778747559,133.85320472717285,0.0,0.0,-9999,2.975353446538771,6,"{""type"":""Point"",""coordinates"":[74.61734441506664,29.08989766303487]}"
65,347.94808764750996,694,0,0.8500851788756388,-0.6762492764808026,"NL_ee.String({
  ""type"": ""Invocation"",
  ""arguments"": {
    ""element"": {
      ""type"": ""ArgumentRef"",
      ""value"": ""_MAPPING_VAR_0_0""
    }
  },
  ""functionName"": ""Feature.id""
})",,284.1824007034302,528.6011943817139,67.91788101196289,178.14857292175293,-9999,24.080844880739924,7,"{""type"":""Point"",""coordinates"":[78.481881216582,29.84638744709102]}"
66,90.0,1626,0,0.4519685039370079,-0.3727047146401985,"NL_ee.String({
  ""type"": ""Invocation"",
  ""arguments"": {
    ""element"": {
      ""type"": ""ArgumentRef"",
      ""value"": ""_MAPPING_VAR_0_0""
    }
  },
  ""functionName"": ""Feature.id""
})",,281.53681087493896,461.7538843154907,98.2745189666748,159.89385986328125,-9999,13.718604325112262,7,"{""type"":""Point"",""coordinates"":[78.37612524259724,30.453000889829692]}"
67,314.85217374311486,1739,0,0.4537732767069585,-0.3046027557900909,"NL_ee.String({
  ""type"": ""Invocation"",
  ""arguments"": {
    ""element"": {
      ""type"": ""ArgumentRef"",
      ""value"": ""_MAPPING_VAR_0_0""
    }
  },
  ""functionName"": ""Feature.id""
})",,272.5692138671875,547.6142883300781,88.42192459106445,150.11291217803955,-9999,20.16506010331651,4,"{""type"":""Point"",""coordinates"":[79.48848208024494,29.483638312552422]}"
68,77.88124458424892,4763,0,0.10240202275600506,-0.2077562326869806,"NL_ee.String({
  ""type"": ""Invocation"",
  ""arguments"": {
    ""element"": {
      ""type"": ""ArgumentRef"",
      ""value"": ""_MAPPING_VAR_0_0""
    }
  },
  ""functionName"": ""Feature.id""
})",,37.91914176940918,63.19025421142578,21.533649444580078,21.533649444580078,-9999,4.409190260003855,9,"{""type"":""Point"",""coordinates"":[80.29153302934107,30.80725938539822]}"
69,131.02988414797755,229,0,0.47267996530789247,-0.44326391840203994,"NL_ee.String({
  ""type"": ""Invocation"",
  ""arguments"": {
    ""element"": {
      ""type"": ""ArgumentRef"",
      ""value"": ""_MAPPING_VAR_0_0""
    }
  },
  ""functionName"": ""Feature.id""
})",,43.13178825378418,180.64258480072021,11.464249610900879,11.464249610900879,-9999,2.8234790074807505,7,"{""type"":""Point"",""coordinates"":[76.30843636665983,29.517855327374743]}"
70,229.60654694433097,4149,0,0.05318774216273336,-0.11650485436893204,"NL_ee.String({
  ""type"": ""Invocation"",
  ""arguments"": {
    ""element"": {
      ""type"": ""ArgumentRef"",
      ""value"": ""_MAPPING_VAR_0_0""
    }
  },
  ""functionName"": ""Feature.id""
})",,18.79795265197754,29.855874061584473,18.79795265197754,18.79795265197754,-9999,1.4309429731199588,9,"{""type"":""Point"",""coordinates"":[79.74078192710334,31.6935992156891]}"
71,90.0,239,0,0.8785942492012779,-0.7791225416036308,"NL_ee.String({
  ""type"": ""Invocation"",
  ""arguments"": {
    ""element"": {
      ""type"": ""ArgumentRef"",
      ""value"": ""_MAPPING_VAR_0_0""
    }
  },
  ""functionName"": ""Feature.id""
})",,18.95309829711914,142.2945318222046,0.0,0.0,-9999,1.0721209392516975,4,"{""type"":""Point"",""coordinates"":[76.16348947681072,30.117413138553086]}"
72,32.74435695061666,5246,0,-0.002583979328165375,-0.03439035283608754,"NL_ee.String({
  ""type"": ""Invocation"",
  ""arguments"": {
    ""element"": {
      ""type"": ""ArgumentRef"",
      ""value"": ""_MAPPING_VAR_0_0""
    }
  },
  ""functionName"": ""Feature.id""
})",,11.685591697692871,29.261518955230713,11.685591697692871,11.685591697692871,-9999,18.117278199150004,9,"{""type"":""Point"",""coordinates"":[77.19664621150477,34.589441693050745]}"
73,18.95466277778009,401,0,0.8631840796019901,-0.7173975351103468,"NL_ee.String({
  ""type"": ""Invocation"",
  ""arguments"": {
    ""element"": {
      ""type"": ""ArgumentRef"",
      ""value"": ""_MAPPING_VAR_0_0""
    }
  },
  ""functionName"": ""Feature.id""
})",,222.76227474212646,342.0665063858032,57.07023239135742,112.28617095947266,-9999,9.712552915300273,7,"{""type"":""Point"",""coordinates"":[80.27005366544358,29.13095499185917]}"
74,49.36448618842154,284,0,0.3789260385005066,-0.31752178121974833,"NL_ee.String({
  ""type"": ""Invocation"",
  ""arguments"": {
    ""element"": {
      ""type"": ""ArgumentRef"",
      ""value"": ""_MAPPING_VAR_0_0""
    }
  },
  ""functionName"": ""Feature.id""
})",,175.66140174865723,260.7456512451172,0.0,118.78961563110352,-9999,1.4238887043511317,7,"{""type"":""Point"",""coordinates"":[76.54222871749113,30.887341796794303]}"
75,-0.0,644,0,0.7075163398692811,-0.6201550387596899,"NL_ee.String({
  ""type"": ""Invocation"",
  ""arguments"": {
    ""element"": {
      ""type"": ""ArgumentRef"",
      ""value"": ""_MAPPING_VAR_0_0""
    }
  },
  ""functionName"": ""Feature.id""
})",,382.8599033355713,632.4523525238037,119.92466163635254,266.07201957702637,-9999,0.0,4,"{""type"":""Point"",""coordinates"":[78.0220818241909,30.32543568635193]}"
76,106.33540977723533,4619,0,-0.01805869074492099,0.0037217291726309764,"NL_ee.String({
  ""type"": ""Invocation"",
  ""arguments"": {
    ""element"": {
      ""type"": ""ArgumentRef"",
      ""value"": ""_MAPPING_VAR_0_0""
    }
  },
  ""functionName"": ""Feature.id""
})",,10.515511751174927,14.98223328590393,10.515511751174927,10.515511751174927,-9999,19.05117740931041,9,"{""type"":""Point"",""coordinates"":[77.42476411893774,33.85736675548962]}"
77,72.9102930961672,5303,0,0.25721352019785654,-0.37759710930442636,"NL_ee.String({
  ""type"": ""Invocation"",
  ""arguments"": {
    ""element"": {
      ""type"": ""ArgumentRef"",
      ""value"": ""_MAPPING_VAR_0_0""
    }
  },
  ""functionName"": ""Feature.id""
})",,0.0,0.0,0.0,0.0,-9999,9.383617999540041,9,"{""type"":""Point"",""coordinates"":[81.09404125862754,34.93022562962331]}"
78,49.0522047923757,252,0,0.588534442903375,-0.49521322889469105,"NL_ee.String({
  ""type"": ""Invocation"",
  ""arguments"": {
    ""element"": {
      ""type"": ""ArgumentRef"",
      ""value"": ""_MAPPING_VAR_0_0""
    }
  },
  ""functionName"": ""Feature.id""
})",,58.767656326293945,228.1340627670288,0.0,0.0,-9999,1.4149271737792877,7,"{""type"":""Point"",""coordinates"":[76.91395890316916,29.808672740189582]}"
79,-0.0,230,0,0.1766482133870156,-0.17369477911646586,"NL_ee.String({
  ""type"": ""Invocation"",
  ""arguments"": {
    ""element"": {
      ""type"": ""ArgumentRef"",
      ""value"": ""_MAPPING_VAR_0_0""
    }
  },
  ""functionName"": ""Feature.id""
})",,85.06475830078125,282.7235412597656,0.0,0.0,-9999,0.0,7,"{""type"":""Point"",""coordinates"":[74.60568130399835,32.191471517226404]}"
80,131.24878255217521,216,0,0.16717325227963525,-0.2452371301175517,"NL_ee.String({
  ""type"": ""Invocation"",
  ""arguments"": {
    ""element"": {
      ""type"": ""ArgumentRef"",
      ""value"": ""_MAPPING_VAR_0_0""
    }
  },
  ""functionName"": ""Feature.id""
})",,32.935147285461426,183.25762844085693,0.0,0.0,-9999,4.21254612589183,7,"{""type"":""Point"",""coordinates"":[76.27844317614732,28.72451710459023]}"
81,85.44369483023931,4300,0,0.23565998617829992,-0.2288659793814433,"NL_ee.String({
  ""type"": ""Invocation"",
  ""arguments"": {
    ""element"": {
      ""type"": ""ArgumentRef"",
      ""value"": ""_MAPPING_VAR_0_0""
    }
  },
  ""functionName"": ""Feature.id""
})",,9.655496597290039,84.78888893127441,4.146944046020508,6.901220321655273,-9999,31.43871055358257,7,"{""type"":""Point"",""coordinates"":[75.35829722519149,34.56646068096211]}"
82,253.72844527245906,1025,0,0.33752984588669416,-0.2942659105229994,"NL_ee.String({
  ""type"": ""Invocation"",
  ""arguments"": {
    ""element"": {
      ""type"": ""ArgumentRef"",
      ""value"": ""_MAPPING_VAR_0_0""
    }
  },
  ""functionName"": ""Feature.id""
})",,182.9059352874756,308.28620624542236,48.54726791381836,83.05420970916748,-9999,27.47299092587476,4,"{""type"":""Point"",""coordinates"":[81.21455864712789,28.878367637736584]}"
83,66.82618673740897,194,0,0.8499341816586222,-0.7285772857728577,"NL_ee.String({
  ""type"": ""Invocation"",
  ""arguments"": {
    ""element"": {
      ""type"": ""ArgumentRef"",
      ""value"": ""_MAPPING_VAR_0_0""
    }
  },
  ""functionName"": ""Feature.id""
})",,8.229133605957031,159.15568733215332,0.0,8.229133605957031,-9999,2.355570547743661,7,"{""type"":""Point"",""coordinates"":[73.9822214654207,31.11636402119552]}"
84,180.0,1576,0,0.9076517150395779,-0.7998506348020911,"NL_ee.String({
  ""type"": ""Invocation"",
  ""arguments"": {
    ""element"": {
      ""type"": ""ArgumentRef"",
      ""value"": ""_MAPPING_VAR_0_0""
    }
  },
  ""functionName"": ""Feature.id""
})",,20.313039302825928,83.47599935531616,7.554198265075684,7.554198265075684,-9999,0.9274099368729609,7,"{""type"":""Point"",""coordinates"":[74.39917670695053,34.235413920886046]}"
85,-0.0,227,0,0.2036082474226804,-0.34971098265895956,"NL_ee.String({
  ""type"": ""Invocation"",
  ""arguments"": {
    ""element"": {
      ""type"": ""ArgumentRef"",
      ""value"": ""_MAPPING_VAR_0_0""
    }
  },
  ""functionName"": ""Feature.id""
})",,245.16813850402832,475.0440444946289,57.065242767333984,130.41005516052246,-9999,0.0,4,"{""type"":""Point"",""coordinates"":[78.60727511485739,29.4197628673841]}"
86,180.0,1588,0,0.6933151432469304,-0.5912820512820512,"NL_ee.String({
  ""type"": ""Invocation"",
  ""arguments"": {
    ""element"": {
      ""type"": ""ArgumentRef"",
      ""value"": ""_MAPPING_VAR_0_0""
    }
  },
  ""functionName"": ""Feature.id""
})",,21.061518669128418,105.80537700653076,10.153818130493164,10.153818130493164,-9999,1.854334168853263,7,"{""type"":""Point"",""coordinates"":[74.77825951024617,34.16425933039821]}"
87,113.7614408385973,5436,0,0.08323959505061868,-0.1602409638554217,"NL_ee.String({
  ""type"": ""Invocation"",
  ""arguments"": {
    ""element"": {
      ""type"": ""ArgumentRef"",
      ""value"": ""_MAPPING_VAR_0_0""
    }
  },
  ""functionName"": ""Feature.id""
})",,2.425386428833008,6.584147930145264,0.0,2.425386428833008,-9999,17.8174876044791,9,"{""type"":""Point"",""coordinates"":[81.22054901182292,34.36392789488791]}"
88,40.884035976520664,4005,0,0.5739196360879454,-0.4946004319654428,"NL_ee.String({
  ""type"": ""Invocation"",
  ""arguments"": {
    ""element"": {
      ""type"": ""ArgumentRef"",
      ""value"": ""_MAPPING_VAR_0_0""
    }
  },
  ""functionName"": ""Feature.id""
})",,66.1784315109253,201.71033382415771,24.760160446166992,24.760160446166992,-9999,4.895181007559541,7,"{""type"":""Point"",""coordinates"":[80.82677404868747,29.967219749839884]}"
89,266.94951730402863,3936,0,0.04130545639979602,-0.027679919476597887,"NL_ee.String({
  ""type"": ""Invocation"",
  ""arguments"": {
    ""element"": {
      ""type"": ""ArgumentRef"",
      ""value"": ""_MAPPING_VAR_0_0""
    }
  },
  ""functionName"": ""Feature.id""
})",,0.0,15.08999252319336,0.0,0.0,-9999,42.38272967300247,9,"{""type"":""Point"",""coordinates"":[76.83609499423767,35.201213513575894]}"
90,90.0,236,0,0.34276729559748426,-0.25958702064896755,"NL_ee.String({
  ""type"": ""Invocation"",
  ""arguments"": {
    ""element"": {
      ""type"": ""ArgumentRef"",
      ""value"": ""_MAPPING_VAR_0_0""
    }
  },
  ""functionName"": ""Feature.id""
})",,67.42021322250366,301.29434156417847,9.585234642028809,17.198923587799072,-9999,2.199357232473168,7,"{""type"":""Point"",""coordinates"":[74.42124584697412,32.54124155141485]}"
91,-0.0,257,0,0.3583617747440273,-0.307776560788609,"NL_ee.String({
  ""type"": ""Invocation"",
  ""arguments"": {
    ""element"": {
      ""type"": ""ArgumentRef"",
      ""value"": ""_MAPPING_VAR_0_0""
    }
  },
  ""functionName"": ""Feature.id""
})",,75.22195816040039,226.74008560180664,24.144983291625977,24.144983291625977,-9999,0.9274099368670311,4,"{""type"":""Point"",""coordinates"":[76.78195279819359,30.0647633953141]}"
92,48.70046971069946,150,0,0.8097434419140963,-0.6696808510638298,"NL_ee.String({
  ""type"": ""Invocation"",
  ""arguments"": {
    ""element"": {
      ""type"": ""ArgumentRef"",
      ""value"": ""_MAPPING_VAR_0_0""
    }
  },
  ""functionName"": ""Feature.id""
})",,288.6665439605713,463.4605474472046,74.48205184936523,155.05974960327148,-9999,1.4050171657379151,7,"{""type"":""Point"",""coordinates"":[81.06513144759819,28.537321326710096]}"
93,-0.0,263,0,0.8235042735042735,-0.7426996120073515,"NL_ee.String({
  ""type"": ""Invocation"",
  ""arguments"": {
    ""element"": {
      ""type"": ""ArgumentRef"",
      ""value"": ""_MAPPING_VAR_0_0""
    }
  },
  ""functionName"": ""Feature.id""
})",,84.66683959960938,227.52544975280762,0.0,49.84046173095703,-9999,0.9274099368670311,4,"{""type"":""Point"",""coordinates"":[76.38233037001116,30.578470715012195]}"
94,-0.0,5171,0,0.0194634402945818,-0.07547169811320754,"NL_ee.String({
  ""type"": ""Invocation"",
  ""arguments"": {
    ""element"": {
      ""type"": ""ArgumentRef"",
      ""value"": ""_MAPPING_VAR_0_0""
    }
  },
  ""functionName"": ""Feature.id""
})",,7.313572645187378,26.019339323043823,0.0,7.313572645187378,-9999,0.9274099368729609,9,"{""type"":""Point"",""coordinates"":[80.66710871959492,34.33425447733583]}"
95,163.98976478959494,1763,0,0.4204398447606727,-0.35277207392197124,"NL_ee.String({
  ""type"": ""Invocation"",
  ""arguments"": {
    ""element"": {
      ""type"": ""ArgumentRef"",
      ""value"": ""_MAPPING_VAR_0_0""
    }
  },
  ""functionName"": ""Feature.id""
})",,181.698579788208,347.92784690856934,72.98781967163086,107.96569633483887,-9999,18.614545889954375,4,"{""type"":""Point"",""coordinates"":[80.11974273284291,29.393649735969245]}"
96,323.76963188997144,4984,0,-0.02809573361082206,0.02860114404576183,"NL_ee.String({
  ""type"": ""Invocation"",
  ""arguments"": {
    ""element"": {
      ""type"": ""ArgumentRef"",
      ""value"": ""_MAPPING_VAR_0_0""
    }
  },
  ""functionName"": ""Feature.id""
})",,7.46921968460083,7.46921968460083,7.46921968460083,7.46921968460083,-9999,11.347373381549112,7,"{""type"":""Point"",""coordinates"":[76.93951272407746,35.02681337835813]}"
97,340.9219259995203,5053,0,-0.0661661191928672,0.07913003239241093,"NL_ee.String({
  ""type"": ""Invocation"",
  ""arguments"": {
    ""element"": {
      ""type"": ""ArgumentRef"",
      ""value"": ""_MAPPING_VAR_0_0""
    }
  },
  ""functionName"": ""Feature.id""
})",,151.06624221801758,209.03454208374023,85.2996883392334,111.29823684692383,-9999,16.234807281703386,7,"{""type"":""Point"",""coordinates"":[77.80043480359544,31.743214123320133]}"
98,129.79259718105087,5109,0,0.013608247422680412,-0.11625794732061762,"NL_ee.String({
  ""type"": ""Invocation"",
  ""arguments"": {
    ""element"": {
      ""type"": ""ArgumentRef"",
      ""value"": ""_MAPPING_VAR_0_0""
    }
  },
  ""functionName"": ""Feature.id""
})",,41.06574249267578,92.62157821655273,20.34817123413086,20.34817123413086,-9999,32.30616984266727,7,"{""type"":""Point"",""coordinates"":[81.06945752695054,29.972240824693333]}"
99,175.54217887209307,4762,0,0.07043879907621248,-0.1656711725872367,"NL_ee.String({
  ""type"": ""Invocation"",
  ""arguments"": {
    ""element"": {
      ""type"": ""ArgumentRef"",
      ""value"": ""_MAPPING_VAR_0_0""
    }
  },
  ""functionName"": ""Feature.id""
})",,25.624534606933594,55.168031215667725,17.573501586914062,17.573501586914062,-9999,25.971023619774556,9,"{""type"":""Point"",""coordinates"":[80.26543156887229,31.226061592848357]}"
100,236.91713517310495,774,0,,,"NL_ee.String({
  ""type"": ""Invocation"",
  ""arguments"": {
    ""element"": {
      ""type"": ""ArgumentRef"",
      ""value"": ""_MAPPING_VAR_0_0""
    }
  },
  ""functionName"": ""Feature.id""
})",,612.7461090087891,1012.4533500671387,197.13282775878906,443.19224548339844,-9999,16.51825146537016,4,"{""type"":""Point"",""coordinates"":[76.29820334558873,32.123296757425976]}"
101,49.60646229294228,893,0,0.13313313313313313,-0.11253071253071253,"NL_ee.String({
  ""type"": ""Invocation"",
  ""arguments"": {
    ""element"": {
      ""type"": ""ArgumentRef"",
      ""value"": ""_MAPPING_VAR_0_0""
    }
  },
  ""functionName"": ""Feature.id""
})",,280.0182800292969,441.1340103149414,82.35310363769531,207.4559783935547,-9999,7.1193231512498505,4,"{""type"":""Point"",""coordinates"":[76.50286062621475,31.693240944967215]}"
102,271.2412493355944,2796,0,-0.029292929292929294,0.060146699266503664,"NL_ee.String({
  ""type"": ""Invocation"",
  ""arguments"": {
    ""element"": {
      ""type"": ""ArgumentRef"",
      ""value"": ""_MAPPING_VAR_0_0""
    }
  },
  ""functionName"": ""Feature.id""
})",,0.0,0.0,0.0,0.0,-9999,36.77010647999112,9,"{""type"":""Point"",""coordinates"":[76.13025694948884,34.57790541893332]}"
103,60.29254499527773,241,0,0.6986573843858777,-0.5844155844155844,"NL_ee.String({
  ""type"": ""Invocation"",
  ""arguments"": {
    ""element"": {
      ""type"": ""ArgumentRef"",
      ""value"": ""_MAPPING_VAR_0_0""
    }
  },
  ""functionName"": ""Feature.id""
})",,33.340877532958984,163.07014846801758,0.0,0.0,-9999,3.737803565491622,7,"{""type"":""Point"",""coordinates"":[75.77940903552368,31.146875846506045]}"
104,-0.0,254,0,0.7688258182650493,-0.6555269922879178,"NL_ee.String({
  ""type"": ""Invocation"",
  ""arguments"": {
    ""element"": {
      ""type"": ""ArgumentRef"",
      ""value"": ""_MAPPING_VAR_0_0""
    }
  },
  ""functionName"": ""Feature.id""
})",,142.39267349243164,286.17465019226074,0.0,62.56070327758789,-9999,0.0,7,"{""type"":""Point"",""coordinates"":[74.5622234483835,32.75421823402786]}"
105,201.7072475521084,757,0,0.6113973931494392,-0.5672169811320755,"NL_ee.String({
  ""type"": ""Invocation"",
  ""arguments"": {
    ""element"": {
      ""type"": ""ArgumentRef"",
      ""value"": ""_MAPPING_VAR_0_0""
    }
  },
  ""functionName"": ""Feature.id""
})",,143.68675422668457,417.9104595184326,64.12672424316406,64.12672424316406,-9999,5.968022755641264,4,"{""type"":""Point"",""coordinates"":[74.13098683281191,33.14173691304096]}"
106,270.0,187,0,0.23233376792698826,-0.2374967268918565,"NL_ee.String({
  ""type"": ""Invocation"",
  ""arguments"": {
    ""element"": {
      ""type"": ""ArgumentRef"",
      ""value"": ""_MAPPING_VAR_0_0""
    }
  },
  ""functionName"": ""Feature.id""
})",,7.587370872497559,147.31734657287598,0.0,0.0,-9999,1.0669391244869926,7,"{""type"":""Point"",""coordinates"":[74.43691513670929,29.634032857939825]}"
107,41.97042484369356,3663,0,0.05405405405405406,-0.11508220157255182,"NL_ee.String({
  ""type"": ""Invocation"",
  ""arguments"": {
    ""element"": {
      ""type"": ""ArgumentRef"",
      ""value"": ""_MAPPING_VAR_0_0""
    }
  },
  ""functionName"": ""Feature.id""
})",,1.1667852401733398,16.87755823135376,1.1667852401733398,1.1667852401733398,-9999,34.01750010789036,9,"{""type"":""Point"",""coordinates"":[75.68734916011138,34.42585030518401]}"
108,49.70156563076283,216,0,0.40064446831364126,-0.3292558613659531,"NL_ee.String({
  ""type"": ""Invocation"",
  ""arguments"": {
    ""element"": {
      ""type"": ""ArgumentRef"",
      ""value"": ""_MAPPING_VAR_0_0""
    }
  },
  ""functionName"": ""Feature.id""
})",,23.32972002029419,210.41950273513794,9.704233169555664,16.72086811065674,-9999,1.4337382093178161,7,"{""type"":""Point"",""coordinates"":[74.27377119509067,32.00351738908221]}"
109,182.60694580198816,2860,0,0.7570381797146163,-0.6459537572254336,"NL_ee.String({
  ""type"": ""Invocation"",
  ""arguments"": {
    ""element"": {
      ""type"": ""ArgumentRef"",
      ""value"": ""_MAPPING_VAR_0_0""
    }
  },
  ""functionName"": ""Feature.id""
})",,31.731032848358154,148.7151484489441,19.373186588287354,25.552109718322754,-9999,40.65732593313477,7,"{""type"":""Point"",""coordinates"":[75.1424401432749,34.025304984533726]}"
110,83.06753359880557,4742,0,-0.00441306266548985,-0.05371321812237272,"NL_ee.String({
  ""type"": ""Invocation"",
  ""arguments"": {
    ""element"": {
      ""type"": ""ArgumentRef"",
      ""value"": ""_MAPPING_VAR_0_0""
    }
  },
  ""functionName"": ""Feature.id""
})",,13.768447399139404,38.258042335510254,6.61895227432251,6.61895227432251,-9999,43.19246937289442,9,"{""type"":""Point"",""coordinates"":[75.45529600428412,35.27612948351297]}"
111,172.7182249807795,1573,0,0.5707824513794663,-0.5235797323974556,"NL_ee.String({
  ""type"": ""Invocation"",
  ""arguments"": {
    ""element"": {
      ""type"": ""ArgumentRef"",
      ""value"": ""_MAPPING_VAR_0_0""
    }
  },
  ""functionName"": ""Feature.id""
})",,148.55927848815918,315.5404977798462,58.33673858642578,90.09506702423096,-9999,36.292537933508655,4,"{""type"":""Point"",""coordinates"":[80.05693131398677,29.593502912812276]}"
112,104.00279975396303,2697,0,0.3963963963963964,-0.3940415964024733,"NL_ee.String({
  ""type"": ""Invocation"",
  ""arguments"": {
    ""element"": {
      ""type"": ""ArgumentRef"",
      ""value"": ""_MAPPING_VAR_0_0""
    }
  },
  ""functionName"": ""Feature.id""
})",,30.967077255249023,81.34182453155518,30.967077255249023,30.967077255249023,-9999,25.09372530180541,9,"{""type"":""Point"",""coordinates"":[74.23486502714732,34.97604216111697]}"
113,256.08966170288716,4277,0,0.05936454849498328,-0.12923351158645277,"NL_ee.String({
  ""type"": ""Invocation"",
  ""arguments"": {
    ""element"": {
      ""type"": ""ArgumentRef"",
      ""value"": ""_MAPPING_VAR_0_0""
    }
  },
  ""functionName"": ""Feature.id""
})",,0.0,0.0,0.0,0.0,-9999,41.197832082251615,9,"{""type"":""Point"",""coordinates"":[77.59270755591518,33.04341074248292]}"
114,270.0,219,0,0.17851959361393324,-0.2447623914154318,"NL_ee.String({
  ""type"": ""Invocation"",
  ""arguments"": {
    ""element"": {
      ""type"": ""ArgumentRef"",
      ""value"": ""_MAPPING_VAR_0_0""
    }
  },
  ""functionName"": ""Feature.id""
})",,8.031679153442383,132.28453731536865,0.0,0.0,-9999,6.383201177897272,7,"{""type"":""Point"",""coordinates"":[75.72159775088306,29.749803092854346]}"
115,322.0016844437235,4961,0,0.11749116607773852,-0.223996129656507,"NL_ee.String({
  ""type"": ""Invocation"",
  ""arguments"": {
    ""element"": {
      ""type"": ""ArgumentRef"",
      ""value"": ""_MAPPING_VAR_0_0""
    }
  },
  ""functionName"": ""Feature.id""
})",,52.32192611694336,83.0360107421875,36.826351165771484,36.826351165771484,-9999,17.12571680548502,9,"{""type"":""Point"",""coordinates"":[78.66361940240546,31.422517760388676]}"
116,217.50231009811617,234,0,-0.119520655944497,0.20794326241134753,"NL_ee.String({
  ""type"": ""Invocation"",
  ""arguments"": {
    ""element"": {
      ""type"": ""ArgumentRef"",
      ""value"": ""_MAPPING_VAR_0_0""
    }
  },
  ""functionName"": ""Feature.id""
})",,261.7666492462158,533.1072845458984,68.7032413482666,138.30578994750977,-9999,3.5029676293486953,7,"{""type"":""Point"",""coordinates"":[78.1273420038549,29.686915237362182]}"
117,228.67393375583887,160,0,0.7404396266184884,-0.6336913510457886,"NL_ee.String({
  ""type"": ""Invocation"",
  ""arguments"": {
    ""element"": {
      ""type"": ""ArgumentRef"",
      ""value"": ""_MAPPING_VAR_0_0""
    }
  },
  ""functionName"": ""Feature.id""
})",,225.96119594573975,344.26634788513184,59.766719818115234,121.6333360671997,-9999,1.4042772925064488,7,"{""type"":""Point"",""coordinates"":[80.44467207635957,28.438814640198917]}"
118,90.0,199,0,0.17666882696046662,-0.15628582346197936,"NL_ee.String({
  ""type"": ""Invocation"",
  ""arguments"": {
    ""element"": {
      ""type"": ""ArgumentRef"",
      ""value"": ""_MAPPING_VAR_0_0""
    }
  },
  ""functionName"": ""Feature.id""
})",,87.40522146224976,269.78396463394165,23.74402618408203,29.101250171661377,-9999,2.1066230791734535,7,"{""type"":""Point"",""coordinates"":[78.12790791313881,28.3396368578596]}"
119,161.70038171165805,3681,0,0.32035095227904986,-0.32488726648056687,"NL_ee.String({
  ""type"": ""Invocation"",
  ""arguments"": {
    ""element"": {
      ""type"": ""ArgumentRef"",
      ""value"": ""_MAPPING_VAR_0_0""
    }
  },
  ""functionName"": ""Feature.id""
})",,19.067715644836426,47.02852725982666,8.782002449035645,8.782002449035645,-9999,29.364328070827703,7,"{""type"":""Point"",""coordinates"":[74.85762258312671,34.444891033061566]}"
120,257.1045595458773,4891,0,0.07523148148148148,-0.1569115815691158,"NL_ee.String({
  ""type"": ""Invocation"",
  ""arguments"": {
    ""element"": {
      ""type"": ""ArgumentRef"",
      ""value"": ""_MAPPING_VAR_0_0""
    }
  },
  ""functionName"": ""Feature.id""
})",,0.0,7.7071990966796875,0.0,0.0,-9999,19.93438579911299,9,"{""type"":""Point"",""coordinates"":[76.89149432634339,34.49189716208514]}"
121,111.1371499299611,474,0,0.5972889014402711,-0.45623069001029865,"NL_ee.String({
  ""type"": ""Invocation"",
  ""arguments"": {
    ""element"": {
      ""type"": ""ArgumentRef"",
      ""value"": ""_MAPPING_VAR_0_0""
    }
  },
  ""functionName"": ""Feature.id""
})",,243.14985847473145,525.6668319702148,0.0,141.08722114562988,-9999,12.650660023542459,7,"{""type"":""Point"",""coordinates"":[75.92338036465381,31.728625468174158]}"
122,145.77873026034578,5365,0,0.04927751018895887,-0.1568627450980392,"NL_ee.String({
  ""type"": ""Invocation"",
  ""arguments"": {
    ""element"": {
      ""type"": ""ArgumentRef"",
      ""value"": ""_MAPPING_VAR_0_0""
    }
  },
  ""functionName"": ""Feature.id""
})",,0.0,0.0,0.0,0.0,-9999,33.648614438737255,9,"{""type"":""Point"",""coordinates"":[78.53810169519988,34.751851358525606]}"
123,220.23572981233312,3893,0,-0.02943237561317449,0.04251641894227445,"NL_ee.String({
  ""type"": ""Invocation"",
  ""arguments"": {
    ""element"": {
      ""type"": ""ArgumentRef"",
      ""value"": ""_MAPPING_VAR_0_0""
    }
  },
  ""functionName"": ""Feature.id""
})",,210.0604772567749,247.697096824646,112.56665420532227,179.68880653381348,-9999,16.534588324011747,,"{""type"":""Point"",""coordinates"":[76.83547216083613,32.41647273212152]}"
124,158.3938302343295,250,0,0.6590330788804071,-0.568061568061568,"NL_ee.String({
  ""type"": ""Invocation"",
  ""arguments"": {
    ""element"": {
      ""type"": ""ArgumentRef"",
      ""value"": ""_MAPPING_VAR_0_0""
    }
  },
  ""functionName"": ""Feature.id""
})",,130.47482681274414,291.5413284301758,0.0,55.473201751708984,-9999,2.990035816461515,4,"{""type"":""Point"",""coordinates"":[74.18117025006516,32.68639861942382]}"
125,105.72892476822051,4668,0,0.0249798549556809,-0.24097560975609755,"NL_ee.String({
  ""type"": ""Invocation"",
  ""arguments"": {
    ""element"": {
      ""type"": ""ArgumentRef"",
      ""value"": ""_MAPPING_VAR_0_0""
    }
  },
  ""functionName"": ""Feature.id""
})",,6.188257694244385,9.362220525741577,6.188257694244385,6.188257694244385,-9999,16.624160156653215,9,"{""type"":""Point"",""coordinates"":[80.20454095409029,32.339090389077505]}"
126,180.0,4634,0,0.005703422053231939,-0.07193515704154002,"NL_ee.String({
  ""type"": ""Invocation"",
  ""arguments"": {
    ""element"": {
      ""type"": ""ArgumentRef"",
      ""value"": ""_MAPPING_VAR_0_0""
    }
  },
  ""functionName"": ""Feature.id""
})",,9.057330131530762,21.762266159057617,4.672760963439941,4.672760963439941,-9999,32.923493991559305,9,"{""type"":""Point"",""coordinates"":[78.62538629323859,32.267403342615744]}"
127,97.79599072405422,1831,0,0.5688127584170112,-0.4997176736307171,"NL_ee.String({
  ""type"": ""Invocation"",
  ""arguments"": {
    ""element"": {
      ""type"": ""ArgumentRef"",
      ""value"": ""_MAPPING_VAR_0_0""
    }
  },
  ""functionName"": ""Feature.id""
})",,23.504167556762695,62.07555437088013,9.797703742980957,9.797703742980957,-9999,39.87426814179919,7,"{""type"":""Point"",""coordinates"":[74.1462781629797,34.7678601259481]}"
128,310.9862930901588,236,0,0.5506764249279219,-0.48198389147944043,"NL_ee.String({
  ""type"": ""Invocation"",
  ""arguments"": {
    ""element"": {
      ""type"": ""ArgumentRef"",
      ""value"": ""_MAPPING_VAR_0_0""
    }
  },
  ""functionName"": ""Feature.id""
})",,54.90578842163086,188.23769760131836,6.474674701690674,6.474674701690674,-9999,1.4138331029873814,7,"{""type"":""Point"",""coordinates"":[76.48065845981561,29.672684004034167]}"
129,318.444775229275,5823,0,-0.0017048683462777042,0.04830699774266366,"NL_ee.String({
  ""type"": ""Invocation"",
  ""arguments"": {
    ""element"": {
      ""type"": ""ArgumentRef"",
      ""value"": ""_MAPPING_VAR_0_0""
    }
  },
  ""functionName"": ""Feature.id""
})",,13.629963874816895,69.7713041305542,7.758144378662109,7.758144378662109,-9999,62.28660199603726,,"{""type"":""Point"",""coordinates"":[77.69922955370555,34.871329337841985]}"
130,279.56178103302005,5050,0,0.09988156336360048,-0.19622155431515673,"NL_ee.String({
  ""type"": ""Invocation"",
  ""arguments"": {
    ""element"": {
      ""type"": ""ArgumentRef"",
      ""value"": ""_MAPPING_VAR_0_0""
    }
  },
  ""functionName"": ""Feature.id""
})",,37.48689937591553,104.85451984405518,7.702767848968506,26.95655345916748,-9999,16.296522142868437,9,"{""type"":""Point"",""coordinates"":[81.05068397544137,32.620746922683715]}"
131,85.26262572491939,3979,0,0.2327718223583461,-0.2905811623246493,"NL_ee.String({
  ""type"": ""Invocation"",
  ""arguments"": {
    ""element"": {
      ""type"": ""ArgumentRef"",
      ""value"": ""_MAPPING_VAR_0_0""
    }
  },
  ""functionName"": ""Feature.id""
})",,29.33789825439453,29.33789825439453,17.95057487487793,17.95057487487793,-9999,38.09714159658715,9,"{""type"":""Point"",""coordinates"":[78.32063223765778,31.84978340252688]}"
132,228.5999735897975,275,0,0.40288713910761154,-0.3648260453239706,"NL_ee.String({
  ""type"": ""Invocation"",
  ""arguments"": {
    ""element"": {
      ""type"": ""ArgumentRef"",
      ""value"": ""_MAPPING_VAR_0_0""
    }
  },
  ""functionName"": ""Feature.id""
})",,40.71194839477539,170.9281301498413,0.0,11.094876289367676,-9999,1.4022208320949283,4,"{""type"":""Point"",""coordinates"":[76.46763869915841,28.161774541016467]}"
133,49.24494949862754,175,0,-0.012858555885262116,-0.04502617801047121,"NL_ee.String({
  ""type"": ""Invocation"",
  ""arguments"": {
    ""element"": {
      ""type"": ""ArgumentRef"",
      ""value"": ""_MAPPING_VAR_0_0""
    }
  },
  ""functionName"": ""Feature.id""
})",,0.0,90.9761381149292,0.0,0.0,-9999,4.254357247844888,7,"{""type"":""Point"",""coordinates"":[73.86019180615179,30.479803169999187]}"
134,290.1220427604968,476,0,0.8075244231968406,-0.6485308056872038,"NL_ee.String({
  ""type"": ""Invocation"",
  ""arguments"": {
    ""element"": {
      ""type"": ""ArgumentRef"",
      ""value"": ""_MAPPING_VAR_0_0""
    }
  },
  ""functionName"": ""Feature.id""
})",,135.33421802520752,323.1368818283081,0.0,91.70279693603516,-9999,8.034999987493105,4,"{""type"":""Point"",""coordinates"":[76.26053437502027,31.251700467364874]}"
135,220.86405197136912,1166,0,0.7075023741690408,-0.5960940967598757,"NL_ee.String({
  ""type"": ""Invocation"",
  ""arguments"": {
    ""element"": {
      ""type"": ""ArgumentRef"",
      ""value"": ""_MAPPING_VAR_0_0""
    }
  },
  ""functionName"": ""Feature.id""
})",,230.42916297912598,416.5071716308594,45.375709533691406,136.56562614440918,-9999,26.211627146425243,4,"{""type"":""Point"",""coordinates"":[76.88669379159228,31.31129746959447]}"
136,113.34011513557455,218,0,0.7598550067965564,-0.6773914921183329,"NL_ee.String({
  ""type"": ""Invocation"",
  ""arguments"": {
    ""element"": {
      ""type"": ""ArgumentRef"",
      ""value"": ""_MAPPING_VAR_0_0""
    }
  },
  ""functionName"": ""Feature.id""
})",,17.415740966796875,182.2705488204956,0.0,0.0,-9999,2.3397333530742803,4,"{""type"":""Point"",""coordinates"":[75.28516890980205,30.345480259442155]}"
137,270.0,207,0,0.3333333333333333,-0.3673036093418259,"NL_ee.String({
  ""type"": ""Invocation"",
  ""arguments"": {
    ""element"": {
      ""type"": ""ArgumentRef"",
      ""value"": ""_MAPPING_VAR_0_0""
    }
  },
  ""functionName"": ""Feature.id""
})",,8.447208523750305,193.12157547473907,0.0,1.8960329294204712,-9999,3.178113813895569,6,"{""type"":""Point"",""coordinates"":[75.59809346430264,29.000881759388466]}"
138,96.34518870942499,5313,0,-0.1267865375749193,0.15559518502006242,"NL_ee.String({
  ""type"": ""Invocation"",
  ""arguments"": {
    ""element"": {
      ""type"": ""ArgumentRef"",
      ""value"": ""_MAPPING_VAR_0_0""
    }
  },
  ""functionName"": ""Feature.id""
})",,74.42112731933594,125.14548110961914,74.42112731933594,74.42112731933594,-9999,16.32757994704406,,"{""type"":""Point"",""coordinates"":[76.53209855606256,33.48873497935193]}"
139,221.08759419168138,4749,0,0.08663474096647801,-0.21934538348803126,"NL_ee.String({
  ""type"": ""Invocation"",
  ""arguments"": {
    ""element"": {
      ""type"": ""ArgumentRef"",
      ""value"": ""_MAPPING_VAR_0_0""
    }
  },
  ""functionName"": ""Feature.id""
})",,0.0,0.0,0.0,0.0,-9999,29.179730845989198,9,"{""type"":""Point"",""coordinates"":[79.2833098154862,33.06375400426675]}"
140,26.251543119180347,2656,0,0.8773402194964494,-0.85814696485623,"NL_ee.String({
  ""type"": ""Invocation"",
  ""arguments"": {
    ""element"": {
      ""type"": ""ArgumentRef"",
      ""value"": ""_MAPPING_VAR_0_0""
    }
  },
  ""functionName"": ""Feature.id""
})",,58.90744972229004,213.52240562438965,22.360319137573242,40.63388442993164,-9999,41.49015557470224,4,"{""type"":""Point"",""coordinates"":[73.91330092943956,34.14527532595109]}"
141,188.75591640791458,5600,0,0.024372230428360415,-0.019852941176470587,"NL_ee.String({
  ""type"": ""Invocation"",
  ""arguments"": {
    ""element"": {
      ""type"": ""ArgumentRef"",
      ""value"": ""_MAPPING_VAR_0_0""
    }
  },
  ""functionName"": ""Feature.id""
})",,33.052157402038574,57.03793811798096,20.01810646057129,20.01810646057129,-9999,40.960218660345625,9,"{""type"":""Point"",""coordinates"":[79.8073237212619,30.96100185891837]}"
142,219.5043926814738,1795,0,0.13369467028003612,-0.07081911262798635,"NL_ee.String({
  ""type"": ""Invocation"",
  ""arguments"": {
    ""element"": {
      ""type"": ""ArgumentRef"",
      ""value"": ""_MAPPING_VAR_0_0""
    }
  },
  ""functionName"": ""Feature.id""
})",,196.0960717201233,369.04207277297974,81.79372596740723,121.3933835029602,-9999,33.876011966404825,4,"{""type"":""Point"",""coordinates"":[79.98967588526286,29.334206069335785]}"
143,90.0,209,0,0.36384976525821594,-0.2562162162162162,"NL_ee.String({
  ""type"": ""Invocation"",
  ""arguments"": {
    ""element"": {
      ""type"": ""ArgumentRef"",
      ""value"": ""_MAPPING_VAR_0_0""
    }
  },
  ""functionName"": ""Feature.id""
})",,18.787439346313477,280.8737602233887,5.858432292938232,13.17311716079712,-9999,1.0843811884577368,4,"{""type"":""Point"",""coordinates"":[74.64032689404887,31.216471198145065]}"
144,189.86662102930202,5107,0,0.14021571648690292,-0.22213047068538397,"NL_ee.String({
  ""type"": ""Invocation"",
  ""arguments"": {
    ""element"": {
      ""type"": ""ArgumentRef"",
      ""value"": ""_MAPPING_VAR_0_0""
    }
  },
  ""functionName"": ""Feature.id""
})",,0.0,0.0,0.0,0.0,-9999,12.954457182923957,9,"{""type"":""Point"",""coordinates"":[80.75543113276694,34.77876192777147]}"
145,73.93271142313162,212,0,0.8141197497765862,-0.7522658610271903,"NL_ee.String({
  ""type"": ""Invocation"",
  ""arguments"": {
    ""element"": {
      ""type"": ""ArgumentRef"",
      ""value"": ""_MAPPING_VAR_0_0""
    }
  },
  ""functionName"": ""Feature.id""
})",,0.0,160.02644062042236,0.0,0.0,-9999,3.3473591598289474,4,"{""type"":""Point"",""coordinates"":[75.03458897046579,30.225490308046073]}"
146,238.74839199199695,1056,0,0.8339350180505415,-0.6821192052980133,"NL_ee.String({
  ""type"": ""Invocation"",
  ""arguments"": {
    ""element"": {
      ""type"": ""ArgumentRef"",
      ""value"": ""_MAPPING_VAR_0_0""
    }
  },
  ""functionName"": ""Feature.id""
})",,85.34627342224121,422.0399913787842,35.13594436645508,51.87272071838379,-9999,18.94362950155254,7,"{""type"":""Point"",""coordinates"":[73.57179649810327,34.1545115329437]}"
147,212.50182590685992,488,0,0.8824696255888916,-0.7325422181652214,"NL_ee.String({
  ""type"": ""Invocation"",
  ""arguments"": {
    ""element"": {
      ""type"": ""ArgumentRef"",
      ""value"": ""_MAPPING_VAR_0_0""
    }
  },
  ""functionName"": ""Feature.id""
})",,338.2871570587158,547.2364826202393,109.25969696044922,184.48467445373535,-9999,9.800916644835546,7,"{""type"":""Point"",""coordinates"":[79.3476013815369,29.309769596962816]}"
148,49.24018085942454,199,0,0.5733000623830318,-0.5007438262421898,"NL_ee.String({
  ""type"": ""Invocation"",
  ""arguments"": {
    ""element"": {
      ""type"": ""ArgumentRef"",
      ""value"": ""_MAPPING_VAR_0_0""
    }
  },
  ""functionName"": ""Feature.id""
})",,0.0,175.79271125793457,0.0,0.0,-9999,1.4203029001775045,7,"{""type"":""Point"",""coordinates"":[74.48377797653768,30.463432103843683]}"
149,21.6406492456064,5173,0,0.1492760858711932,-0.23763440860215054,"NL_ee.String({
  ""type"": ""Invocation"",
  ""arguments"": {
    ""element"": {
      ""type"": ""ArgumentRef"",
      ""value"": ""_MAPPING_VAR_0_0""
    }
  },
  ""functionName"": ""Feature.id""
})",,47.398263931274414,148.4395637512207,12.710478782653809,47.398263931274414,-9999,2.9907478682964728,9,"{""type"":""Point"",""coordinates"":[80.84298312596245,32.84269513059512]}"
150,146.78705059145958,214,0,0.5336087119789711,-0.5064551825894504,"NL_ee.String({
  ""type"": ""Invocation"",
  ""arguments"": {
    ""element"": {
      ""type"": ""ArgumentRef"",
      ""value"": ""_MAPPING_VAR_0_0""
    }
  },
  ""functionName"": ""Feature.id""
})",,13.035759925842285,213.98865509033203,3.9011902809143066,6.126217842102051,-9999,7.713191801881116,7,"{""type"":""Point"",""coordinates"":[75.72572051641089,29.214028352603794]}"
151,58.960653275670644,5579,0,0.07281553398058252,-0.18908531898539585,"NL_ee.String({
  ""type"": ""Invocation"",
  ""arguments"": {
    ""element"": {
      ""type"": ""ArgumentRef"",
      ""value"": ""_MAPPING_VAR_0_0""
    }
  },
  ""functionName"": ""Feature.id""
})",,0.0,0.0,0.0,0.0,-9999,23.726503964175546,6,"{""type"":""Point"",""coordinates"":[78.22856392872292,35.24200992053967]}"
152,270.0,208,0,0.23618990743505525,-0.27071823204419887,"NL_ee.String({
  ""type"": ""Invocation"",
  ""arguments"": {
    ""element"": {
      ""type"": ""ArgumentRef"",
      ""value"": ""_MAPPING_VAR_0_0""
    }
  },
  ""functionName"": ""Feature.id""
})",,9.941536903381348,185.79211711883545,0.0,0.0,-9999,1.0614836935333853,7,"{""type"":""Point"",""coordinates"":[75.5440440333931,29.112256590719497]}"
153,155.33201012511606,800,0,0.5908111988513999,-0.54049356969065,"NL_ee.String({
  ""type"": ""Invocation"",
  ""arguments"": {
    ""element"": {
      ""type"": ""ArgumentRef"",
      ""value"": ""_MAPPING_VAR_0_0""
    }
  },
  ""functionName"": ""Feature.id""
})",,139.58556747436523,364.91940689086914,40.6389274597168,83.20174026489258,-9999,13.038394527660984,7,"{""type"":""Point"",""coordinates"":[74.48206088773163,33.12882442803108]}"
154,30.093985077682795,296,0,0.6641994546162836,-0.6399232245681382,"NL_ee.String({
  ""type"": ""Invocation"",
  ""arguments"": {
    ""element"": {
      ""type"": ""ArgumentRef"",
      ""value"": ""_MAPPING_VAR_0_0""
    }
  },
  ""functionName"": ""Feature.id""
})",,168.7642059326172,378.494553565979,0.0,89.11511611938477,-9999,2.1429820828071477,7,"{""type"":""Point"",""coordinates"":[77.04993862272543,30.372907680289895]}"
155,304.8680530762405,5522,0,0.1265474552957359,-0.250381679389313,"NL_ee.String({
  ""type"": ""Invocation"",
  ""arguments"": {
    ""element"": {
      ""type"": ""ArgumentRef"",
      ""value"": ""_MAPPING_VAR_0_0""
    }
  },
  ""functionName"": ""Feature.id""
})",,16.068898677825928,58.13901233673096,0.0,16.068898677825928,-9999,8.058299330723242,9,"{""type"":""Point"",""coordinates"":[81.0403940325294,33.26567630542621]}"
156,49.09011594605984,227,0,0.7380952380952381,-0.6536702243519931,"NL_ee.String({
  ""type"": ""Invocation"",
  ""arguments"": {
    ""element"": {
      ""type"": ""ArgumentRef"",
      ""value"": ""_MAPPING_VAR_0_0""
    }
  },
  ""functionName"": ""Feature.id""
})",,0.0,116.65892887115479,0.0,0.0,-9999,1.4160068509776353,4,"{""type"":""Point"",""coordinates"":[75.85572233434321,29.942245470998333]}"
157,55.95476364181586,4542,0,-0.011573081868838405,-0.06907742234585072,"NL_ee.String({
  ""type"": ""Invocation"",
  ""arguments"": {
    ""element"": {
      ""type"": ""ArgumentRef"",
      ""value"": ""_MAPPING_VAR_0_0""
    }
  },
  ""functionName"": ""Feature.id""
})",,50.239362716674805,132.36105918884277,22.974496841430664,50.239362716674805,-9999,51.832185116330855,7,"{""type"":""Point"",""coordinates"":[75.69222561993614,33.981720755983666]}"
158,196.41633249951735,5202,0,0.05798728020950243,-0.148659626320065,"NL_ee.String({
  ""type"": ""Invocation"",
  ""arguments"": {
    ""element"": {
      ""type"": ""ArgumentRef"",
      ""value"": ""_MAPPING_VAR_0_0""
    }
  },
  ""functionName"": ""Feature.id""
})",,0.0,0.0,0.0,0.0,-9999,41.809895536609005,9,"{""type"":""Point"",""coordinates"":[78.81399088722725,33.641030157196695]}"
159,186.16941456345526,3065,0,0.227554684949396,-0.19138149556400508,"NL_ee.String({
  ""type"": ""Invocation"",
  ""arguments"": {
    ""element"": {
      ""type"": ""ArgumentRef"",
      ""value"": ""_MAPPING_VAR_0_0""
    }
  },
  ""functionName"": ""Feature.id""
})",,46.934263706207275,78.27247285842896,20.453649520874023,20.453649520874023,-9999,27.520694303243896,9,"{""type"":""Point"",""coordinates"":[81.22992438423812,29.854006709262563]}"
160,270.0,221,0,0.3787575150300601,-0.29,"NL_ee.String({
  ""type"": ""Invocation"",
  ""arguments"": {
    ""element"": {
      ""type"": ""ArgumentRef"",
      ""value"": ""_MAPPING_VAR_0_0""
    }
  },
  ""functionName"": ""Feature.id""
})",,0.0,240.15156841278076,0.0,0.0,-9999,3.256407329591031,7,"{""type"":""Point"",""coordinates"":[74.82323552304607,31.401366032487132]}"
161,90.0,286,0,0.24841571609632446,-0.29180327868852457,"NL_ee.String({
  ""type"": ""Invocation"",
  ""arguments"": {
    ""element"": {
      ""type"": ""ArgumentRef"",
      ""value"": ""_MAPPING_VAR_0_0""
    }
  },
  ""functionName"": ""Feature.id""
})",,175.14297103881836,360.76511001586914,48.24197006225586,106.58219528198242,-9999,4.404823732475294,4,"{""type"":""Point"",""coordinates"":[74.13685951408054,32.797611985147576]}"
162,329.5025479046991,244,0,0.5772357723577236,-0.45217632381480455,"NL_ee.String({
  ""type"": ""Invocation"",
  ""arguments"": {
    ""element"": {
      ""type"": ""ArgumentRef"",
      ""value"": ""_MAPPING_VAR_0_0""
    }
  },
  ""functionName"": ""Feature.id""
})",,222.5025177001953,469.1294136047363,0.0,176.0022201538086,-9999,2.1518086754298267,7,"{""type"":""Point"",""coordinates"":[75.5815950742949,31.90574829415802]}"
163,346.9510419896112,262,0,0.6628637951105937,-0.598835907768077,"NL_ee.String({
  ""type"": ""Invocation"",
  ""arguments"": {
    ""element"": {
      ""type"": ""ArgumentRef"",
      ""value"": ""_MAPPING_VAR_0_0""
    }
  },
  ""functionName"": ""Feature.id""
})",,47.99728488922119,199.40211296081543,0.0,14.832295417785645,-9999,4.749471138723736,4,"{""type"":""Point"",""coordinates"":[76.39957204811344,30.35289357439447]}"
164,-0.0,4905,0,-0.07311586051743532,0.053417576105686385,"NL_ee.String({
  ""type"": ""Invocation"",
  ""arguments"": {
    ""element"": {
      ""type"": ""ArgumentRef"",
      ""value"": ""_MAPPING_VAR_0_0""
    }
  },
  ""functionName"": ""Feature.id""
})",,83.00159454345703,104.00301551818848,64.14058685302734,64.14058685302734,-9999,3.704791833623834,,"{""type"":""Point"",""coordinates"":[77.67915641172529,32.16392695957588]}"
165,230.00226965915652,303,0,0.7473903966597077,-0.694331983805668,"NL_ee.String({
  ""type"": ""Invocation"",
  ""arguments"": {
    ""element"": {
      ""type"": ""ArgumentRef"",
      ""value"": ""_MAPPING_VAR_0_0""
    }
  },
  ""functionName"": ""Feature.id""
})",,193.97396087646484,447.650577545166,61.90597915649414,61.90597915649414,-9999,1.442682906041314,7,"{""type"":""Point"",""coordinates"":[73.9620596960447,32.96179269431546]}"
166,130.82287500670412,4539,0,0.0020134228187919465,0.020662512299114463,"NL_ee.String({
  ""type"": ""Invocation"",
  ""arguments"": {
    ""element"": {
      ""type"": ""ArgumentRef"",
      ""value"": ""_MAPPING_VAR_0_0""
    }
  },
  ""functionName"": ""Feature.id""
})",,0.0,3.7576677799224854,0.0,0.0,-9999,29.663074907310573,9,"{""type"":""Point"",""coordinates"":[76.40560632435634,34.27807656149892]}"
167,275.7303925204138,4658,0,0.11778602767465407,-0.22394678492239467,"NL_ee.String({
  ""type"": ""Invocation"",
  ""arguments"": {
    ""element"": {
      ""type"": ""ArgumentRef"",
      ""value"": ""_MAPPING_VAR_0_0""
    }
  },
  ""functionName"": ""Feature.id""
})",,22.307403087615967,51.27490472793579,22.307403087615967,22.307403087615967,-9999,17.965270479892265,9,"{""type"":""Point"",""coordinates"":[79.37074237618853,31.464222190141793]}"
168,270.0,273,0,0.32151898734177214,-0.2364784840110541,"NL_ee.String({
  ""type"": ""Invocation"",
  ""arguments"": {
    ""element"": {
      ""type"": ""ArgumentRef"",
      ""value"": ""_MAPPING_VAR_0_0""
    }
  },
  ""functionName"": ""Feature.id""
})",,154.58732223510742,371.00700187683105,0.0,116.11697769165039,-9999,1.0871497413504136,7,"{""type"":""Point"",""coordinates"":[75.88534506763642,31.456381676254082]}"
169,242.2502749591913,5461,0,0.047493403693931395,-0.15827862873814733,"NL_ee.String({
  ""type"": ""Invocation"",
  ""arguments"": {
    ""element"": {
      ""type"": ""ArgumentRef"",
      ""value"": ""_MAPPING_VAR_0_0""
    }
  },
  ""functionName"": ""Feature.id""
})",,12.495489120483398,12.495489120483398,10.412907600402832,12.495489120483398,-9999,9.861405854041427,9,"{""type"":""Point"",""coordinates"":[77.58841850310588,32.670278924535516]}"
170,180.0,199,0,-0.1827485380116959,0.03869303525365434,"NL_ee.String({
  ""type"": ""Invocation"",
  ""arguments"": {
    ""element"": {
      ""type"": ""ArgumentRef"",
      ""value"": ""_MAPPING_VAR_0_0""
    }
  },
  ""functionName"": ""Feature.id""
})",,0.0,143.71889209747314,0.0,0.0,-9999,0.9274099368611016,7,"{""type"":""Point"",""coordinates"":[74.60332948061827,29.743029794388924]}"
171,166.24664570395737,5766,0,0.08168316831683169,-0.2494639027877055,"NL_ee.String({
  ""type"": ""Invocation"",
  ""arguments"": {
    ""element"": {
      ""type"": ""ArgumentRef"",
      ""value"": ""_MAPPING_VAR_0_0""
    }
  },
  ""functionName"": ""Feature.id""
})",,0.0,0.0,0.0,0.0,-9999,9.461729975028067,9,"{""type"":""Point"",""coordinates"":[79.01441302862075,35.20204083288524]}"
172,2.3157491963555685,4531,0,0.46938775510204084,-0.46938775510204084,"NL_ee.String({
  ""type"": ""Invocation"",
  ""arguments"": {
    ""element"": {
      ""type"": ""ArgumentRef"",
      ""value"": ""_MAPPING_VAR_0_0""
    }
  },
  ""functionName"": ""Feature.id""
})",,0.0,0.0,0.0,0.0,-9999,25.921144559598112,9,"{""type"":""Point"",""coordinates"":[76.77376216286069,34.48488249677718]}"
173,142.0924033556692,1001,0,0.890117994100295,-0.7916812303390423,"NL_ee.String({
  ""type"": ""Invocation"",
  ""arguments"": {
    ""element"": {
      ""type"": ""ArgumentRef"",
      ""value"": ""_MAPPING_VAR_0_0""
    }
  },
  ""functionName"": ""Feature.id""
})",,231.1973934173584,417.23614978790283,47.39045715332031,122.60281181335449,-9999,3.5221264549707922,4,"{""type"":""Point"",""coordinates"":[76.97134549809209,31.114477197351793]}"
174,210.45224385422705,317,0,0.6303123399897593,-0.5389076848719188,"NL_ee.String({
  ""type"": ""Invocation"",
  ""arguments"": {
    ""element"": {
      ""type"": ""ArgumentRef"",
      ""value"": ""_MAPPING_VAR_0_0""
    }
  },
  ""functionName"": ""Feature.id""
})",,172.37055587768555,401.9284477233887,0.0,140.58724212646484,-9999,2.1508107407716617,7,"{""type"":""Point"",""coordinates"":[75.79719932603712,31.739287700619133]}"
175,170.0327612644709,5139,0,-0.004076086956521739,-0.06154960173787111,"NL_ee.String({
  ""type"": ""Invocation"",
  ""arguments"": {
    ""element"": {
      ""type"": ""ArgumentRef"",
      ""value"": ""_MAPPING_VAR_0_0""
    }
  },
  ""functionName"": ""Feature.id""
})",,37.51639270782471,37.51639270782471,32.15690803527832,37.51639270782471,-9999,23.930099419850485,7,"{""type"":""Point"",""coordinates"":[77.5859334210951,32.5410606917921]}"
176,42.99740961152779,4539,0,0.0026666666666666666,-0.03296703296703297,"NL_ee.String({
  ""type"": ""Invocation"",
  ""arguments"": {
    ""element"": {
      ""type"": ""ArgumentRef"",
      ""value"": ""_MAPPING_VAR_0_0""
    }
  },
  ""functionName"": ""Feature.id""
})",,21.053497314453125,68.91474151611328,11.540570259094238,16.29703378677368,-9999,16.052096161242666,9,"{""type"":""Point"",""coordinates"":[75.49888456312482,34.414056522831125]}"
177,67.22685201989242,329,0,0.7546919431279621,-0.623859649122807,"NL_ee.String({
  ""type"": ""Invocation"",
  ""arguments"": {
    ""element"": {
      ""type"": ""ArgumentRef"",
      ""value"": ""_MAPPING_VAR_0_0""
    }
  },
  ""functionName"": ""Feature.id""
})",,184.33782386779785,402.09085273742676,0.0,98.33781433105469,-9999,2.3947049985319553,4,"{""type"":""Point"",""coordinates"":[74.72398838450412,32.90001694444253]}"
178,135.81159219733252,2047,0,0.8574561403508771,-0.7618304732189287,"NL_ee.String({
  ""type"": ""Invocation"",
  ""arguments"": {
    ""element"": {
      ""type"": ""ArgumentRef"",
      ""value"": ""_MAPPING_VAR_0_0""
    }
  },
  ""functionName"": ""Feature.id""
})",,175.48262977600098,351.24092292785645,45.003379821777344,94.9602222442627,-9999,23.216125834103565,4,"{""type"":""Point"",""coordinates"":[79.21994786599096,29.967713540789205]}"
179,293.4275939885119,215,0,0.6206088992974239,-0.5727272727272728,"NL_ee.String({
  ""type"": ""Invocation"",
  ""arguments"": {
    ""element"": {
      ""type"": ""ArgumentRef"",
      ""value"": ""_MAPPING_VAR_0_0""
    }
  },
  ""functionName"": ""Feature.id""
})",,0.0,108.86249279975891,0.0,0.0,-9999,4.655295334017513,7,"{""type"":""Point"",""coordinates"":[75.38817633248718,29.93181212366766]}"
180,270.0,291,0,0.5235204855842185,-0.4896142433234421,"NL_ee.String({
  ""type"": ""Invocation"",
  ""arguments"": {
    ""element"": {
      ""type"": ""ArgumentRef"",
      ""value"": ""_MAPPING_VAR_0_0""
    }
  },
  ""functionName"": ""Feature.id""
})",,40.71194839477539,170.9281301498413,0.0,11.094876289367676,-9999,4.199290158640198,6,"{""type"":""Point"",""coordinates"":[76.47588994612812,28.128535070081302]}"
181,66.41703420160594,4016,0,0.8613042661153918,-0.7591474245115453,"NL_ee.String({
  ""type"": ""Invocation"",
  ""arguments"": {
    ""element"": {
      ""type"": ""ArgumentRef"",
      ""value"": ""_MAPPING_VAR_0_0""
    }
  },
  ""functionName"": ""Feature.id""
})",,31.263195037841797,48.89917850494385,12.410659790039062,12.410659790039062,-9999,44.15941730065578,7,"{""type"":""Point"",""coordinates"":[74.18405227658802,35.06484593192042]}"
182,180.0,4854,0,0.16666666666666666,-0.290181020296215,"NL_ee.String({
  ""type"": ""Invocation"",
  ""arguments"": {
    ""element"": {
      ""type"": ""ArgumentRef"",
      ""value"": ""_MAPPING_VAR_0_0""
    }
  },
  ""functionName"": ""Feature.id""
})",,17.583611965179443,77.42333698272705,17.583611965179443,17.583611965179443,-9999,7.378860558827169,9,"{""type"":""Point"",""coordinates"":[81.27526682693458,30.726970126815324]}"
183,16.679047122961098,5736,0,-0.11143410852713179,0.13080568720379146,"NL_ee.String({
  ""type"": ""Invocation"",
  ""arguments"": {
    ""element"": {
      ""type"": ""ArgumentRef"",
      ""value"": ""_MAPPING_VAR_0_0""
    }
  },
  ""functionName"": ""Feature.id""
})",,0.0,16.803682327270508,0.0,0.0,-9999,18.673960228748264,,"{""type"":""Point"",""coordinates"":[77.66233398064448,33.44647193851933]}"
184,102.42103438268647,5543,0,0.03065304309195913,-0.08818011257035648,"NL_ee.String({
  ""type"": ""Invocation"",
  ""arguments"": {
    ""element"": {
      ""type"": ""ArgumentRef"",
      ""value"": ""_MAPPING_VAR_0_0""
    }
  },
  ""functionName"": ""Feature.id""
})",,0.0,0.0,0.0,0.0,-9999,16.7537067365925,9,"{""type"":""Point"",""coordinates"":[78.51031088520405,34.31662558455233]}"
185,197.74630668792727,2946,0,0.015250544662309368,0.022377622377622378,"NL_ee.String({
  ""type"": ""Invocation"",
  ""arguments"": {
    ""element"": {
      ""type"": ""ArgumentRef"",
      ""value"": ""_MAPPING_VAR_0_0""
    }
  },
  ""functionName"": ""Feature.id""
})",,214.3548583984375,342.21178245544434,85.46416854858398,141.28993606567383,-9999,29.287453988573894,7,"{""type"":""Point"",""coordinates"":[77.34402500176442,31.54943881450874]}"
186,160.61349599758543,5256,0,0.11847133757961784,-0.20604395604395603,"NL_ee.String({
  ""type"": ""Invocation"",
  ""arguments"": {
    ""element"": {
      ""type"": ""ArgumentRef"",
      ""value"": ""_MAPPING_VAR_0_0""
    }
  },
  ""functionName"": ""Feature.id""
})",,0.0,15.882145881652832,0.0,0.0,-9999,16.263713336002215,9,"{""type"":""Point"",""coordinates"":[80.21863995366013,33.29839593417619]}"
187,348.20664606886805,2304,0,-0.01042654028436019,0.02017832003754106,"NL_ee.String({
  ""type"": ""Invocation"",
  ""arguments"": {
    ""element"": {
      ""type"": ""ArgumentRef"",
      ""value"": ""_MAPPING_VAR_0_0""
    }
  },
  ""functionName"": ""Feature.id""
})",,248.0645351409912,407.5164957046509,87.11246681213379,165.02828979492188,-9999,24.845630640959104,7,"{""type"":""Point"",""coordinates"":[77.26517141559066,31.21051385422141]}"
188,130.79174793614087,246,0,0.23145071982281284,-0.2508436445444319,"NL_ee.String({
  ""type"": ""Invocation"",
  ""arguments"": {
    ""element"": {
      ""type"": ""ArgumentRef"",
      ""value"": ""_MAPPING_VAR_0_0""
    }
  },
  ""functionName"": ""Feature.id""
})",,18.58696174621582,134.6086869239807,0.0,0.0,-9999,2.837031678218512,4,"{""type"":""Point"",""coordinates"":[76.06621609842995,30.353342863277263]}"
189,73.87354605623769,259,0,0.5004694835680751,-0.3950240069838499,"NL_ee.String({
  ""type"": ""Invocation"",
  ""arguments"": {
    ""element"": {
      ""type"": ""ArgumentRef"",
      ""value"": ""_MAPPING_VAR_0_0""
    }
  },
  ""functionName"": ""Feature.id""
})",,267.4551839828491,527.8870010375977,75.79156398773193,177.04997158050537,-9999,3.335429520085841,4,"{""type"":""Point"",""coordinates"":[78.15370084217493,29.84150415204884]}"
190,20.842916074070803,216,0,0.7797140303842717,-0.6916542790401359,"NL_ee.String({
  ""type"": ""Invocation"",
  ""arguments"": {
    ""element"": {
      ""type"": ""ArgumentRef"",
      ""value"": ""_MAPPING_VAR_0_0""
    }
  },
  ""functionName"": ""Feature.id""
})",,67.27599620819092,230.6224250793457,12.102903366088867,26.912787437438965,-9999,2.9746341722944263,7,"{""type"":""Point"",""coordinates"":[77.45780983778683,28.892140217028587]}"
191,311.22883024531717,217,0,0.34550766983199416,-0.2854152128401954,"NL_ee.String({
  ""type"": ""Invocation"",
  ""arguments"": {
    ""element"": {
      ""type"": ""ArgumentRef"",
      ""value"": ""_MAPPING_VAR_0_0""
    }
  },
  ""functionName"": ""Feature.id""
})",,31.86629617214203,162.59758937358856,1.9265869855880737,7.018536925315857,-9999,1.4069937029150132,7,"{""type"":""Point"",""coordinates"":[76.67954695973035,28.79792365796196]}"
192,340.36650717309135,1736,0,0.8257925515543244,-0.7447058823529412,"NL_ee.String({
  ""type"": ""Invocation"",
  ""arguments"": {
    ""element"": {
      ""type"": ""ArgumentRef"",
      ""value"": ""_MAPPING_VAR_0_0""
    }
  },
  ""functionName"": ""Feature.id""
})",,159.56938457489014,303.5310802459717,60.72817611694336,89.32615566253662,-9999,26.49272436026343,7,"{""type"":""Point"",""coordinates"":[79.78819764387185,29.548596030579546]}"
193,35.7959142692159,4599,0,0.07720815318097592,-0.18157181571815717,"NL_ee.String({
  ""type"": ""Invocation"",
  ""arguments"": {
    ""element"": {
      ""type"": ""ArgumentRef"",
      ""value"": ""_MAPPING_VAR_0_0""
    }
  },
  ""functionName"": ""Feature.id""
})",,10.595932006835938,29.84541606903076,0.0,10.595932006835938,-9999,5.6985842575562495,9,"{""type"":""Point"",""coordinates"":[80.73485627640159,33.690672857184886]}"
194,90.0,5212,0,0.03293084522502744,-0.11032448377581121,"NL_ee.String({
  ""type"": ""Invocation"",
  ""arguments"": {
    ""element"": {
      ""type"": ""ArgumentRef"",
      ""value"": ""_MAPPING_VAR_0_0""
    }
  },
  ""functionName"": ""Feature.id""
})",,0.0,0.0,0.0,0.0,-9999,1.1297341510635226,9,"{""type"":""Point"",""coordinates"":[79.27784013911436,34.827618156541796]}"
195,130.51035636644517,196,0,0.39405469678953625,-0.42731921110299487,"NL_ee.String({
  ""type"": ""Invocation"",
  ""arguments"": {
    ""element"": {
      ""type"": ""ArgumentRef"",
      ""value"": ""_MAPPING_VAR_0_0""
    }
  },
  ""functionName"": ""Feature.id""
})",,6.719906806945801,204.09351634979248,0.0,6.719906806945801,-9999,1.4275242276291618,7,"{""type"":""Point"",""coordinates"":[73.91197808281163,31.307096440322724]}"
196,142.74549569143986,207,0,0.12373225152129817,-0.20828789531079608,"NL_ee.String({
  ""type"": ""Invocation"",
  ""arguments"": {
    ""element"": {
      ""type"": ""ArgumentRef"",
      ""value"": ""_MAPPING_VAR_0_0""
    }
  },
  ""functionName"": ""Feature.id""
})",,6.9025232791900635,139.6810691356659,0.0,0.0,-9999,3.49144099984637,6,"{""type"":""Point"",""coordinates"":[73.60231271974921,28.768707586084126]}"
197,154.89611291209528,5256,0,0.04727272727272727,-0.1771117166212534,"NL_ee.String({
  ""type"": ""Invocation"",
  ""arguments"": {
    ""element"": {
      ""type"": ""ArgumentRef"",
      ""value"": ""_MAPPING_VAR_0_0""
    }
  },
  ""functionName"": ""Feature.id""
})",,0.0,21.314926147460938,0.0,0.0,-9999,26.589725648941272,,"{""type"":""Point"",""coordinates"":[79.73202390009897,33.01668892289896]}"
198,149.42178597275716,717,0,-0.009760425909494233,0.07743179939377239,"NL_ee.String({
  ""type"": ""Invocation"",
  ""arguments"": {
    ""element"": {
      ""type"": ""ArgumentRef"",
      ""value"": ""_MAPPING_VAR_0_0""
    }
  },
  ""functionName"": ""Feature.id""
})",,598.5501441955566,1015.8137340545654,188.58048248291016,431.5138282775879,-9999,4.301126032932926,4,"{""type"":""Point"",""coordinates"":[76.17563044720379,32.20043362861728]}"
199,-0.0,1703,0,0.862124898621249,-0.7011607804396147,"NL_ee.String({
  ""type"": ""Invocation"",
  ""arguments"": {
    ""element"": {
      ""type"": ""ArgumentRef"",
      ""value"": ""_MAPPING_VAR_0_0""
    }
  },
  ""functionName"": ""Feature.id""
})",,25.626715660095215,138.44456386566162,12.909733772277832,25.626715660095215,-9999,0.9274099368611016,7,"{""type"":""Point"",""coordinates"":[74.76422195555784,33.93913733380144]}"
200,234.1516405586588,5354,0,0.05156537753222836,-0.011514614703277236,"NL_ee.String({
  ""type"": ""Invocation"",
  ""arguments"": {
    ""element"": {
      ""type"": ""ArgumentRef"",
      ""value"": ""_MAPPING_VAR_0_0""
    }
  },
  ""functionName"": ""Feature.id""
})",,24.581408500671387,24.581408500671387,24.581408500671387,24.581408500671387,-9999,16.911985381003795,9,"{""type"":""Point"",""coordinates"":[80.3398517519009,31.364485840615437]}"
201,260.3814584639341,4921,0,0.2297476759628154,-0.3144073811213627,"NL_ee.String({
  ""type"": ""Invocation"",
  ""arguments"": {
    ""element"": {
      ""type"": ""ArgumentRef"",
      ""value"": ""_MAPPING_VAR_0_0""
    }
  },
  ""functionName"": ""Feature.id""
})",,44.938791275024414,69.26889419555664,19.869001388549805,30.464893341064453,-9999,10.965949161882637,9,"{""type"":""Point"",""coordinates"":[79.71608391023568,32.075188368834155]}"
202,252.20329709756413,4336,0,0.2767162066525124,-0.2973750449478605,"NL_ee.String({
  ""type"": ""Invocation"",
  ""arguments"": {
    ""element"": {
      ""type"": ""ArgumentRef"",
      ""value"": ""_MAPPING_VAR_0_0""
    }
  },
  ""functionName"": ""Feature.id""
})",,2.8977771997451782,45.213985085487366,1.3099535703659058,1.3099535703659058,-9999,40.2784387745409,7,"{""type"":""Point"",""coordinates"":[75.32940160544084,34.65752196284569]}"
203,66.5717500416808,3762,0,0.05909797822706065,-0.15619694397283532,"NL_ee.String({
  ""type"": ""Invocation"",
  ""arguments"": {
    ""element"": {
      ""type"": ""ArgumentRef"",
      ""value"": ""_MAPPING_VAR_0_0""
    }
  },
  ""functionName"": ""Feature.id""
})",,0.0,13.509501457214355,0.0,0.0,-9999,50.69192958971893,9,"{""type"":""Point"",""coordinates"":[79.43653429000993,31.547887854889247]}"
204,256.9308436829082,499,0,0.710691823899371,-0.5885788449059053,"NL_ee.String({
  ""type"": ""Invocation"",
  ""arguments"": {
    ""element"": {
      ""type"": ""ArgumentRef"",
      ""value"": ""_MAPPING_VAR_0_0""
    }
  },
  ""functionName"": ""Feature.id""
})",,318.99949836730957,586.515302658081,99.63703918457031,200.16976356506348,-9999,26.615889741831445,7,"{""type"":""Point"",""coordinates"":[77.46300193596952,30.431548399866006]}"
205,3.856001718457963,1078,0,0.6333830104321908,-0.5494816211121584,"NL_ee.String({
  ""type"": ""Invocation"",
  ""arguments"": {
    ""element"": {
      ""type"": ""ArgumentRef"",
      ""value"": ""_MAPPING_VAR_0_0""
    }
  },
  ""functionName"": ""Feature.id""
})",,246.23622512817383,465.97655487060547,87.89776992797852,157.43428993225098,-9999,28.882577548459373,7,"{""type"":""Point"",""coordinates"":[79.86655939567996,29.222489939492537]}"
206,131.24372445476715,212,0,0.14687204431833537,-0.2251732101616628,"NL_ee.String({
  ""type"": ""Invocation"",
  ""arguments"": {
    ""element"": {
      ""type"": ""ArgumentRef"",
      ""value"": ""_MAPPING_VAR_0_0""
    }
  },
  ""functionName"": ""Feature.id""
})",,9.682214617729187,148.02244198322296,0.0,1.992930293083191,-9999,2.8114599705017462,9,"{""type"":""Point"",""coordinates"":[74.3556598770269,28.74326245554136]}"
207,16.775796814551242,1970,0,0.5606557377049181,-0.5583333333333333,"NL_ee.String({
  ""type"": ""Invocation"",
  ""arguments"": {
    ""element"": {
      ""type"": ""ArgumentRef"",
      ""value"": ""_MAPPING_VAR_0_0""
    }
  },
  ""functionName"": ""Feature.id""
})",,33.08471989631653,139.81676030158997,11.357213020324707,15.24110198020935,-9999,3.868981121919738,7,"{""type"":""Point"",""coordinates"":[74.61317804110621,33.972405771696494]}"
208,273.7982544158218,5426,0,0.0850914205344585,-0.16584812995844353,"NL_ee.String({
  ""type"": ""Invocation"",
  ""arguments"": {
    ""element"": {
      ""type"": ""ArgumentRef"",
      ""value"": ""_MAPPING_VAR_0_0""
    }
  },
  ""functionName"": ""Feature.id""
})",,0.0,7.784479141235352,0.0,0.0,-9999,36.24525628301818,9,"{""type"":""Point"",""coordinates"":[77.89935092905749,32.76132077810117]}"
209,337.91605273086367,5245,0,0.02741189035243859,-0.05714285714285714,"NL_ee.String({
  ""type"": ""Invocation"",
  ""arguments"": {
    ""element"": {
      ""type"": ""ArgumentRef"",
      ""value"": ""_MAPPING_VAR_0_0""
    }
  },
  ""functionName"": ""Feature.id""
})",,0.0,0.0,0.0,0.0,-9999,3.000029703530701,6,"{""type"":""Point"",""coordinates"":[80.49666617671299,34.75851107918185]}"
210,83.37762067248873,2609,0,0.8492403583950137,-0.6996061582527748,"NL_ee.String({
  ""type"": ""Invocation"",
  ""arguments"": {
    ""element"": {
      ""type"": ""ArgumentRef"",
      ""value"": ""_MAPPING_VAR_0_0""
    }
  },
  ""functionName"": ""Feature.id""
})",,60.75269079208374,222.17526769638062,22.19698143005371,22.19698143005371,-9999,44.49613000601453,7,"{""type"":""Point"",""coordinates"":[74.24574324320304,33.97464948638577]}"
211,271.58957515945383,4180,0,-0.023379585630108345,0.0340289528106787,"NL_ee.String({
  ""type"": ""Invocation"",
  ""arguments"": {
    ""element"": {
      ""type"": ""ArgumentRef"",
      ""value"": ""_MAPPING_VAR_0_0""
    }
  },
  ""functionName"": ""Feature.id""
})",,73.69190216064453,231.0851058959961,73.69190216064453,73.69190216064453,-9999,30.266057446454315,9,"{""type"":""Point"",""coordinates"":[76.09805346197993,33.64204843677129]}"
212,137.53785588391918,2873,0,-0.009298393913778529,0.03618421052631579,"NL_ee.String({
  ""type"": ""Invocation"",
  ""arguments"": {
    ""element"": {
      ""type"": ""ArgumentRef"",
      ""value"": ""_MAPPING_VAR_0_0""
    }
  },
  ""functionName"": ""Feature.id""
})",,80.62822151184082,160.87119102478027,25.817898750305176,69.23565578460693,-9999,54.54622702371664,7,"{""type"":""Point"",""coordinates"":[75.96025294119805,33.21275360385637]}"
213,130.84761797428084,213,0,0.676923076923077,-0.595608417200366,"NL_ee.String({
  ""type"": ""Invocation"",
  ""arguments"": {
    ""element"": {
      ""type"": ""ArgumentRef"",
      ""value"": ""_MAPPING_VAR_0_0""
    }
  },
  ""functionName"": ""Feature.id""
})",,17.518362045288086,176.62526035308838,4.450325965881348,4.450325965881348,-9999,2.833835984137611,7,"{""type"":""Point"",""coordinates"":[75.1643519715558,30.15955934178411]}"
214,37.012155354438065,5465,0,0.0612638687891944,-0.1381272633212623,"NL_ee.String({
  ""type"": ""Invocation"",
  ""arguments"": {
    ""element"": {
      ""type"": ""ArgumentRef"",
      ""value"": ""_MAPPING_VAR_0_0""
    }
  },
  ""functionName"": ""Feature.id""
})",,0.0,29.94484806060791,0.0,0.0,-9999,21.065587086993173,9,"{""type"":""Point"",""coordinates"":[79.59517395628464,33.095186166298205]}"
215,118.61173022791613,4014,0,0.43000557724484106,-0.4911311427740622,"NL_ee.String({
  ""type"": ""Invocation"",
  ""arguments"": {
    ""element"": {
      ""type"": ""ArgumentRef"",
      ""value"": ""_MAPPING_VAR_0_0""
    }
  },
  ""functionName"": ""Feature.id""
})",,45.748220443725586,107.98020839691162,18.318233489990234,18.318233489990234,-9999,36.63773069395518,7,"{""type"":""Point"",""coordinates"":[74.23600241579356,35.092612765189635]}"
216,316.5917461286967,285,0,0.2618369987063389,-0.29517992298499535,"NL_ee.String({
  ""type"": ""Invocation"",
  ""arguments"": {
    ""element"": {
      ""type"": ""ArgumentRef"",
      ""value"": ""_MAPPING_VAR_0_0""
    }
  },
  ""functionName"": ""Feature.id""
})",,4.252055525779724,153.79915463924408,0.0,3.246511220932007,-9999,7.615037866065253,9,"{""type"":""Point"",""coordinates"":[74.34919623945252,28.240286002954416]}"
217,163.28903922266025,5329,0,0.06844919786096257,-0.19105812220566318,"NL_ee.String({
  ""type"": ""Invocation"",
  ""arguments"": {
    ""element"": {
      ""type"": ""ArgumentRef"",
      ""value"": ""_MAPPING_VAR_0_0""
    }
  },
  ""functionName"": ""Feature.id""
})",,2.8415346145629883,9.747042655944824,0.0,2.8415346145629883,-9999,34.06115657316061,9,"{""type"":""Point"",""coordinates"":[80.22730023541212,33.62125377525888]}"
218,292.38277258537215,5285,0,0.04633204633204633,-0.11522633744855967,"NL_ee.String({
  ""type"": ""Invocation"",
  ""arguments"": {
    ""element"": {
      ""type"": ""ArgumentRef"",
      ""value"": ""_MAPPING_VAR_0_0""
    }
  },
  ""functionName"": ""Feature.id""
})",,3.8648194074630737,8.21154248714447,0.0,3.8648194074630737,-9999,2.4342211250892727,9,"{""type"":""Point"",""coordinates"":[80.91461739598101,34.549415978700395]}"
219,229.55582954655998,220,0,0.25331091023754465,-0.27967374973170206,"NL_ee.String({
  ""type"": ""Invocation"",
  ""arguments"": {
    ""element"": {
      ""type"": ""ArgumentRef"",
      ""value"": ""_MAPPING_VAR_0_0""
    }
  },
  ""functionName"": ""Feature.id""
})",,26.639028549194336,279.71629524230957,11.234795570373535,18.44769859313965,-9999,2.8571367988011693,7,"{""type"":""Point"",""coordinates"":[74.38035309027408,31.52658857577218]}"
220,50.18027492488011,4592,0,0.09318801089918256,-0.16087962962962962,"NL_ee.String({
  ""type"": ""Invocation"",
  ""arguments"": {
    ""element"": {
      ""type"": ""ArgumentRef"",
      ""value"": ""_MAPPING_VAR_0_0""
    }
  },
  ""functionName"": ""Feature.id""
})",,0.0,0.0,0.0,0.0,-9999,36.24438969166179,9,"{""type"":""Point"",""coordinates"":[78.19068157499036,33.51368389727863]}"
221,25.53197906604533,4852,0,-0.019348268839103868,0.03507014028056112,"NL_ee.String({
  ""type"": ""Invocation"",
  ""arguments"": {
    ""element"": {
      ""type"": ""ArgumentRef"",
      ""value"": ""_MAPPING_VAR_0_0""
    }
  },
  ""functionName"": ""Feature.id""
})",,0.009766719304025173,0.009766719304025173,0.009766719304025173,0.009766719304025173,-9999,37.646805914010784,9,"{""type"":""Point"",""coordinates"":[76.65282691475956,34.139392343817825]}"
222,153.98188251527583,198,0,0.7775182481751824,-0.692992213570634,"NL_ee.String({
  ""type"": ""Invocation"",
  ""arguments"": {
    ""element"": {
      ""type"": ""ArgumentRef"",
      ""value"": ""_MAPPING_VAR_0_0""
    }
  },
  ""functionName"": ""Feature.id""
})",,209.17652416229248,351.8685646057129,46.73705005645752,89.25328731536865,-9999,7.186684010005459,7,"{""type"":""Point"",""coordinates"":[79.95472753137072,28.598157666486575]}"
223,90.0,4201,0,0.17964693665628245,-0.16155419222903886,"NL_ee.String({
  ""type"": ""Invocation"",
  ""arguments"": {
    ""element"": {
      ""type"": ""ArgumentRef"",
      ""value"": ""_MAPPING_VAR_0_0""
    }
  },
  ""functionName"": ""Feature.id""
})",,0.0,0.0,0.0,0.0,-9999,17.531819903445015,9,"{""type"":""Point"",""coordinates"":[76.453482403413,34.92837186627902]}"
224,166.66771913251884,4949,0,0.036352433764633395,-0.12283044058744993,"NL_ee.String({
  ""type"": ""Invocation"",
  ""arguments"": {
    ""element"": {
      ""type"": ""ArgumentRef"",
      ""value"": ""_MAPPING_VAR_0_0""
    }
  },
  ""functionName"": ""Feature.id""
})",,1.3240951299667358,9.499987959861755,1.3240951299667358,1.3240951299667358,-9999,22.582583821803315,9,"{""type"":""Point"",""coordinates"":[78.42306308762917,32.44193284346271]}"
225,180.0,4645,0,0.0523289246693502,-0.1117861482381531,"NL_ee.String({
  ""type"": ""Invocation"",
  ""arguments"": {
    ""element"": {
      ""type"": ""ArgumentRef"",
      ""value"": ""_MAPPING_VAR_0_0""
    }
  },
  ""functionName"": ""Feature.id""
})",,32.552515506744385,72.68886804580688,16.54815673828125,26.552173614501953,-9999,1.8543341688295631,9,"{""type"":""Point"",""coordinates"":[81.05824948487174,32.193797040553875]}"
226,325.3071158246476,3271,0,-0.0069065794256633955,0.03768932722789715,"NL_ee.String({
  ""type"": ""Invocation"",
  ""arguments"": {
    ""element"": {
      ""type"": ""ArgumentRef"",
      ""value"": ""_MAPPING_VAR_0_0""
    }
  },
  ""functionName"": ""Feature.id""
})",,405.0099983215332,489.5129051208496,141.03973388671875,307.49295806884766,-9999,54.79897651286549,7,"{""type"":""Point"",""coordinates"":[76.32163504612366,32.57764778849708]}"
227,321.7788548633217,206,0,0.216243654822335,-0.12841444270015698,"NL_ee.String({
  ""type"": ""Invocation"",
  ""arguments"": {
    ""element"": {
      ""type"": ""ArgumentRef"",
      ""value"": ""_MAPPING_VAR_0_0""
    }
  },
  ""functionName"": ""Feature.id""
})",,65.67571258544922,153.2515106201172,0.0,0.0,-9999,3.537214510002145,7,"{""type"":""Point"",""coordinates"":[73.67147046274046,32.16293028887551]}"
228,214.08058529240515,1248,0,0.4660544440800262,-0.4890073284477015,"NL_ee.String({
  ""type"": ""Invocation"",
  ""arguments"": {
    ""element"": {
      ""type"": ""ArgumentRef"",
      ""value"": ""_MAPPING_VAR_0_0""
    }
  },
  ""functionName"": ""Feature.id""
})",,106.74417877197266,422.64385414123535,35.19620895385742,35.19620895385742,-9999,17.365123736879095,7,"{""type"":""Point"",""coordinates"":[73.93943019526372,33.75545746953891]}"
229,-0.0,223,0,0.7499159663865547,-0.6669868715978227,"NL_ee.String({
  ""type"": ""Invocation"",
  ""arguments"": {
    ""element"": {
      ""type"": ""ArgumentRef"",
      ""value"": ""_MAPPING_VAR_0_0""
    }
  },
  ""functionName"": ""Feature.id""
})",,217.829496383667,335.9551525115967,64.16813278198242,113.40043640136719,-9999,2.7802885155287553,7,"{""type"":""Point"",""coordinates"":[80.10205728780677,29.011386675026092]}"
230,191.5472233134772,4986,0,0.03857566765578635,-0.1513157894736842,"NL_ee.String({
  ""type"": ""Invocation"",
  ""arguments"": {
    ""element"": {
      ""type"": ""ArgumentRef"",
      ""value"": ""_MAPPING_VAR_0_0""
    }
  },
  ""functionName"": ""Feature.id""
})",,0.0,0.0,0.0,0.0,-9999,5.661409416679634,9,"{""type"":""Point"",""coordinates"":[79.67192184306889,35.33827186840668]}"
231,126.69540113563716,4752,0,0.13437897414158542,-0.12578880942364326,"NL_ee.String({
  ""type"": ""Invocation"",
  ""arguments"": {
    ""element"": {
      ""type"": ""ArgumentRef"",
      ""value"": ""_MAPPING_VAR_0_0""
    }
  },
  ""functionName"": ""Feature.id""
})",,63.02183532714844,106.71496200561523,39.62974166870117,39.62974166870117,-9999,43.475165990424266,9,"{""type"":""Point"",""coordinates"":[78.12179860793803,31.601209552571973]}"
232,224.7040433362048,457,0,0.655448717948718,-0.504734158776402,"NL_ee.String({
  ""type"": ""Invocation"",
  ""arguments"": {
    ""element"": {
      ""type"": ""ArgumentRef"",
      ""value"": ""_MAPPING_VAR_0_0""
    }
  },
  ""functionName"": ""Feature.id""
})",,237.5567970275879,561.1813774108887,43.823585510253906,124.97190856933594,-9999,7.781483735386809,7,"{""type"":""Point"",""coordinates"":[75.09040144876569,32.64951356052903]}"
233,206.69802377746205,5771,0,0.1240530303030303,-0.24750394114555965,"NL_ee.String({
  ""type"": ""Invocation"",
  ""arguments"": {
    ""element"": {
      ""type"": ""ArgumentRef"",
      ""value"": ""_MAPPING_VAR_0_0""
    }
  },
  ""functionName"": ""Feature.id""
})",,6.634234428405762,20.952816009521484,0.0,0.0,-9999,25.225517052711485,9,"{""type"":""Point"",""coordinates"":[80.36562835017334,32.7257778133865]}"
234,202.73132889226622,2403,0,0.4666050381326554,-0.3864977059209089,"NL_ee.String({
  ""type"": ""Invocation"",
  ""arguments"": {
    ""element"": {
      ""type"": ""ArgumentRef"",
      ""value"": ""_MAPPING_VAR_0_0""
    }
  },
  ""functionName"": ""Feature.id""
})",,100.56096363067627,240.13161945343018,31.160995483398438,68.59280776977539,-9999,35.07040777503123,7,"{""type"":""Point"",""coordinates"":[75.29407884161711,33.34040137457812]}"
235,254.90577510112396,5167,0,-0.012591119946984758,-0.07736804049168475,"NL_ee.String({
  ""type"": ""Invocation"",
  ""arguments"": {
    ""element"": {
      ""type"": ""ArgumentRef"",
      ""value"": ""_MAPPING_VAR_0_0""
    }
  },
  ""functionName"": ""Feature.id""
})",,1.2556360960006714,1.2556360960006714,0.0,0.0,-9999,26.44145295499807,9,"{""type"":""Point"",""coordinates"":[78.19233512647898,32.557368816598064]}"
236,6.272953378645023,5496,0,0.03361344537815126,-0.1314060446780552,"NL_ee.String({
  ""type"": ""Invocation"",
  ""arguments"": {
    ""element"": {
      ""type"": ""ArgumentRef"",
      ""value"": ""_MAPPING_VAR_0_0""
    }
  },
  ""functionName"": ""Feature.id""
})",,0.0,3.829677104949951,0.0,0.0,-9999,28.254211891937462,9,"{""type"":""Point"",""coordinates"":[78.7989384172028,34.20588872754833]}"
237,124.26897631666674,1162,0,0.7097404409712531,-0.6074521123064812,"NL_ee.String({
  ""type"": ""Invocation"",
  ""arguments"": {
    ""element"": {
      ""type"": ""ArgumentRef"",
      ""value"": ""_MAPPING_VAR_0_0""
    }
  },
  ""functionName"": ""Feature.id""
})",,273.77778816223145,452.26626205444336,59.35589790344238,137.98223114013672,-9999,48.98961465241615,4,"{""type"":""Point"",""coordinates"":[79.0711909300607,29.68815352513124]}"
238,142.52676330300156,171,0,0.015255128879537085,-0.10919540229885058,"NL_ee.String({
  ""type"": ""Invocation"",
  ""arguments"": {
    ""element"": {
      ""type"": ""ArgumentRef"",
      ""value"": ""_MAPPING_VAR_0_0""
    }
  },
  ""functionName"": ""Feature.id""
})",,0.6677900552749634,98.70021116733551,0.0,0.6677900552749634,-9999,3.501607966380661,6,"{""type"":""Point"",""coordinates"":[73.76814078441065,29.58096929418596]}"
239,341.20560532777426,4904,0,0.3171912832929782,-0.367816091954023,"NL_ee.String({
  ""type"": ""Invocation"",
  ""arguments"": {
    ""element"": {
      ""type"": ""ArgumentRef"",
      ""value"": ""_MAPPING_VAR_0_0""
    }
  },
  ""functionName"": ""Feature.id""
})",,5.168094635009766,5.168094635009766,5.168094635009766,5.168094635009766,-9999,28.686777093605606,9,"{""type"":""Point"",""coordinates"":[77.79506862523488,34.26626939078727]}"
240,49.74251303480196,1211,0,0.43338008415147267,-0.38170347003154576,"NL_ee.String({
  ""type"": ""Invocation"",
  ""arguments"": {
    ""element"": {
      ""type"": ""ArgumentRef"",
      ""value"": ""_MAPPING_VAR_0_0""
    }
  },
  ""functionName"": ""Feature.id""
})",,592.082218170166,953.8519554138184,164.10153198242188,457.8451385498047,-9999,2.8680969251417605,7,"{""type"":""Point"",""coordinates"":[76.43789359047251,32.136044948414465]}"
241,79.60479608451168,2260,0,0.2090805902383655,-0.1485874487815398,"NL_ee.String({
  ""type"": ""Invocation"",
  ""arguments"": {
    ""element"": {
      ""type"": ""ArgumentRef"",
      ""value"": ""_MAPPING_VAR_0_0""
    }
  },
  ""functionName"": ""Feature.id""
})",,188.96023559570312,409.3263292312622,47.14598083496094,107.25094985961914,-9999,32.12883837719807,7,"{""type"":""Point"",""coordinates"":[79.45639937766738,30.137261878536037]}"
242,258.2754539992541,4672,0,0.04308897593732513,-0.13589274832419257,"NL_ee.String({
  ""type"": ""Invocation"",
  ""arguments"": {
    ""element"": {
      ""type"": ""ArgumentRef"",
      ""value"": ""_MAPPING_VAR_0_0""
    }
  },
  ""functionName"": ""Feature.id""
})",,8.769622802734375,42.841641902923584,4.344064235687256,4.344064235687256,-9999,4.554653218627118,9,"{""type"":""Point"",""coordinates"":[81.02623370329904,33.88612562542083]}"
243,170.98579069962904,2396,0,0.8885293060050342,-0.7559344700768974,"NL_ee.String({
  ""type"": ""Invocation"",
  ""arguments"": {
    ""element"": {
      ""type"": ""ArgumentRef"",
      ""value"": ""_MAPPING_VAR_0_0""
    }
  },
  ""functionName"": ""Feature.id""
})",,39.973243713378906,241.2441177368164,0.0,19.986621856689453,-9999,20.655165893121023,9,"{""type"":""Point"",""coordinates"":[73.55902894337729,34.693218521986154]}"
244,311.2551940957419,206,0,0.7194712077078198,-0.6352013637332197,"NL_ee.String({
  ""type"": ""Invocation"",
  ""arguments"": {
    ""element"": {
      ""type"": ""ArgumentRef"",
      ""value"": ""_MAPPING_VAR_0_0""
    }
  },
  ""functionName"": ""Feature.id""
})",,159.77186918258667,382.9695477485657,52.30455732345581,69.19592618942261,-9999,1.4062557576447394,7,"{""type"":""Point"",""coordinates"":[78.35771383803475,28.701100417236244]}"
245,107.10619942538233,4207,0,0.2218928164196123,-0.2568613652357495,"NL_ee.String({
  ""type"": ""Invocation"",
  ""arguments"": {
    ""element"": {
      ""type"": ""ArgumentRef"",
      ""value"": ""_MAPPING_VAR_0_0""
    }
  },
  ""functionName"": ""Feature.id""
})",,0.2636593282222748,0.2636593282222748,0.2636593282222748,0.2636593282222748,-9999,33.440870391707605,9,"{""type"":""Point"",""coordinates"":[75.47578801208587,34.846171742688924]}"
246,325.17590531130355,4065,0,0.694516010305484,-0.6308891250442792,"NL_ee.String({
  ""type"": ""Invocation"",
  ""arguments"": {
    ""element"": {
      ""type"": ""ArgumentRef"",
      ""value"": ""_MAPPING_VAR_0_0""
    }
  },
  ""functionName"": ""Feature.id""
})",,92.90316486358643,103.15810108184814,61.42220211029053,84.45552730560303,-9999,48.83551866704285,7,"{""type"":""Point"",""coordinates"":[76.90985863198173,32.575049554283936]}"
247,304.2655001192693,5251,0,0.05919661733615222,-0.08090614886731391,"NL_ee.String({
  ""type"": ""Invocation"",
  ""arguments"": {
    ""element"": {
      ""type"": ""ArgumentRef"",
      ""value"": ""_MAPPING_VAR_0_0""
    }
  },
  ""functionName"": ""Feature.id""
})",,34.33156633377075,51.43283653259277,19.069475650787354,34.33156633377075,-9999,6.560477871619301,9,"{""type"":""Point"",""coordinates"":[80.88763745559763,31.61484962177938]}"
248,289.31896066617804,219,0,0.4802557352388116,-0.36666666666666664,"NL_ee.String({
  ""type"": ""Invocation"",
  ""arguments"": {
    ""element"": {
      ""type"": ""ArgumentRef"",
      ""value"": ""_MAPPING_VAR_0_0""
    }
  },
  ""functionName"": ""Feature.id""
})",,28.20560622215271,182.52506852149963,0.0,2.432767629623413,-9999,5.589312742167229,7,"{""type"":""Point"",""coordinates"":[76.48531116234801,28.786829335817615]}"
249,168.5883960010319,1568,0,0.8578680203045685,-0.701929783771216,"NL_ee.String({
  ""type"": ""Invocation"",
  ""arguments"": {
    ""element"": {
      ""type"": ""ArgumentRef"",
      ""value"": ""_MAPPING_VAR_0_0""
    }
  },
  ""functionName"": ""Feature.id""
})",,387.03662967681885,582.935733795166,131.42406463623047,238.6713638305664,-9999,20.79815349177059,4,"{""type"":""Point"",""coordinates"":[78.24752308923087,30.50197901279409]}"
250,310.5488930816412,247,0,0.4681764935572042,-0.3782991202346041,"NL_ee.String({
  ""type"": ""Invocation"",
  ""arguments"": {
    ""element"": {
      ""type"": ""ArgumentRef"",
      ""value"": ""_MAPPING_VAR_0_0""
    }
  },
  ""functionName"": ""Feature.id""
})",,114.60924911499023,228.14673233032227,0.0,70.78516006469727,-9999,1.4264021273216314,7,"{""type"":""Point"",""coordinates"":[75.90099339071631,31.17862677204059]}"
251,201.6523420289626,398,0,0.6157112526539278,-0.5800674798858033,"NL_ee.String({
  ""type"": ""Invocation"",
  ""arguments"": {
    ""element"": {
      ""type"": ""ArgumentRef"",
      ""value"": ""_MAPPING_VAR_0_0""
    }
  },
  ""functionName"": ""Feature.id""
})",,169.65735626220703,336.02676010131836,45.345523834228516,99.70240783691406,-9999,2.990989663910472,6,"{""type"":""Point"",""coordinates"":[74.29414769922377,32.89570089081679]}"
252,48.94089215045218,237,0,0.811214953271028,-0.7180851063829787,"NL_ee.String({
  ""type"": ""Invocation"",
  ""arguments"": {
    ""element"": {
      ""type"": ""ArgumentRef"",
      ""value"": ""_MAPPING_VAR_0_0""
    }
  },
  ""functionName"": ""Feature.id""
})",,53.265207290649414,240.1061291694641,0.0,4.471480846405029,-9999,1.411770140048009,7,"{""type"":""Point"",""coordinates"":[77.31252704762349,29.413384131948682]}"
253,310.66858205741477,5630,0,-0.05716963448922212,0.06707882534775889,"NL_ee.String({
  ""type"": ""Invocation"",
  ""arguments"": {
    ""element"": {
      ""type"": ""ArgumentRef"",
      ""value"": ""_MAPPING_VAR_0_0""
    }
  },
  ""functionName"": ""Feature.id""
})",,10.608808517456055,10.608808517456055,10.608808517456055,10.608808517456055,-9999,31.840241734034073,9,"{""type"":""Point"",""coordinates"":[77.08629525683023,34.430370148470345]}"
254,97.25249683995082,5130,0,0.2640883977900553,-0.3014789533560865,"NL_ee.String({
  ""type"": ""Invocation"",
  ""arguments"": {
    ""element"": {
      ""type"": ""ArgumentRef"",
      ""value"": ""_MAPPING_VAR_0_0""
    }
  },
  ""functionName"": ""Feature.id""
})",,5.168094635009766,5.168094635009766,5.168094635009766,5.168094635009766,-9999,14.38384187635807,9,"{""type"":""Point"",""coordinates"":[77.80901052234775,34.188508457231556]}"
255,184.28380852230245,4313,0,0.003165988240615106,-0.015102974828375287,"NL_ee.String({
  ""type"": ""Invocation"",
  ""arguments"": {
    ""element"": {
      ""type"": ""ArgumentRef"",
      ""value"": ""_MAPPING_VAR_0_0""
    }
  },
  ""functionName"": ""Feature.id""
})",,0.0,24.6278018951416,0.0,0.0,-9999,57.84667944479859,9,"{""type"":""Point"",""coordinates"":[76.89578113863482,35.17978642695282]}"
256,130.27493775822586,893,0,0.5277207392197125,-0.45525672371638143,"NL_ee.String({
  ""type"": ""Invocation"",
  ""arguments"": {
    ""element"": {
      ""type"": ""ArgumentRef"",
      ""value"": ""_MAPPING_VAR_0_0""
    }
  },
  ""functionName"": ""Feature.id""
})",,526.3190422058105,861.6289043426514,160.4816780090332,391.8060188293457,-9999,2.867067547480793,7,"{""type"":""Point"",""coordinates"":[76.44316263848208,32.07975631674013]}"
257,49.11820178748576,261,0,0.5261031194439955,-0.4876319521033559,"NL_ee.String({
  ""type"": ""Invocation"",
  ""arguments"": {
    ""element"": {
      ""type"": ""ArgumentRef"",
      ""value"": ""_MAPPING_VAR_0_0""
    }
  },
  ""functionName"": ""Feature.id""
})",,58.92913627624512,218.64001846313477,0.0,0.0,-9999,2.8318857871264926,7,"{""type"":""Point"",""coordinates"":[76.92710180779592,30.040456746852666]}"
258,-0.0,227,0,0.7868120971740208,-0.692018779342723,"NL_ee.String({
  ""type"": ""Invocation"",
  ""arguments"": {
    ""element"": {
      ""type"": ""ArgumentRef"",
      ""value"": ""_MAPPING_VAR_0_0""
    }
  },
  ""functionName"": ""Feature.id""
})",,208.66026306152344,456.8211975097656,42.99292755126953,83.71309566497803,-9999,0.0,7,"{""type"":""Point"",""coordinates"":[78.50601183508917,29.17543197558041]}"
259,210.3843115820399,191,0,0.8182989690721649,-0.7259938837920489,"NL_ee.String({
  ""type"": ""Invocation"",
  ""arguments"": {
    ""element"": {
      ""type"": ""ArgumentRef"",
      ""value"": ""_MAPPING_VAR_0_0""
    }
  },
  ""functionName"": ""Feature.id""
})",,31.434865951538086,152.53044033050537,0.0,0.0,-9999,2.1493154424386245,7,"{""type"":""Point"",""coordinates"":[73.48573522776742,31.48639540366274]}"
260,233.869031997382,4792,0,0.13832599118942732,-0.22813688212927757,"NL_ee.String({
  ""type"": ""Invocation"",
  ""arguments"": {
    ""element"": {
      ""type"": ""ArgumentRef"",
      ""value"": ""_MAPPING_VAR_0_0""
    }
  },
  ""functionName"": ""Feature.id""
})",,27.540224075317383,46.83268070220947,20.655168056488037,27.540224075317383,-9999,18.234349968096414,9,"{""type"":""Point"",""coordinates"":[80.48402966257507,31.601439927461364]}"
261,49.65937026387695,212,0,0.7169230769230769,-0.6119402985074627,"NL_ee.String({
  ""type"": ""Invocation"",
  ""arguments"": {
    ""element"": {
      ""type"": ""ArgumentRef"",
      ""value"": ""_MAPPING_VAR_0_0""
    }
  },
  ""functionName"": ""Feature.id""
})",,17.21832847595215,195.64761924743652,10.691783905029297,17.21832847595215,-9999,1.4324950837895365,4,"{""type"":""Point"",""coordinates"":[74.11861645624268,31.866507579967003]}"
262,227.89923875535274,5380,0,0.026009961261759824,-0.10160427807486631,"NL_ee.String({
  ""type"": ""Invocation"",
  ""arguments"": {
    ""element"": {
      ""type"": ""ArgumentRef"",
      ""value"": ""_MAPPING_VAR_0_0""
    }
  },
  ""functionName"": ""Feature.id""
})",,1.35006582736969,9.48410189151764,0.0,1.35006582736969,-9999,30.091559832783872,9,"{""type"":""Point"",""coordinates"":[80.24951334143789,34.07612195699777]}"
263,126.06149410814781,2071,0,0.6548250265111347,-0.556220393916729,"NL_ee.String({
  ""type"": ""Invocation"",
  ""arguments"": {
    ""element"": {
      ""type"": ""ArgumentRef"",
      ""value"": ""_MAPPING_VAR_0_0""
    }
  },
  ""functionName"": ""Feature.id""
})",,201.59886360168457,371.42728996276855,61.91807746887207,147.83971405029297,-9999,19.671753854400343,7,"{""type"":""Point"",""coordinates"":[76.08061573770381,32.83736601052923]}"
264,228.93561985183942,196,0,0.07449700924415444,-0.17061611374407584,"NL_ee.String({
  ""type"": ""Invocation"",
  ""arguments"": {
    ""element"": {
      ""type"": ""ArgumentRef"",
      ""value"": ""_MAPPING_VAR_0_0""
    }
  },
  ""functionName"": ""Feature.id""
})",,7.232385635375977,144.985689163208,0.0,0.0,-9999,8.410506656597905,7,"{""type"":""Point"",""coordinates"":[75.12359712870963,29.394252058825476]}"
265,-0.0,5140,0,-0.8223495702005731,0.95028067361668,"NL_ee.String({
  ""type"": ""Invocation"",
  ""arguments"": {
    ""element"": {
      ""type"": ""ArgumentRef"",
      ""value"": ""_MAPPING_VAR_0_0""
    }
  },
  ""functionName"": ""Feature.id""
})",,1.229459524154663,1.229459524154663,0.0,1.229459524154663,-9999,0.0,,"{""type"":""Point"",""coordinates"":[80.6582724815782,34.647395032592165]}"
266,102.0212959309731,5473,0,0.17547806524184478,-0.22724603640634175,"NL_ee.String({
  ""type"": ""Invocation"",
  ""arguments"": {
    ""element"": {
      ""type"": ""ArgumentRef"",
      ""value"": ""_MAPPING_VAR_0_0""
    }
  },
  ""functionName"": ""Feature.id""
})",,18.972061157226562,18.972061157226562,18.972061157226562,18.972061157226562,-9999,17.270045692696776,9,"{""type"":""Point"",""coordinates"":[80.24212402425758,31.59409058821485]}"
267,106.29649770765195,215,0,0.3883464566929134,-0.3800876643706951,"NL_ee.String({
  ""type"": ""Invocation"",
  ""arguments"": {
    ""element"": {
      ""type"": ""ArgumentRef"",
      ""value"": ""_MAPPING_VAR_0_0""
    }
  },
  ""functionName"": ""Feature.id""
})",,41.78811168670654,152.8356647491455,4.972586631774902,16.037938117980957,-9999,6.581479324436747,4,"{""type"":""Point"",""coordinates"":[77.0135288747488,28.710022961230308]}"
268,52.23173603773204,5177,0,0.05361930294906166,-0.1687732342007435,"NL_ee.String({
  ""type"": ""Invocation"",
  ""arguments"": {
    ""element"": {
      ""type"": ""ArgumentRef"",
      ""value"": ""_MAPPING_VAR_0_0""
    }
  },
  ""functionName"": ""Feature.id""
})",,0.0,0.0,0.0,0.0,-9999,26.66472442877971,9,"{""type"":""Point"",""coordinates"":[79.00814677387528,35.35603395286737]}"
269,270.0,5046,0,0.04212678936605317,-0.17203311867525298,"NL_ee.String({
  ""type"": ""Invocation"",
  ""arguments"": {
    ""element"": {
      ""type"": ""ArgumentRef"",
      ""value"": ""_MAPPING_VAR_0_0""
    }
  },
  ""functionName"": ""Feature.id""
})",,4.649084568023682,18.645053386688232,0.0,0.0,-9999,15.01158921015988,9,"{""type"":""Point"",""coordinates"":[78.82946071566629,32.316600991234665]}"
270,270.0,5031,0,0.160676532769556,-0.2745211839814277,"NL_ee.String({
  ""type"": ""Invocation"",
  ""arguments"": {
    ""element"": {
      ""type"": ""ArgumentRef"",
      ""value"": ""_MAPPING_VAR_0_0""
    }
  },
  ""functionName"": ""Feature.id""
})",,0.0,0.0,0.0,0.0,-9999,5.635889124886551,9,"{""type"":""Point"",""coordinates"":[80.20624641503562,34.89629918891132]}"
271,10.734247369354922,3008,0,0.030256606664113367,-0.011278195488721804,"NL_ee.String({
  ""type"": ""Invocation"",
  ""arguments"": {
    ""element"": {
      ""type"": ""ArgumentRef"",
      ""value"": ""_MAPPING_VAR_0_0""
    }
  },
  ""functionName"": ""Feature.id""
})",,118.40070533752441,205.791166305542,17.40409278869629,71.38265991210938,-9999,38.91489755240495,7,"{""type"":""Point"",""coordinates"":[79.42543217148992,30.54442349976388]}"
272,270.0,180,0,0.5613776861937003,-0.5119726339794755,"NL_ee.String({
  ""type"": ""Invocation"",
  ""arguments"": {
    ""element"": {
      ""type"": ""ArgumentRef"",
      ""value"": ""_MAPPING_VAR_0_0""
    }
  },
  ""functionName"": ""Feature.id""
})",,0.0,135.39901161193848,0.0,0.0,-9999,1.081573250649556,7,"{""type"":""Point"",""coordinates"":[73.55564392779519,30.9701641691127]}"
273,220.48880025302202,1252,0,-0.008858267716535433,0.05711610486891386,"NL_ee.String({
  ""type"": ""Invocation"",
  ""arguments"": {
    ""element"": {
      ""type"": ""ArgumentRef"",
      ""value"": ""_MAPPING_VAR_0_0""
    }
  },
  ""functionName"": ""Feature.id""
})",,305.3181800842285,475.65256118774414,94.1480541229248,213.34669303894043,-9999,35.08410997570126,4,"{""type"":""Point"",""coordinates"":[76.79332535531088,31.58490410554122]}"
274,24.817693697080713,2915,0,0.8008449004224502,-0.7061177815894797,"NL_ee.String({
  ""type"": ""Invocation"",
  ""arguments"": {
    ""element"": {
      ""type"": ""ArgumentRef"",
      ""value"": ""_MAPPING_VAR_0_0""
    }
  },
  ""functionName"": ""Feature.id""
})",,11.945368766784668,52.627387046813965,5.653457164764404,5.653457164764404,-9999,20.532533039633677,7,"{""type"":""Point"",""coordinates"":[75.10798108832125,34.53404318856343]}"
275,239.6434683121676,4736,0,0.009846396218983852,0.008507347254447023,"NL_ee.String({
  ""type"": ""Invocation"",
  ""arguments"": {
    ""element"": {
      ""type"": ""ArgumentRef"",
      ""value"": ""_MAPPING_VAR_0_0""
    }
  },
  ""functionName"": ""Feature.id""
})",,0.0,6.557891368865967,0.0,0.0,-9999,21.025323743950658,9,"{""type"":""Point"",""coordinates"":[76.75132031682584,33.930917583881055]}"
276,101.2170724158247,1162,0,0.6884057971014492,-0.6035788024776325,"NL_ee.String({
  ""type"": ""Invocation"",
  ""arguments"": {
    ""element"": {
      ""type"": ""ArgumentRef"",
      ""value"": ""_MAPPING_VAR_0_0""
    }
  },
  ""functionName"": ""Feature.id""
})",,238.2405014038086,417.10227394104004,77.9648265838623,139.36044883728027,-9999,22.59127057514472,4,"{""type"":""Point"",""coordinates"":[80.11189614541242,29.239239959094803]}"
277,-0.0,2963,0,0.44441959293222993,-0.3417826719301891,"NL_ee.String({
  ""type"": ""Invocation"",
  ""arguments"": {
    ""element"": {
      ""type"": ""ArgumentRef"",
      ""value"": ""_MAPPING_VAR_0_0""
    }
  },
  ""functionName"": ""Feature.id""
})",,34.73879146575928,134.28196048736572,13.350823402404785,13.350823402404785,-9999,32.26516230225997,7,"{""type"":""Point"",""coordinates"":[74.05658410844539,34.37521204348669]}"
278,135.36063131618184,3527,0,0.6372473778459964,-0.5732546705998034,"NL_ee.String({
  ""type"": ""Invocation"",
  ""arguments"": {
    ""element"": {
      ""type"": ""ArgumentRef"",
      ""value"": ""_MAPPING_VAR_0_0""
    }
  },
  ""functionName"": ""Feature.id""
})",,168.6702003479004,227.18088912963867,97.23668670654297,151.18532180786133,-9999,50.3293432757523,9,"{""type"":""Point"",""coordinates"":[76.60447028037608,32.78524634596731]}"
279,80.6660201060917,5427,0,0.02011173184357542,-0.03397508493771234,"NL_ee.String({
  ""type"": ""Invocation"",
  ""arguments"": {
    ""element"": {
      ""type"": ""ArgumentRef"",
      ""value"": ""_MAPPING_VAR_0_0""
    }
  },
  ""functionName"": ""Feature.id""
})",,0.0,0.0,0.0,0.0,-9999,5.699702853472697,9,"{""type"":""Point"",""coordinates"":[80.09701955587536,34.731824942546744]}"
280,181.33125156525634,4840,0,0.010068465565847765,-0.11466666666666667,"NL_ee.String({
  ""type"": ""Invocation"",
  ""arguments"": {
    ""element"": {
      ""type"": ""ArgumentRef"",
      ""value"": ""_MAPPING_VAR_0_0""
    }
  },
  ""functionName"": ""Feature.id""
})",,2.0994728207588196,2.0994728207588196,0.4074769616127014,0.4074769616127014,-9999,39.549866817004144,9,"{""type"":""Point"",""coordinates"":[77.96016453083058,32.46158864009159]}"
281,180.0,262,0,0.6759493670886076,-0.5916649969945903,"NL_ee.String({
  ""type"": ""Invocation"",
  ""arguments"": {
    ""element"": {
      ""type"": ""ArgumentRef"",
      ""value"": ""_MAPPING_VAR_0_0""
    }
  },
  ""functionName"": ""Feature.id""
})",,30.186240196228027,176.69521474838257,0.0,9.412863731384277,-9999,1.8543341688414132,4,"{""type"":""Point"",""coordinates"":[76.06251475352644,30.56283529560788]}"
282,296.61314167055605,5069,0,0.1105092091007584,-0.19603267211201866,"NL_ee.String({
  ""type"": ""Invocation"",
  ""arguments"": {
    ""element"": {
      ""type"": ""ArgumentRef"",
      ""value"": ""_MAPPING_VAR_0_0""
    }
  },
  ""functionName"": ""Feature.id""
})",,5.899124622344971,9.034607172012329,2.2150509357452393,2.2150509357452393,-9999,38.484655879519885,9,"{""type"":""Point"",""coordinates"":[80.01036883552982,32.5766132502049]}"
283,158.85600560560346,259,0,0.7993647432503971,-0.682256867112101,"NL_ee.String({
  ""type"": ""Invocation"",
  ""arguments"": {
    ""element"": {
      ""type"": ""ArgumentRef"",
      ""value"": ""_MAPPING_VAR_0_0""
    }
  },
  ""functionName"": ""Feature.id""
})",,59.90328025817871,216.95333671569824,0.0,24.1262149810791,-9999,2.9806276044060813,4,"{""type"":""Point"",""coordinates"":[76.42250801772136,30.471372142582766]}"
284,201.5517514912753,332,0,0.34421052631578947,-0.30505876341338783,"NL_ee.String({
  ""type"": ""Invocation"",
  ""arguments"": {
    ""element"": {
      ""type"": ""ArgumentRef"",
      ""value"": ""_MAPPING_VAR_0_0""
    }
  },
  ""functionName"": ""Feature.id""
})",,207.3940315246582,527.7252788543701,0.0,93.1083869934082,-9999,2.9889148857514827,7,"{""type"":""Point"",""coordinates"":[75.34654057197588,32.43712638681252]}"
285,-0.0,4316,0,0.17333333333333334,-0.2687950566426365,"NL_ee.String({
  ""type"": ""Invocation"",
  ""arguments"": {
    ""element"": {
      ""type"": ""ArgumentRef"",
      ""value"": ""_MAPPING_VAR_0_0""
    }
  },
  ""functionName"": ""Feature.id""
})",,28.578494548797607,72.61389493942261,18.884872913360596,18.884872913360596,-9999,12.769178384097833,9,"{""type"":""Point"",""coordinates"":[81.07229009620984,30.328580922556334]}"
286,131.03113015968938,252,0,0.7637051039697542,-0.6642140468227424,"NL_ee.String({
  ""type"": ""Invocation"",
  ""arguments"": {
    ""element"": {
      ""type"": ""ArgumentRef"",
      ""value"": ""_MAPPING_VAR_0_0""
    }
  },
  ""functionName"": ""Feature.id""
})",,217.54088973999023,509.52620124816895,49.37374305725098,116.72748756408691,-9999,1.4125618122195798,7,"{""type"":""Point"",""coordinates"":[78.22327657068709,29.51338670678138]}"
287,113.29738356818224,252,0,0.7467532467532467,-0.6553846153846153,"NL_ee.String({
  ""type"": ""Invocation"",
  ""arguments"": {
    ""element"": {
      ""type"": ""ArgumentRef"",
      ""value"": ""_MAPPING_VAR_0_0""
    }
  },
  ""functionName"": ""Feature.id""
})",,0.0,185.83121538162231,0.0,0.0,-9999,2.3437805146658137,4,"{""type"":""Point"",""coordinates"":[75.9934547960638,30.545443461050883]}"
288,-0.0,226,0,0.3992277992277992,-0.3323529411764706,"NL_ee.String({
  ""type"": ""Invocation"",
  ""arguments"": {
    ""element"": {
      ""type"": ""ArgumentRef"",
      ""value"": ""_MAPPING_VAR_0_0""
    }
  },
  ""functionName"": ""Feature.id""
})",,46.855712890625,166.9417245388031,10.400276184082031,10.400276184082031,-9999,1.8543341688295631,7,"{""type"":""Point"",""coordinates"":[76.41601095386866,29.251981118900936]}"
289,329.4735914052686,212,0,0.5300823305889804,-0.4355317884729649,"NL_ee.String({
  ""type"": ""Invocation"",
  ""arguments"": {
    ""element"": {
      ""type"": ""ArgumentRef"",
      ""value"": ""_MAPPING_VAR_0_0""
    }
  },
  ""functionName"": ""Feature.id""
})",,17.29932451248169,194.14157438278198,11.051839828491211,17.29932451248169,-9999,2.1524490563707634,7,"{""type"":""Point"",""coordinates"":[74.06678522925726,32.011943051661234]}"
290,-0.0,224,0,0.7190775681341719,-0.5819935691318328,"NL_ee.String({
  ""type"": ""Invocation"",
  ""arguments"": {
    ""element"": {
      ""type"": ""ArgumentRef"",
      ""value"": ""_MAPPING_VAR_0_0""
    }
  },
  ""functionName"": ""Feature.id""
})",,264.4486246109009,492.89421558380127,73.14465522766113,153.9151210784912,-9999,0.0,7,"{""type"":""Point"",""coordinates"":[78.65817212718366,29.37778262099642]}"
291,239.11574435605402,4902,0,0.07755102040816327,-0.17110266159695817,"NL_ee.String({
  ""type"": ""Invocation"",
  ""arguments"": {
    ""element"": {
      ""type"": ""ArgumentRef"",
      ""value"": ""_MAPPING_VAR_0_0""
    }
  },
  ""functionName"": ""Feature.id""
})",,4.1963958740234375,68.5775146484375,0.0,0.0,-9999,40.41376168473109,9,"{""type"":""Point"",""coordinates"":[75.6114690112249,34.9513247720839]}"
292,231.19582737697837,4787,0,0.005681818181818182,0.0056179775280898875,"NL_ee.String({
  ""type"": ""Invocation"",
  ""arguments"": {
    ""element"": {
      ""type"": ""ArgumentRef"",
      ""value"": ""_MAPPING_VAR_0_0""
    }
  },
  ""functionName"": ""Feature.id""
})",,5.8596649169921875,5.8596649169921875,5.8596649169921875,5.8596649169921875,-9999,42.117144534663126,9,"{""type"":""Point"",""coordinates"":[78.1804958027707,34.19631085421935]}"
293,147.2630705941595,3775,0,-0.03517151541467651,0.06046511627906977,"NL_ee.String({
  ""type"": ""Invocation"",
  ""arguments"": {
    ""element"": {
      ""type"": ""ArgumentRef"",
      ""value"": ""_MAPPING_VAR_0_0""
    }
  },
  ""functionName"": ""Feature.id""
})",,35.44789123535156,64.58055114746094,0.0,0.0,-9999,39.608251945863266,7,"{""type"":""Point"",""coordinates"":[81.22083749664382,29.754455369779297]}"
294,180.0,214,0,0.24044585987261147,-0.25493354812726543,"NL_ee.String({
  ""type"": ""Invocation"",
  ""arguments"": {
    ""element"": {
      ""type"": ""ArgumentRef"",
      ""value"": ""_MAPPING_VAR_0_0""
    }
  },
  ""functionName"": ""Feature.id""
})",,0.0,137.75576448440552,0.0,0.0,-9999,2.7802885155287553,7,"{""type"":""Point"",""coordinates"":[75.69839311617835,29.42136437317312]}"
295,-0.0,362,0,0.8889952153110048,-0.7574004006231916,"NL_ee.String({
  ""type"": ""Invocation"",
  ""arguments"": {
    ""element"": {
      ""type"": ""ArgumentRef"",
      ""value"": ""_MAPPING_VAR_0_0""
    }
  },
  ""functionName"": ""Feature.id""
})",,314.73055696487427,508.41766023635864,95.48292541503906,152.76733827590942,-9999,0.9274099368670311,4,"{""type"":""Point"",""coordinates"":[79.28331078238324,29.284200474319423]}"
296,-0.0,211,0,0.4275782155272306,-0.36812881732370906,"NL_ee.String({
  ""type"": ""Invocation"",
  ""arguments"": {
    ""element"": {
      ""type"": ""ArgumentRef"",
      ""value"": ""_MAPPING_VAR_0_0""
    }
  },
  ""functionName"": ""Feature.id""
})",,16.32852268218994,216.8848066329956,9.273098945617676,16.32852268218994,-9999,0.0,7,"{""type"":""Point"",""coordinates"":[74.12731396592258,31.838212380531314]}"
297,69.73304576816159,1415,0,0.7874622862889709,-0.694312043215761,"NL_ee.String({
  ""type"": ""Invocation"",
  ""arguments"": {
    ""element"": {
      ""type"": ""ArgumentRef"",
      ""value"": ""_MAPPING_VAR_0_0""
    }
  },
  ""functionName"": ""Feature.id""
})",,117.66776084899902,453.49039459228516,40.71921920776367,54.00473594665527,-9999,20.498622663799505,7,"{""type"":""Point"",""coordinates"":[73.9037772164304,33.81646659641644]}"
298,113.0919810948595,232,0,0.6943099273607748,-0.6100086281276963,"NL_ee.String({
  ""type"": ""Invocation"",
  ""arguments"": {
    ""element"": {
      ""type"": ""ArgumentRef"",
      ""value"": ""_MAPPING_VAR_0_0""
    }
  },
  ""functionName"": ""Feature.id""
})",,97.92155456542969,323.8015365600586,0.0,32.427555084228516,-9999,2.3634498145010627,7,"{""type"":""Point"",""coordinates"":[75.53209521217964,31.488695743902326]}"
299,200.90131770727984,236,0,0.15474794841735054,-0.2115621156211562,"NL_ee.String({
  ""type"": ""Invocation"",
  ""arguments"": {
    ""element"": {
      ""type"": ""ArgumentRef"",
      ""value"": ""_MAPPING_VAR_0_0""
    }
  },
  ""functionName"": ""Feature.id""
})",,265.62735080718994,465.2483835220337,68.6489028930664,144.9368085861206,-9999,2.9757884548518807,7,"{""type"":""Point"",""coordinates"":[78.95799231633767,29.20811104548923]}"
300,310.3236578504594,5141,0,0.1643835616438356,-0.26528442317916,"NL_ee.String({
  ""type"": ""Invocation"",
  ""arguments"": {
    ""element"": {
      ""type"": ""ArgumentRef"",
      ""value"": ""_MAPPING_VAR_0_0""
    }
  },
  ""functionName"": ""Feature.id""
})",,0.0,12.992057800292969,0.0,0.0,-9999,1.432994743092104,9,"{""type"":""Point"",""coordinates"":[79.02815148644733,31.92157454188021]}"
301,204.70358957246083,508,0,0.8871377732587697,-0.7062744196736382,"NL_ee.String({
  ""type"": ""Invocation"",
  ""arguments"": {
    ""element"": {
      ""type"": ""ArgumentRef"",
      ""value"": ""_MAPPING_VAR_0_0""
    }
  },
  ""functionName"": ""Feature.id""
})",,272.8912172317505,558.8280611038208,56.52257537841797,170.8619899749756,-9999,14.964072904194365,7,"{""type"":""Point"",""coordinates"":[78.59813490839652,29.597262786660767]}"
302,247.52487170915998,1592,0,0.8032596041909197,-0.7419173460781557,"NL_ee.String({
  ""type"": ""Invocation"",
  ""arguments"": {
    ""element"": {
      ""type"": ""ArgumentRef"",
      ""value"": ""_MAPPING_VAR_0_0""
    }
  },
  ""functionName"": ""Feature.id""
})",,22.591490745544434,115.814528465271,11.2053861618042,15.000754356384277,-9999,2.4247449039530817,7,"{""type"":""Point"",""coordinates"":[74.86957873273771,34.166179738579075]}"
303,61.423595635957085,5233,0,-0.00712294828120161,0.01596071209330878,"NL_ee.String({
  ""type"": ""Invocation"",
  ""arguments"": {
    ""element"": {
      ""type"": ""ArgumentRef"",
      ""value"": ""_MAPPING_VAR_0_0""
    }
  },
  ""functionName"": ""Feature.id""
})",,49.51071357727051,62.65572738647461,32.408565521240234,32.408565521240234,-9999,13.327440735788823,9,"{""type"":""Point"",""coordinates"":[79.6197602941213,31.137161872100993]}"
304,227.99150304597515,5038,0,0.06232408524326498,-0.09900166389351081,"NL_ee.String({
  ""type"": ""Invocation"",
  ""arguments"": {
    ""element"": {
      ""type"": ""ArgumentRef"",
      ""value"": ""_MAPPING_VAR_0_0""
    }
  },
  ""functionName"": ""Feature.id""
})",,42.0411376953125,92.07218551635742,23.023380279541016,23.023380279541016,-9999,26.928449947826607,9,"{""type"":""Point"",""coordinates"":[79.7378255254946,30.931550645552342]}"
305,326.1215998065434,764,0,0.6469120399251403,-0.5644444444444444,"NL_ee.String({
  ""type"": ""Invocation"",
  ""arguments"": {
    ""element"": {
      ""type"": ""ArgumentRef"",
      ""value"": ""_MAPPING_VAR_0_0""
    }
  },
  ""functionName"": ""Feature.id""
})",,292.0509376525879,434.04455184936523,92.5526351928711,215.88071823120117,-9999,7.7720927372423425,7,"{""type"":""Point"",""coordinates"":[76.54513767366622,31.671954691833765]}"
306,137.04359506627364,3070,0,0.60546875,-0.5288282703037818,"NL_ee.String({
  ""type"": ""Invocation"",
  ""arguments"": {
    ""element"": {
      ""type"": ""ArgumentRef"",
      ""value"": ""_MAPPING_VAR_0_0""
    }
  },
  ""functionName"": ""Feature.id""
})",,30.460509300231934,159.95774745941162,12.071837425231934,15.941758632659912,-9999,29.902161343833615,9,"{""type"":""Point"",""coordinates"":[75.18472617063607,34.293941428584226]}"
307,311.2608462930185,218,0,0.06831022085259374,-0.12129380053908356,"NL_ee.String({
  ""type"": ""Invocation"",
  ""arguments"": {
    ""element"": {
      ""type"": ""ArgumentRef"",
      ""value"": ""_MAPPING_VAR_0_0""
    }
  },
  ""functionName"": ""Feature.id""
})",,48.421613693237305,169.39995050430298,7.181158065795898,18.540607452392578,-9999,4.211538673079232,7,"{""type"":""Point"",""coordinates"":[77.05045461323127,28.680139957516342]}"
308,10.29007719266364,5554,0,0.056910569105691054,-0.10565914295060516,"NL_ee.String({
  ""type"": ""Invocation"",
  ""arguments"": {
    ""element"": {
      ""type"": ""ArgumentRef"",
      ""value"": ""_MAPPING_VAR_0_0""
    }
  },
  ""functionName"": ""Feature.id""
})",,25.86686134338379,64.39495658874512,16.190185546875,16.190185546875,-9999,12.072589464153811,9,"{""type"":""Point"",""coordinates"":[78.85783930996263,32.07071144763953]}"
309,300.37666958724185,228,0,0.01499825601674224,-0.02464788732394366,"NL_ee.String({
  ""type"": ""Invocation"",
  ""arguments"": {
    ""element"": {
      ""type"": ""ArgumentRef"",
      ""value"": ""_MAPPING_VAR_0_0""
    }
  },
  ""functionName"": ""Feature.id""
})",,3.2122106552124023,150.09761333465576,0.0,3.2122106552124023,-9999,3.6632739303162847,9,"{""type"":""Point"",""coordinates"":[74.20553497728248,28.45104128689031]}"
310,204.34136747738367,571,0,0.8245614035087719,-0.6945595139464237,"NL_ee.String({
  ""type"": ""Invocation"",
  ""arguments"": {
    ""element"": {
      ""type"": ""ArgumentRef"",
      ""value"": ""_MAPPING_VAR_0_0""
    }
  },
  ""functionName"": ""Feature.id""
})",,286.8927936553955,495.34363746643066,0.0,203.7069320678711,-9999,13.005710022780713,4,"{""type"":""Point"",""coordinates"":[76.36688190598751,31.767580561529297]}"
311,81.55098970157262,3240,0,0.13983440662373506,-0.18225190839694658,"NL_ee.String({
  ""type"": ""Invocation"",
  ""arguments"": {
    ""element"": {
      ""type"": ""ArgumentRef"",
      ""value"": ""_MAPPING_VAR_0_0""
    }
  },
  ""functionName"": ""Feature.id""
})",,52.74167251586914,163.42420387268066,23.94623374938965,23.94623374938965,-9999,12.426431195883406,9,"{""type"":""Point"",""coordinates"":[74.69223111870943,35.21664079428603]}"
312,-0.0,4628,0,0.2,-0.2831505483549352,"NL_ee.String({
  ""type"": ""Invocation"",
  ""arguments"": {
    ""element"": {
      ""type"": ""ArgumentRef"",
      ""value"": ""_MAPPING_VAR_0_0""
    }
  },
  ""functionName"": ""Feature.id""
})",,16.30634880065918,63.36921310424805,12.006837844848633,12.006837844848633,-9999,0.9274099368670311,9,"{""type"":""Point"",""coordinates"":[81.20216384991984,30.96488741585838]}"
313,240.41277934860278,202,0,0.5579370395177495,-0.491025641025641,"NL_ee.String({
  ""type"": ""Invocation"",
  ""arguments"": {
    ""element"": {
      ""type"": ""ArgumentRef"",
      ""value"": ""_MAPPING_VAR_0_0""
    }
  },
  ""functionName"": ""Feature.id""
})",,16.715871810913086,192.47090530395508,9.296263694763184,16.715871810913086,-9999,3.75157059845677,7,"{""type"":""Point"",""coordinates"":[74.0841301046777,31.605527198156587]}"
314,258.9742355144503,5681,0,0.10817307692307693,-0.24678837052062205,"NL_ee.String({
  ""type"": ""Invocation"",
  ""arguments"": {
    ""element"": {
      ""type"": ""ArgumentRef"",
      ""value"": ""_MAPPING_VAR_0_0""
    }
  },
  ""functionName"": ""Feature.id""
})",,0.0,1.525072693824768,0.0,0.0,-9999,30.646417454266075,9,"{""type"":""Point"",""coordinates"":[78.5761929199199,33.3778801881576]}"
315,346.68982232533375,429,0,0.02231237322515213,-0.11160123511248346,"NL_ee.String({
  ""type"": ""Invocation"",
  ""arguments"": {
    ""element"": {
      ""type"": ""ArgumentRef"",
      ""value"": ""_MAPPING_VAR_0_0""
    }
  },
  ""functionName"": ""Feature.id""
})",,363.01046562194824,723.7125587463379,84.36156463623047,274.3667163848877,-9999,4.754521251012653,7,"{""type"":""Point"",""coordinates"":[75.84284833123533,32.286362489419595]}"
316,204.58131564881518,5202,0,0.11750405186385737,-0.20594665500655882,"NL_ee.String({
  ""type"": ""Invocation"",
  ""arguments"": {
    ""element"": {
      ""type"": ""ArgumentRef"",
      ""value"": ""_MAPPING_VAR_0_0""
    }
  },
  ""functionName"": ""Feature.id""
})",,0.0,0.0,0.0,0.0,-9999,8.104902726344974,9,"{""type"":""Point"",""coordinates"":[80.03228009770235,34.93742124884327]}"
317,184.10075409405346,4224,0,0.022252191503708697,-0.08285714285714285,"NL_ee.String({
  ""type"": ""Invocation"",
  ""arguments"": {
    ""element"": {
      ""type"": ""ArgumentRef"",
      ""value"": ""_MAPPING_VAR_0_0""
    }
  },
  ""functionName"": ""Feature.id""
})",,8.025929927825928,19.96395254135132,4.7976202964782715,4.7976202964782715,-9999,28.17205801927545,9,"{""type"":""Point"",""coordinates"":[78.67469806100465,32.291282510717146]}"
318,209.65464244289737,182,0,0.29237697008684466,-0.2824768592403447,"NL_ee.String({
  ""type"": ""Invocation"",
  ""arguments"": {
    ""element"": {
      ""type"": ""ArgumentRef"",
      ""value"": ""_MAPPING_VAR_0_0""
    }
  },
  ""functionName"": ""Feature.id""
})",,178.59300136566162,320.8993043899536,48.095601081848145,88.94293308258057,-9999,2.1335722920484392,7,"{""type"":""Point"",""coordinates"":[79.76096137204229,28.573130450965166]}"
319,291.59438510701267,466,0,0.9132369299221357,-0.7145135566188198,"NL_ee.String({
  ""type"": ""Invocation"",
  ""arguments"": {
    ""element"": {
      ""type"": ""ArgumentRef"",
      ""value"": ""_MAPPING_VAR_0_0""
    }
  },
  ""functionName"": ""Feature.id""
})",,310.8347110748291,512.7214488983154,79.65385437011719,166.41495418548584,-9999,12.403186050888525,7,"{""type"":""Point"",""coordinates"":[78.97092204290765,29.449211477162553]}"
320,90.0,238,0,0.7428432799611839,-0.6465734586293834,"NL_ee.String({
  ""type"": ""Invocation"",
  ""arguments"": {
    ""element"": {
      ""type"": ""ArgumentRef"",
      ""value"": ""_MAPPING_VAR_0_0""
    }
  },
  ""functionName"": ""Feature.id""
})",,42.95392608642578,169.64553117752075,0.0,0.0,-9999,1.066369175289449,7,"{""type"":""Point"",""coordinates"":[76.63146130899885,29.580255319514652]}"
321,168.68750024812914,1625,0,0.13209831698752875,-0.08180030082147402,"NL_ee.String({
  ""type"": ""Invocation"",
  ""arguments"": {
    ""element"": {
      ""type"": ""ArgumentRef"",
      ""value"": ""_MAPPING_VAR_0_0""
    }
  },
  ""functionName"": ""Feature.id""
})",,202.6767454147339,445.5644540786743,53.793033599853516,108.29786682128906,-9999,40.64417633552976,4,"{""type"":""Point"",""coordinates"":[79.65301197655528,30.096323157841972]}"
322,-0.0,187,0,0.5844544095665172,-0.5429403202328966,"NL_ee.String({
  ""type"": ""Invocation"",
  ""arguments"": {
    ""element"": {
      ""type"": ""ArgumentRef"",
      ""value"": ""_MAPPING_VAR_0_0""
    }
  },
  ""functionName"": ""Feature.id""
})",,0.0,132.6591968536377,0.0,0.0,-9999,3.704791833671086,7,"{""type"":""Point"",""coordinates"":[74.37745976318315,29.68506313701439]}"
323,137.35903653843684,4570,0,0.13822975517890773,-0.23498161013485902,"NL_ee.String({
  ""type"": ""Invocation"",
  ""arguments"": {
    ""element"": {
      ""type"": ""ArgumentRef"",
      ""value"": ""_MAPPING_VAR_0_0""
    }
  },
  ""functionName"": ""Feature.id""
})",,2.406682848930359,2.406682848930359,1.1009728908538818,1.3211674690246582,-9999,25.832931284950234,9,"{""type"":""Point"",""coordinates"":[77.48649582773996,32.95154329362402]}"
324,13.372609371530551,311,0,0.6900935476133365,-0.6205151793928243,"NL_ee.String({
  ""type"": ""Invocation"",
  ""arguments"": {
    ""element"": {
      ""type"": ""ArgumentRef"",
      ""value"": ""_MAPPING_VAR_0_0""
    }
  },
  ""functionName"": ""Feature.id""
})",,130.91115951538086,282.33096504211426,0.0,0.0,-9999,4.75574439519989,4,"{""type"":""Point"",""coordinates"":[73.46444444973685,32.72271431216179]}"
325,90.0,3754,0,0.45289737779216577,-0.4389227316447579,"NL_ee.String({
  ""type"": ""Invocation"",
  ""arguments"": {
    ""element"": {
      ""type"": ""ArgumentRef"",
      ""value"": ""_MAPPING_VAR_0_0""
    }
  },
  ""functionName"": ""Feature.id""
})",,152.62398147583008,483.8656578063965,54.91130065917969,54.91130065917969,-9999,13.11218675005628,7,"{""type"":""Point"",""coordinates"":[74.50952774839098,33.49321233848229]}"
326,263.6709796005124,3963,0,0.06920415224913495,-0.05641025641025641,"NL_ee.String({
  ""type"": ""Invocation"",
  ""arguments"": {
    ""element"": {
      ""type"": ""ArgumentRef"",
      ""value"": ""_MAPPING_VAR_0_0""
    }
  },
  ""functionName"": ""Feature.id""
})",,139.43825435638428,286.11836528778076,18.108356475830078,64.68140983581543,-9999,36.286893704533576,9,"{""type"":""Point"",""coordinates"":[80.43342245733994,30.102714202315514]}"
327,285.71932549324833,5317,0,0.04263565891472868,-0.150392017106201,"NL_ee.String({
  ""type"": ""Invocation"",
  ""arguments"": {
    ""element"": {
      ""type"": ""ArgumentRef"",
      ""value"": ""_MAPPING_VAR_0_0""
    }
  },
  ""functionName"": ""Feature.id""
})",,7.099470138549805,38.411972999572754,0.0,0.0,-9999,30.858307153043114,9,"{""type"":""Point"",""coordinates"":[78.8683382248958,32.39717433783562]}"
328,50.72433254489637,3515,0,0.8054818744473917,-0.703796412181894,"NL_ee.String({
  ""type"": ""Invocation"",
  ""arguments"": {
    ""element"": {
      ""type"": ""ArgumentRef"",
      ""value"": ""_MAPPING_VAR_0_0""
    }
  },
  ""functionName"": ""Feature.id""
})",,41.930171966552734,152.81922340393066,41.930171966552734,41.930171966552734,-9999,12.960323155718832,9,"{""type"":""Point"",""coordinates"":[74.31905447786444,35.136676252622884]}"
329,49.23412336535059,4940,0,0.0963855421686747,-0.16897233201581027,"NL_ee.String({
  ""type"": ""Invocation"",
  ""arguments"": {
    ""element"": {
      ""type"": ""ArgumentRef"",
      ""value"": ""_MAPPING_VAR_0_0""
    }
  },
  ""functionName"": ""Feature.id""
})",,21.44336748123169,76.7076187133789,13.578445434570312,13.578445434570312,-9999,21.636049497832914,9,"{""type"":""Point"",""coordinates"":[80.94144716185554,30.442371096941564]}"
330,49.68684973955796,220,0,-0.04679144385026738,-0.0077738515901060075,"NL_ee.String({
  ""type"": ""Invocation"",
  ""arguments"": {
    ""element"": {
      ""type"": ""ArgumentRef"",
      ""value"": ""_MAPPING_VAR_0_0""
    }
  },
  ""functionName"": ""Feature.id""
})",,35.37909698486328,286.1278839111328,8.727043151855469,8.727043151855469,-9999,9.934456144686441,7,"{""type"":""Point"",""coordinates"":[74.64182837901963,31.955896044926348]}"
331,270.0,244,0,0.4549583648750946,-0.35830388692579507,"NL_ee.String({
  ""type"": ""Invocation"",
  ""arguments"": {
    ""element"": {
      ""type"": ""ArgumentRef"",
      ""value"": ""_MAPPING_VAR_0_0""
    }
  },
  ""functionName"": ""Feature.id""
})",,131.92715454101562,466.1805877685547,0.0,23.131004333496094,-9999,1.0914406904231375,7,"{""type"":""Point"",""coordinates"":[75.06966471769071,31.822647555748052]}"
332,180.0,224,0,0.34972341733251383,-0.2737819025522042,"NL_ee.String({
  ""type"": ""Invocation"",
  ""arguments"": {
    ""element"": {
      ""type"": ""ArgumentRef"",
      ""value"": ""_MAPPING_VAR_0_0""
    }
  },
  ""functionName"": ""Feature.id""
})",,35.443148612976074,234.62262058258057,9.402297019958496,15.394028186798096,-9999,0.9274099368729609,7,"{""type"":""Point"",""coordinates"":[74.45129900344556,32.0931477349947]}"
333,48.731248582241925,226,0,0.06940253470126735,-0.21849750730617157,"NL_ee.String({
  ""type"": ""Invocation"",
  ""arguments"": {
    ""element"": {
      ""type"": ""ArgumentRef"",
      ""value"": ""_MAPPING_VAR_0_0""
    }
  },
  ""functionName"": ""Feature.id""
})",,6.809905529022217,178.15495443344116,0.0,0.0,-9999,1.4058766943996697,9,"{""type"":""Point"",""coordinates"":[74.9694740512695,28.651175849944856]}"
334,276.30435369221556,4584,0,0.20353238015138772,-0.25526315789473686,"NL_ee.String({
  ""type"": ""Invocation"",
  ""arguments"": {
    ""element"": {
      ""type"": ""ArgumentRef"",
      ""value"": ""_MAPPING_VAR_0_0""
    }
  },
  ""functionName"": ""Feature.id""
})",,4.7729172706604,4.7729172706604,4.7729172706604,4.7729172706604,-9999,16.427245564220247,9,"{""type"":""Point"",""coordinates"":[77.85128346945636,34.04636641682221]}"
335,106.61448607543616,5808,0,-0.05831719388853023,0.045097468722723306,"NL_ee.String({
  ""type"": ""Invocation"",
  ""arguments"": {
    ""element"": {
      ""type"": ""ArgumentRef"",
      ""value"": ""_MAPPING_VAR_0_0""
    }
  },
  ""functionName"": ""Feature.id""
})",,0.0,12.201048851013184,0.0,0.0,-9999,12.759832329454314,,"{""type"":""Point"",""coordinates"":[78.00733764133287,34.85828506217224]}"
336,195.8510037409383,182,0,0.0903816112474894,-0.21997503121098627,"NL_ee.String({
  ""type"": ""Invocation"",
  ""arguments"": {
    ""element"": {
      ""type"": ""ArgumentRef"",
      ""value"": ""_MAPPING_VAR_0_0""
    }
  },
  ""functionName"": ""Feature.id""
})",,114.85114002227783,288.58375549316406,35.61666488647461,41.12693500518799,-9999,3.85080185606824,7,"{""type"":""Point"",""coordinates"":[78.45881289235547,28.298455142802126]}"
337,65.95570560120113,5347,0,0.07328933657519972,-0.23798076923076922,"NL_ee.String({
  ""type"": ""Invocation"",
  ""arguments"": {
    ""element"": {
      ""type"": ""ArgumentRef"",
      ""value"": ""_MAPPING_VAR_0_0""
    }
  },
  ""functionName"": ""Feature.id""
})",,13.344035863876343,46.265902280807495,2.734626054763794,13.344035863876343,-9999,32.443415554822515,9,"{""type"":""Point"",""coordinates"":[81.12453461994275,33.22323141819701]}"
338,227.5798357666483,2968,0,0.8205736467543671,-0.6870503597122302,"NL_ee.String({
  ""type"": ""Invocation"",
  ""arguments"": {
    ""element"": {
      ""type"": ""ArgumentRef"",
      ""value"": ""_MAPPING_VAR_0_0""
    }
  },
  ""functionName"": ""Feature.id""
})",,52.67913818359375,190.07901763916016,20.299697875976562,36.489418029785156,-9999,26.74565347167236,7,"{""type"":""Point"",""coordinates"":[73.90651324137293,34.23424125645107]}"
339,27.565845774632702,2108,0,0.05890458146744747,-0.001955671447196871,"NL_ee.String({
  ""type"": ""Invocation"",
  ""arguments"": {
    ""element"": {
      ""type"": ""ArgumentRef"",
      ""value"": ""_MAPPING_VAR_0_0""
    }
  },
  ""functionName"": ""Feature.id""
})",,301.64379501342773,470.60147857666016,114.65503692626953,211.64684677124023,-9999,27.903965888215236,7,"{""type"":""Point"",""coordinates"":[78.03502005388255,30.827045870045247]}"
340,129.79843802533145,2228,0,0.09818846095296088,-0.11138499460791866,"NL_ee.String({
  ""type"": ""Invocation"",
  ""arguments"": {
    ""element"": {
      ""type"": ""ArgumentRef"",
      ""value"": ""_MAPPING_VAR_0_0""
    }
  },
  ""functionName"": ""Feature.id""
})",,33.86416006088257,112.38894987106323,11.439860343933105,25.708713054656982,-9999,25.664647993692288,7,"{""type"":""Point"",""coordinates"":[75.26034664749878,33.5793522365118]}"
341,102.06240813423456,231,0,0.4777998674618953,-0.4231014677728143,"NL_ee.String({
  ""type"": ""Invocation"",
  ""arguments"": {
    ""element"": {
      ""type"": ""ArgumentRef"",
      ""value"": ""_MAPPING_VAR_0_0""
    }
  },
  ""functionName"": ""Feature.id""
})",,27.512357711791992,216.58415985107422,0.0,0.0,-9999,4.429399071476514,7,"{""type"":""Point"",""coordinates"":[75.54360995787354,31.264256383788062]}"
342,164.57588195609387,4001,0,0.017769002961500493,-0.06563307493540052,"NL_ee.String({
  ""type"": ""Invocation"",
  ""arguments"": {
    ""element"": {
      ""type"": ""ArgumentRef"",
      ""value"": ""_MAPPING_VAR_0_0""
    }
  },
  ""functionName"": ""Feature.id""
})",,24.880659103393555,44.89585304260254,24.880659103393555,24.880659103393555,-9999,15.932659380286536,9,"{""type"":""Point"",""coordinates"":[79.62000222021435,31.479332088115708]}"
343,29.740309376797562,198,0,0.11643719190889003,-0.1976659372720642,"NL_ee.String({
  ""type"": ""Invocation"",
  ""arguments"": {
    ""element"": {
      ""type"": ""ArgumentRef"",
      ""value"": ""_MAPPING_VAR_0_0""
    }
  },
  ""functionName"": ""Feature.id""
})",,9.039253234863281,138.2955985069275,0.0,0.0,-9999,2.1353907722111867,6,"{""type"":""Point"",""coordinates"":[73.98706003329964,28.935878665952917]}"
344,344.0017715804713,205,0,0.11943793911007025,-0.23554119547657512,"NL_ee.String({
  ""type"": ""Invocation"",
  ""arguments"": {
    ""element"": {
      ""type"": ""ArgumentRef"",
      ""value"": ""_MAPPING_VAR_0_0""
    }
  },
  ""functionName"": ""Feature.id""
})",,0.0,122.54569244384766,0.0,0.0,-9999,3.853617604787977,6,"{""type"":""Point"",""coordinates"":[74.87122088605088,29.313411423459005]}"
345,310.44072059106225,4844,0,0.03785488958990536,-0.009718670076726343,"NL_ee.String({
  ""type"": ""Invocation"",
  ""arguments"": {
    ""element"": {
      ""type"": ""ArgumentRef"",
      ""value"": ""_MAPPING_VAR_0_0""
    }
  },
  ""functionName"": ""Feature.id""
})",,35.61687088012695,63.7623233795166,26.712653160095215,35.61687088012695,-9999,4.281576524878885,9,"{""type"":""Point"",""coordinates"":[80.63500781944164,31.53815692599376]}"
346,217.18816730870088,5059,0,0.006802721088435374,-0.052132701421800945,"NL_ee.String({
  ""type"": ""Invocation"",
  ""arguments"": {
    ""element"": {
      ""type"": ""ArgumentRef"",
      ""value"": ""_MAPPING_VAR_0_0""
    }
  },
  ""functionName"": ""Feature.id""
})",,0.0,0.0,0.0,0.0,-9999,31.366085260307344,9,"{""type"":""Point"",""coordinates"":[77.58088740260327,33.41094535295688]}"
347,243.4358837842044,4579,0,0.14037626628075253,-0.2389937106918239,"NL_ee.String({
  ""type"": ""Invocation"",
  ""arguments"": {
    ""element"": {
      ""type"": ""ArgumentRef"",
      ""value"": ""_MAPPING_VAR_0_0""
    }
  },
  ""functionName"": ""Feature.id""
})",,0.0,0.0,0.0,0.0,-9999,6.1977148772790125,9,"{""type"":""Point"",""coordinates"":[79.49731715024173,33.560707055441014]}"
348,90.0,231,0,0.3562559694364852,-0.2948328267477204,"NL_ee.String({
  ""type"": ""Invocation"",
  ""arguments"": {
    ""element"": {
      ""type"": ""ArgumentRef"",
      ""value"": ""_MAPPING_VAR_0_0""
    }
  },
  ""functionName"": ""Feature.id""
})",,69.43671417236328,222.11734580993652,0.0,0.0,-9999,1.0976126555361372,7,"{""type"":""Point"",""coordinates"":[74.23218154135778,32.33828009835013]}"
349,283.24724302891786,5471,0,0.09523809523809523,-0.19828926905132194,"NL_ee.String({
  ""type"": ""Invocation"",
  ""arguments"": {
    ""element"": {
      ""type"": ""ArgumentRef"",
      ""value"": ""_MAPPING_VAR_0_0""
    }
  },
  ""functionName"": ""Feature.id""
})",,0.0,0.0,0.0,0.0,-9999,37.84925942436849,9,"{""type"":""Point"",""coordinates"":[78.90310889125294,33.41925990169656]}"
350,337.9323729351787,3202,0,-0.013304949441192123,0.034375,"NL_ee.String({
  ""type"": ""Invocation"",
  ""arguments"": {
    ""element"": {
      ""type"": ""ArgumentRef"",
      ""value"": ""_MAPPING_VAR_0_0""
    }
  },
  ""functionName"": ""Feature.id""
})",,212.62826251983643,379.4777994155884,86.2699966430664,132.68286514282227,-9999,21.887821843442325,7,"{""type"":""Point"",""coordinates"":[78.46515875585968,30.909082258382416]}"
351,167.4655025764508,5633,0,-0.008908685968819599,-0.0748792270531401,"NL_ee.String({
  ""type"": ""Invocation"",
  ""arguments"": {
    ""element"": {
      ""type"": ""ArgumentRef"",
      ""value"": ""_MAPPING_VAR_0_0""
    }
  },
  ""functionName"": ""Feature.id""
})",,0.0,0.0,0.0,0.0,-9999,20.04330468568132,9,"{""type"":""Point"",""coordinates"":[80.8530316175841,35.13509343892867]}"
352,83.2700862578791,5703,0,-0.09733893557422969,0.10517181534189518,"NL_ee.String({
  ""type"": ""Invocation"",
  ""arguments"": {
    ""element"": {
      ""type"": ""ArgumentRef"",
      ""value"": ""_MAPPING_VAR_0_0""
    }
  },
  ""functionName"": ""Feature.id""
})",,8.751707553863525,30.392652988433838,4.161513805389404,4.161513805389404,-9999,15.443727869824244,9,"{""type"":""Point"",""coordinates"":[81.00915066299156,34.308150743200905]}"
353,58.526598891808874,1318,0,0.24758364312267658,-0.22481751824817517,"NL_ee.String({
  ""type"": ""Invocation"",
  ""arguments"": {
    ""element"": {
      ""type"": ""ArgumentRef"",
      ""value"": ""_MAPPING_VAR_0_0""
    }
  },
  ""functionName"": ""Feature.id""
})",,163.48945426940918,377.9031972885132,50.912322998046875,88.62203025817871,-9999,20.408194293077834,7,"{""type"":""Point"",""coordinates"":[79.91861978909778,29.86162624838705]}"
354,328.74162733126457,5092,0,0.12183468705207835,-0.2047203694202155,"NL_ee.String({
  ""type"": ""Invocation"",
  ""arguments"": {
    ""element"": {
      ""type"": ""ArgumentRef"",
      ""value"": ""_MAPPING_VAR_0_0""
    }
  },
  ""functionName"": ""Feature.id""
})",,0.0,2.6909064054489136,0.0,0.0,-9999,2.168948897987418,9,"{""type"":""Point"",""coordinates"":[80.14473611493,34.54270577642083]}"
355,-0.0,251,0,0.5052754982415005,-0.546366920915295,"NL_ee.String({
  ""type"": ""Invocation"",
  ""arguments"": {
    ""element"": {
      ""type"": ""ArgumentRef"",
      ""value"": ""_MAPPING_VAR_0_0""
    }
  },
  ""functionName"": ""Feature.id""
})",,15.961512565612793,163.08270502090454,0.0,0.0,-9999,1.8543341688295631,6,"{""type"":""Point"",""coordinates"":[75.985135131384,28.52606750524988]}"
356,303.24099133480087,5104,0,-0.03429101019462465,0.04666056724611162,"NL_ee.String({
  ""type"": ""Invocation"",
  ""arguments"": {
    ""element"": {
      ""type"": ""ArgumentRef"",
      ""value"": ""_MAPPING_VAR_0_0""
    }
  },
  ""functionName"": ""Feature.id""
})",,0.0,0.0,0.0,0.0,-9999,6.73679166259765,,"{""type"":""Point"",""coordinates"":[76.98673754529788,34.989749259308404]}"
357,187.96743853219732,1917,0,0.2683775554588952,-0.22882427307206069,"NL_ee.String({
  ""type"": ""Invocation"",
  ""arguments"": {
    ""element"": {
      ""type"": ""ArgumentRef"",
      ""value"": ""_MAPPING_VAR_0_0""
    }
  },
  ""functionName"": ""Feature.id""
})",,185.93955326080322,375.8624391555786,42.879539489746094,88.15942573547363,-9999,28.34256948871881,4,"{""type"":""Point"",""coordinates"":[79.65935590685166,29.99836690293614]}"
358,285.0574131935498,4732,0,0.11438127090301003,-0.12872628726287264,"NL_ee.String({
  ""type"": ""Invocation"",
  ""arguments"": {
    ""element"": {
      ""type"": ""ArgumentRef"",
      ""value"": ""_MAPPING_VAR_0_0""
    }
  },
  ""functionName"": ""Feature.id""
})",,66.82974529266357,163.5693416595459,16.25702667236328,16.25702667236328,-9999,41.100288251794076,,"{""type"":""Point"",""coordinates"":[80.69761538818754,30.149382452014486]}"
359,326.5415566011491,244,0,0.8359433258762118,-0.7975176441956681,"NL_ee.String({
  ""type"": ""Invocation"",
  ""arguments"": {
    ""element"": {
      ""type"": ""ArgumentRef"",
      ""value"": ""_MAPPING_VAR_0_0""
    }
  },
  ""functionName"": ""Feature.id""
})",,38.82087802886963,176.60855531692505,0.0,5.816544532775879,-9999,7.734697683105268,4,"{""type"":""Point"",""coordinates"":[76.41516268825227,30.151942544522374]}"
360,90.0,199,0,0.6306954436450839,-0.5127919911012235,"NL_ee.String({
  ""type"": ""Invocation"",
  ""arguments"": {
    ""element"": {
      ""type"": ""ArgumentRef"",
      ""value"": ""_MAPPING_VAR_0_0""
    }
  },
  ""functionName"": ""Feature.id""
})",,212.56604385375977,346.62403297424316,70.3663444519043,116.34601211547852,-9999,2.115940322832061,7,"{""type"":""Point"",""coordinates"":[79.79702237378648,28.803995829934102]}"
361,210.79207685060697,4960,0,0.1660482374768089,-0.2359882005899705,"NL_ee.String({
  ""type"": ""Invocation"",
  ""arguments"": {
    ""element"": {
      ""type"": ""ArgumentRef"",
      ""value"": ""_MAPPING_VAR_0_0""
    }
  },
  ""functionName"": ""Feature.id""
})",,43.828731536865234,140.3572940826416,8.0438232421875,43.828731536865234,-9999,6.4507732059551754,9,"{""type"":""Point"",""coordinates"":[80.95875868928049,32.96284185426608]}"
362,270.0,238,0,0.8092446448703495,-0.7315494173500215,"NL_ee.String({
  ""type"": ""Invocation"",
  ""arguments"": {
    ""element"": {
      ""type"": ""ArgumentRef"",
      ""value"": ""_MAPPING_VAR_0_0""
    }
  },
  ""functionName"": ""Feature.id""
})",,47.50678253173828,226.51441287994385,0.0,0.0,-9999,4.245644644753303,7,"{""type"":""Point"",""coordinates"":[77.24258839624694,29.28130533378613]}"
363,195.90067126025514,215,0,0.7341405633061332,-0.6966263198557816,"NL_ee.String({
  ""type"": ""Invocation"",
  ""arguments"": {
    ""element"": {
      ""type"": ""ArgumentRef"",
      ""value"": ""_MAPPING_VAR_0_0""
    }
  },
  ""functionName"": ""Feature.id""
})",,62.84107494354248,236.26129245758057,11.98300838470459,22.657992362976074,-9999,3.8517484800901394,7,"{""type"":""Point"",""coordinates"":[77.61221905498263,28.646636407741777]}"
364,52.05284481140501,5482,0,0.06515885837372105,-0.06803455723542116,"NL_ee.String({
  ""type"": ""Invocation"",
  ""arguments"": {
    ""element"": {
      ""type"": ""ArgumentRef"",
      ""value"": ""_MAPPING_VAR_0_0""
    }
  },
  ""functionName"": ""Feature.id""
})",,92.59201049804688,127.20608139038086,58.49071502685547,58.49071502685547,-9999,28.93434828560108,,"{""type"":""Point"",""coordinates"":[78.5757999654699,31.34299095792381]}"
365,95.3970845938117,1746,0,0.25259067357512954,-0.24975767366720517,"NL_ee.String({
  ""type"": ""Invocation"",
  ""arguments"": {
    ""element"": {
      ""type"": ""ArgumentRef"",
      ""value"": ""_MAPPING_VAR_0_0""
    }
  },
  ""functionName"": ""Feature.id""
})",,145.16837406158447,200.68361282348633,75.69304847717285,88.30855655670166,-9999,18.993951176857077,7,"{""type"":""Point"",""coordinates"":[77.34961413293145,31.756899777533175]}"
366,90.0,4423,0,0.2598282873926796,-0.26784902228285584,"NL_ee.String({
  ""type"": ""Invocation"",
  ""arguments"": {
    ""element"": {
      ""type"": ""ArgumentRef"",
      ""value"": ""_MAPPING_VAR_0_0""
    }
  },
  ""functionName"": ""Feature.id""
})",,0.0,11.354389190673828,0.0,0.0,-9999,2.2078095102581727,9,"{""type"":""Point"",""coordinates"":[79.55561471656179,32.88379678574659]}"
367,84.07961874301358,2395,0,-3.2268473701193933E-4,0.02944862155388471,"NL_ee.String({
  ""type"": ""Invocation"",
  ""arguments"": {
    ""element"": {
      ""type"": ""ArgumentRef"",
      ""value"": ""_MAPPING_VAR_0_0""
    }
  },
  ""functionName"": ""Feature.id""
})",,93.798583984375,191.39016437530518,56.93193054199219,56.93193054199219,-9999,54.70205862240392,9,"{""type"":""Point"",""coordinates"":[78.03972741066704,31.49991577225422]}"
368,246.54086220270418,189,0,0.6261476312890195,-0.5690999291282778,"NL_ee.String({
  ""type"": ""Invocation"",
  ""arguments"": {
    ""element"": {
      ""type"": ""ArgumentRef"",
      ""value"": ""_MAPPING_VAR_0_0""
    }
  },
  ""functionName"": ""Feature.id""
})",,0.0,157.51364994049072,0.0,0.0,-9999,2.32854064945821,6,"{""type"":""Point"",""coordinates"":[74.48044743907,29.78106285826151]}"
369,48.72914211497997,186,0,0.2723112128146453,-0.19121585431173005,"NL_ee.String({
  ""type"": ""Invocation"",
  ""arguments"": {
    ""element"": {
      ""type"": ""ArgumentRef"",
      ""value"": ""_MAPPING_VAR_0_0""
    }
  },
  ""functionName"": ""Feature.id""
})",,195.95355033874512,347.98888397216797,54.27982521057129,99.23021221160889,-9999,1.4058178229024356,7,"{""type"":""Point"",""coordinates"":[79.72253649055067,28.643298270854455]}"
370,234.68161368742182,2223,0,-0.05770536320434488,0.07343124165554073,"NL_ee.String({
  ""type"": ""Invocation"",
  ""arguments"": {
    ""element"": {
      ""type"": ""ArgumentRef"",
      ""value"": ""_MAPPING_VAR_0_0""
    }
  },
  ""functionName"": ""Feature.id""
})",,267.51547622680664,386.6504554748535,77.13571166992188,184.23887062072754,-9999,28.01360089813146,7,"{""type"":""Point"",""coordinates"":[77.42275996846197,30.94260573401691]}"
371,-0.0,249,0,0.23431372549019608,-0.24039408866995074,"NL_ee.String({
  ""type"": ""Invocation"",
  ""arguments"": {
    ""element"": {
      ""type"": ""ArgumentRef"",
      ""value"": ""_MAPPING_VAR_0_0""
    }
  },
  ""functionName"": ""Feature.id""
})",,0.0,98.48865127563477,0.0,0.0,-9999,2.7802885155287553,7,"{""type"":""Point"",""coordinates"":[75.8224771712663,30.85452242235671]}"
372,76.01407949088872,1674,0,0.3942407292314067,-0.33983675094565,"NL_ee.String({
  ""type"": ""Invocation"",
  ""arguments"": {
    ""element"": {
      ""type"": ""ArgumentRef"",
      ""value"": ""_MAPPING_VAR_0_0""
    }
  },
  ""functionName"": ""Feature.id""
})",,190.22679615020752,348.4603662490845,77.95890808105469,113.8232593536377,-9999,21.893978796049367,7,"{""type"":""Point"",""coordinates"":[80.03707129535074,29.339020113841663]}"
373,113.73042176643604,261,0,0.5213013168086754,-0.48506616257088847,"NL_ee.String({
  ""type"": ""Invocation"",
  ""arguments"": {
    ""element"": {
      ""type"": ""ArgumentRef"",
      ""value"": ""_MAPPING_VAR_0_0""
    }
  },
  ""functionName"": ""Feature.id""
})",,0.0,181.64653873443604,0.0,0.0,-9999,2.303461982312274,6,"{""type"":""Point"",""coordinates"":[75.18489388330485,28.453129124264386]}"
374,318.6128640148041,3943,0,0.020440251572327043,-0.044668008048289735,"NL_ee.String({
  ""type"": ""Invocation"",
  ""arguments"": {
    ""element"": {
      ""type"": ""ArgumentRef"",
      ""value"": ""_MAPPING_VAR_0_0""
    }
  },
  ""functionName"": ""Feature.id""
})",,19.156668186187744,112.81381845474243,6.883545398712158,9.314614295959473,-9999,13.351459384680867,7,"{""type"":""Point"",""coordinates"":[75.18357714512128,34.380784095901205]}"
375,270.0,212,0,0.26064464783127733,-0.38825591586327785,"NL_ee.String({
  ""type"": ""Invocation"",
  ""arguments"": {
    ""element"": {
      ""type"": ""ArgumentRef"",
      ""value"": ""_MAPPING_VAR_0_0""
    }
  },
  ""functionName"": ""Feature.id""
})",,49.80463409423828,178.7902956008911,0.0,0.0,-9999,1.0949562367855992,7,"{""type"":""Point"",""coordinates"":[73.90434179112557,32.11808105107317]}"
376,180.0,392,0,0.5815991237677984,-0.501039501039501,"NL_ee.String({
  ""type"": ""Invocation"",
  ""arguments"": {
    ""element"": {
      ""type"": ""ArgumentRef"",
      ""value"": ""_MAPPING_VAR_0_0""
    }
  },
  ""functionName"": ""Feature.id""
})",,263.0204620361328,496.88648986816406,63.964091300964355,168.44659996032715,-9999,1.8543341688414132,4,"{""type"":""Point"",""coordinates"":[78.47241583878807,29.75105906062252]}"
377,318.27266574913176,420,0,0.7458563535911602,-0.6308058753473601,"NL_ee.String({
  ""type"": ""Invocation"",
  ""arguments"": {
    ""element"": {
      ""type"": ""ArgumentRef"",
      ""value"": ""_MAPPING_VAR_0_0""
    }
  },
  ""functionName"": ""Feature.id""
})",,195.83363342285156,515.2869453430176,0.0,105.8844108581543,-9999,4.958587709788608,7,"{""type"":""Point"",""coordinates"":[74.9125865796968,32.75709778924012]}"
378,264.75181608002083,5870,0,0.09873884958474316,-0.22496570644718794,"NL_ee.String({
  ""type"": ""Invocation"",
  ""arguments"": {
    ""element"": {
      ""type"": ""ArgumentRef"",
      ""value"": ""_MAPPING_VAR_0_0""
    }
  },
  ""functionName"": ""Feature.id""
})",,2.1704349517822266,63.829444885253906,0.0,2.1704349517822266,-9999,19.491258816983997,9,"{""type"":""Point"",""coordinates"":[80.03526727517767,34.23919959893296]}"
379,157.11880657040746,5034,0,0.0481283422459893,-0.14119359534206696,"NL_ee.String({
  ""type"": ""Invocation"",
  ""arguments"": {
    ""element"": {
      ""type"": ""ArgumentRef"",
      ""value"": ""_MAPPING_VAR_0_0""
    }
  },
  ""functionName"": ""Feature.id""
})",,2.406682848930359,2.406682848930359,1.1009728908538818,1.3211674690246582,-9999,40.143467287962416,9,"{""type"":""Point"",""coordinates"":[77.51648990023419,32.94437804515466]}"
380,42.703880022791246,282,0,0.03257328990228013,-0.0346797225622195,"NL_ee.String({
  ""type"": ""Invocation"",
  ""arguments"": {
    ""element"": {
      ""type"": ""ArgumentRef"",
      ""value"": ""_MAPPING_VAR_0_0""
    }
  },
  ""functionName"": ""Feature.id""
})",,238.1104612350464,479.25016593933105,66.99127960205078,164.97141456604004,-9999,12.422781998368103,7,"{""type"":""Point"",""coordinates"":[77.84529405707201,29.907080746016547]}"
381,112.93192583966771,5354,0,0.16150911403136922,-0.26383763837638374,"NL_ee.String({
  ""type"": ""Invocation"",
  ""arguments"": {
    ""element"": {
      ""type"": ""ArgumentRef"",
      ""value"": ""_MAPPING_VAR_0_0""
    }
  },
  ""functionName"": ""Feature.id""
})",,5.593915939331055,9.663351058959961,0.0,0.0,-9999,7.1045518452517396,9,"{""type"":""Point"",""coordinates"":[80.20195890752566,32.2049915390482]}"
382,50.793741208093415,4306,0,0.011063829787234043,-0.08890925756186985,"NL_ee.String({
  ""type"": ""Invocation"",
  ""arguments"": {
    ""element"": {
      ""type"": ""ArgumentRef"",
      ""value"": ""_MAPPING_VAR_0_0""
    }
  },
  ""functionName"": ""Feature.id""
})",,37.117820739746094,58.393489360809326,16.751340866088867,16.751340866088867,-9999,11.578063248328213,,"{""type"":""Point"",""coordinates"":[74.96568179664501,35.33713495735692]}"
383,355.5475111855916,1202,0,0.8903553299492386,-0.7557755775577558,"NL_ee.String({
  ""type"": ""Invocation"",
  ""arguments"": {
    ""element"": {
      ""type"": ""ArgumentRef"",
      ""value"": ""_MAPPING_VAR_0_0""
    }
  },
  ""functionName"": ""Feature.id""
})",,120.06252002716064,187.57833194732666,36.37858486175537,55.98357105255127,-9999,35.542695742336846,7,"{""type"":""Point"",""coordinates"":[81.3688699644055,28.882189797444344]}"
384,229.2730563496936,320,0,0.0781633368384157,0.05120296113510179,"NL_ee.String({
  ""type"": ""Invocation"",
  ""arguments"": {
    ""element"": {
      ""type"": ""ArgumentRef"",
      ""value"": ""_MAPPING_VAR_0_0""
    }
  },
  ""functionName"": ""Feature.id""
})",,175.19174575805664,334.2980766296387,0.0,107.11147689819336,-9999,1.4212488435000517,7,"{""type"":""Point"",""coordinates"":[76.93422846140739,30.576051397418247]}"
385,29.905678852698987,256,0,0.17418546365914786,-0.07515777395295467,"NL_ee.String({
  ""type"": ""Invocation"",
  ""arguments"": {
    ""element"": {
      ""type"": ""ArgumentRef"",
      ""value"": ""_MAPPING_VAR_0_0""
    }
  },
  ""functionName"": ""Feature.id""
})",,180.05459690093994,440.7488660812378,47.32334518432617,75.45825386047363,-9999,2.1389234326654725,7,"{""type"":""Point"",""coordinates"":[77.8558819322191,29.619268209182515]}"
386,273.25484652041916,861,0,0.5745007680491552,-0.5298507462686567,"NL_ee.String({
  ""type"": ""Invocation"",
  ""arguments"": {
    ""element"": {
      ""type"": ""ArgumentRef"",
      ""value"": ""_MAPPING_VAR_0_0""
    }
  },
  ""functionName"": ""Feature.id""
})",,148.41236305236816,270.82314014434814,49.62056350708008,68.18395805358887,-9999,40.541384562030686,7,"{""type"":""Point"",""coordinates"":[80.77824424555487,29.30906536433751]}"
387,182.58681189138218,4266,0,0.0205761316872428,-0.05700586041555674,"NL_ee.String({
  ""type"": ""Invocation"",
  ""arguments"": {
    ""element"": {
      ""type"": ""ArgumentRef"",
      ""value"": ""_MAPPING_VAR_0_0""
    }
  },
  ""functionName"": ""Feature.id""
})",,2.7146403789520264,2.7146403789520264,2.7146403789520264,2.7146403789520264,-9999,41.186940398207554,9,"{""type"":""Point"",""coordinates"":[76.339404336585,34.937137376384634]}"
388,-0.0,256,0,0.7068965517241379,-0.5800498753117207,"NL_ee.String({
  ""type"": ""Invocation"",
  ""arguments"": {
    ""element"": {
      ""type"": ""ArgumentRef"",
      ""value"": ""_MAPPING_VAR_0_0""
    }
  },
  ""functionName"": ""Feature.id""
})",,74.05257606506348,320.28447914123535,0.0,18.4406681060791,-9999,1.8543341688295631,7,"{""type"":""Point"",""coordinates"":[77.23001513591781,29.731319535088886]}"
389,354.77935081939546,3999,0,0.364034319733847,-0.3456555536362066,"NL_ee.String({
  ""type"": ""Invocation"",
  ""arguments"": {
    ""element"": {
      ""type"": ""ArgumentRef"",
      ""value"": ""_MAPPING_VAR_0_0""
    }
  },
  ""functionName"": ""Feature.id""
})",,29.757780075073242,85.49595832824707,0.0,14.878890037536621,-9999,52.44027123071095,9,"{""type"":""Point"",""coordinates"":[73.71173771298362,34.83168661951938]}"
390,90.0,249,0,0.04159733777038269,0.0038192234245703373,"NL_ee.String({
  ""type"": ""Invocation"",
  ""arguments"": {
    ""element"": {
      ""type"": ""ArgumentRef"",
      ""value"": ""_MAPPING_VAR_0_0""
    }
  },
  ""functionName"": ""Feature.id""
})",,1.440030813217163,136.95715594291687,1.440030813217163,1.440030813217163,-9999,2.103095101682696,9,"{""type"":""Point"",""coordinates"":[73.91227009136959,28.160543490715234]}"
391,-0.0,5004,0,-0.025160335471139616,0.06704438149197356,"NL_ee.String({
  ""type"": ""Invocation"",
  ""arguments"": {
    ""element"": {
      ""type"": ""ArgumentRef"",
      ""value"": ""_MAPPING_VAR_0_0""
    }
  },
  ""functionName"": ""Feature.id""
})",,2.1740477085113525,6.457751274108887,0.0,2.1740477085113525,-9999,0.0,,"{""type"":""Point"",""coordinates"":[80.50928856563527,34.58631135786689]}"
392,-0.0,196,0,0.07515979722283447,-0.19091796875,"NL_ee.String({
  ""type"": ""Invocation"",
  ""arguments"": {
    ""element"": {
      ""type"": ""ArgumentRef"",
      ""value"": ""_MAPPING_VAR_0_0""
    }
  },
  ""functionName"": ""Feature.id""
})",,0.0,177.06987762451172,0.0,0.0,-9999,0.9274099368670311,7,"{""type"":""Point"",""coordinates"":[73.83632325579492,31.350550972085824]}"
393,231.58785551919777,4582,0,-0.0015698587127158557,0.004694835680751174,"NL_ee.String({
  ""type"": ""Invocation"",
  ""arguments"": {
    ""element"": {
      ""type"": ""ArgumentRef"",
      ""value"": ""_MAPPING_VAR_0_0""
    }
  },
  ""functionName"": ""Feature.id""
})",,0.0,0.0,0.0,0.0,-9999,29.820907178334288,9,"{""type"":""Point"",""coordinates"":[78.21267723402576,34.0063019583701]}"
394,31.05390814574349,5000,0,-0.10459324847814057,0.10853994490358126,"NL_ee.String({
  ""type"": ""Invocation"",
  ""arguments"": {
    ""element"": {
      ""type"": ""ArgumentRef"",
      ""value"": ""_MAPPING_VAR_0_0""
    }
  },
  ""functionName"": ""Feature.id""
})",,10.082964420318604,88.03087854385376,10.082964420318604,10.082964420318604,-9999,2.164278929438986,,"{""type"":""Point"",""coordinates"":[76.50178675287361,33.863408029400496]}"
395,163.6057026237553,210,0,0.9304865938430983,-0.8602870813397129,"NL_ee.String({
  ""type"": ""Invocation"",
  ""arguments"": {
    ""element"": {
      ""type"": ""ArgumentRef"",
      ""value"": ""_MAPPING_VAR_0_0""
    }
  },
  ""functionName"": ""Feature.id""
})",,8.646622657775879,208.11267185211182,8.646622657775879,8.646622657775879,-9999,3.861339444902041,4,"{""type"":""Point"",""coordinates"":[73.99145367631107,31.816400245274295]}"
396,338.9281180675619,182,0,0.5465430668211665,-0.5501355013550135,"NL_ee.String({
  ""type"": ""Invocation"",
  ""arguments"": {
    ""element"": {
      ""type"": ""ArgumentRef"",
      ""value"": ""_MAPPING_VAR_0_0""
    }
  },
  ""functionName"": ""Feature.id""
})",,0.0,149.56164932250977,0.0,0.0,-9999,2.9791824159542637,7,"{""type"":""Point"",""coordinates"":[74.09888245134105,30.103811806034035]}"
397,270.0,190,0,0.4420131291028446,-0.38809899947340704,"NL_ee.String({
  ""type"": ""Invocation"",
  ""arguments"": {
    ""element"": {
      ""type"": ""ArgumentRef"",
      ""value"": ""_MAPPING_VAR_0_0""
    }
  },
  ""functionName"": ""Feature.id""
})",,169.9416699409485,347.7938504219055,51.04053497314453,85.2858567237854,-9999,3.1729621219066284,7,"{""type"":""Point"",""coordinates"":[79.15917859737111,28.832110534331022]}"
398,210.763068946071,294,0,0.616201531242282,-0.5529188419553868,"NL_ee.String({
  ""type"": ""Invocation"",
  ""arguments"": {
    ""element"": {
      ""type"": ""ArgumentRef"",
      ""value"": ""_MAPPING_VAR_0_0""
    }
  },
  ""functionName"": ""Feature.id""
})",,166.38616180419922,364.0454559326172,50.22099304199219,50.22099304199219,-9999,2.157717855341913,4,"{""type"":""Point"",""coordinates"":[74.03045757301771,32.861100351738976]}"
399,109.7999952947226,581,0,-0.03762029746281715,0.05942710560068405,"NL_ee.String({
  ""type"": ""Invocation"",
  ""arguments"": {
    ""element"": {
      ""type"": ""ArgumentRef"",
      ""value"": ""_MAPPING_VAR_0_0""
    }
  },
  ""functionName"": ""Feature.id""
})",,195.9499111175537,594.3005886077881,0.0,87.9968490600586,-9999,8.158643138343052,7,"{""type"":""Point"",""coordinates"":[74.96751310484721,32.85427344471737]}"
400,236.37731560263154,4412,0,0.006425431180250254,0.01782178217821782,"NL_ee.String({
  ""type"": ""Invocation"",
  ""arguments"": {
    ""element"": {
      ""type"": ""ArgumentRef"",
      ""value"": ""_MAPPING_VAR_0_0""
    }
  },
  ""functionName"": ""Feature.id""
})",,0.0,19.70376205444336,0.0,0.0,-9999,50.161883171151096,9,"{""type"":""Point"",""coordinates"":[76.73043023502318,34.19206643756843]}"
401,106.78181632610381,5353,0,0.07356076759061833,-0.22730042656916513,"NL_ee.String({
  ""type"": ""Invocation"",
  ""arguments"": {
    ""element"": {
      ""type"": ""ArgumentRef"",
      ""value"": ""_MAPPING_VAR_0_0""
    }
  },
  ""functionName"": ""Feature.id""
})",,0.0,0.0,0.0,0.0,-9999,43.62498447631286,9,"{""type"":""Point"",""coordinates"":[78.66978481151779,35.311751381915954]}"
402,350.91004139080934,3880,0,0.018223234624145785,-0.08429351121892056,"NL_ee.String({
  ""type"": ""Invocation"",
  ""arguments"": {
    ""element"": {
      ""type"": ""ArgumentRef"",
      ""value"": ""_MAPPING_VAR_0_0""
    }
  },
  ""functionName"": ""Feature.id""
})",,24.910322189331055,24.910322189331055,24.910322189331055,24.910322189331055,-9999,19.832361339191923,9,"{""type"":""Point"",""coordinates"":[79.66004467438006,31.537054138333357]}"
403,332.26082383800014,5517,0,0.009151921903599756,-0.12135593220338983,"NL_ee.String({
  ""type"": ""Invocation"",
  ""arguments"": {
    ""element"": {
      ""type"": ""ArgumentRef"",
      ""value"": ""_MAPPING_VAR_0_0""
    }
  },
  ""functionName"": ""Feature.id""
})",,0.0,0.0,0.0,0.0,-9999,34.08696102009351,9,"{""type"":""Point"",""coordinates"":[80.08978368505937,34.68469341220414]}"
404,270.0,235,0,0.7452285841100754,-0.6510602561410875,"NL_ee.String({
  ""type"": ""Invocation"",
  ""arguments"": {
    ""element"": {
      ""type"": ""ArgumentRef"",
      ""value"": ""_MAPPING_VAR_0_0""
    }
  },
  ""functionName"": ""Feature.id""
})",,48.08448553085327,177.73991632461548,9.33234691619873,9.33234691619873,-9999,1.0669714877195484,7,"{""type"":""Point"",""coordinates"":[76.49025430814189,29.6371728091398]}"
405,226.09083740427016,5121,0,0.0782608695652174,-0.19944725932749885,"NL_ee.String({
  ""type"": ""Invocation"",
  ""arguments"": {
    ""element"": {
      ""type"": ""ArgumentRef"",
      ""value"": ""_MAPPING_VAR_0_0""
    }
  },
  ""functionName"": ""Feature.id""
})",,10.136954307556152,36.72685241699219,0.0,0.0,-9999,20.47889934207093,9,"{""type"":""Point"",""coordinates"":[80.46076661505134,32.61602595961279]}"
406,222.35365813716336,5345,0,0.0718954248366013,-0.19106145251396647,"NL_ee.String({
  ""type"": ""Invocation"",
  ""arguments"": {
    ""element"": {
      ""type"": ""ArgumentRef"",
      ""value"": ""_MAPPING_VAR_0_0""
    }
  },
  ""functionName"": ""Feature.id""
})",,0.0,0.0,0.0,0.0,-9999,5.007457005670645,11,"{""type"":""Point"",""coordinates"":[79.33559863019346,34.644969435516714]}"
407,270.0,160,0,0.09043704024231934,-0.24076809453471196,"NL_ee.String({
  ""type"": ""Invocation"",
  ""arguments"": {
    ""element"": {
      ""type"": ""ArgumentRef"",
      ""value"": ""_MAPPING_VAR_0_0""
    }
  },
  ""functionName"": ""Feature.id""
})",,0.0,103.2176923751831,0.0,0.0,-9999,1.0630367678678614,7,"{""type"":""Point"",""coordinates"":[73.49354364505481,29.262356665456817]}"
408,228.58504327362215,4089,0,0.10337662337662337,-0.18659217877094972,"NL_ee.String({
  ""type"": ""Invocation"",
  ""arguments"": {
    ""element"": {
      ""type"": ""ArgumentRef"",
      ""value"": ""_MAPPING_VAR_0_0""
    }
  },
  ""functionName"": ""Feature.id""
})",,0.0,9.175837516784668,0.0,0.0,-9999,21.382151849943256,9,"{""type"":""Point"",""coordinates"":[76.90940744166441,34.21312713745348]}"
409,59.4956210777181,5316,0,0.21230458900655572,-0.29108485499462944,"NL_ee.String({
  ""type"": ""Invocation"",
  ""arguments"": {
    ""element"": {
      ""type"": ""ArgumentRef"",
      ""value"": ""_MAPPING_VAR_0_0""
    }
  },
  ""functionName"": ""Feature.id""
})",,0.0,0.0,0.0,0.0,-9999,20.94117066363658,9,"{""type"":""Point"",""coordinates"":[78.58684419263886,33.42297242615694]}"
410,39.47777369666605,5566,0,0.05463347164591978,-0.17624373312765138,"NL_ee.String({
  ""type"": ""Invocation"",
  ""arguments"": {
    ""element"": {
      ""type"": ""ArgumentRef"",
      ""value"": ""_MAPPING_VAR_0_0""
    }
  },
  ""functionName"": ""Feature.id""
})",,11.025721073150635,36.48428392410278,0.0,11.025721073150635,-9999,18.54937290634118,9,"{""type"":""Point"",""coordinates"":[80.65376180453313,33.4192315062863]}"
411,9.262571247586376,4654,0,-0.02207707380796865,-5.346164127238706E-4,"NL_ee.String({
  ""type"": ""Invocation"",
  ""arguments"": {
    ""element"": {
      ""type"": ""ArgumentRef"",
      ""value"": ""_MAPPING_VAR_0_0""
    }
  },
  ""functionName"": ""Feature.id""
})",,82.96585845947266,213.51148223876953,0.0,23.556686401367188,-9999,36.4300467854906,9,"{""type"":""Point"",""coordinates"":[73.52992699608708,35.15794994960114]}"
412,-0.0,143,0,0.7230142566191446,-0.5917215428033866,"NL_ee.String({
  ""type"": ""Invocation"",
  ""arguments"": {
    ""element"": {
      ""type"": ""ArgumentRef"",
      ""value"": ""_MAPPING_VAR_0_0""
    }
  },
  ""functionName"": ""Feature.id""
})",,223.63397550582886,392.77833795547485,50.628400802612305,122.71532440185547,-9999,1.8543341688414132,7,"{""type"":""Point"",""coordinates"":[81.3513994029661,28.199451266741235]}"
413,218.97714160003903,4874,0,-0.003076923076923077,-0.0741815167840862,"NL_ee.String({
  ""type"": ""Invocation"",
  ""arguments"": {
    ""element"": {
      ""type"": ""ArgumentRef"",
      ""value"": ""_MAPPING_VAR_0_0""
    }
  },
  ""functionName"": ""Feature.id""
})",,0.19014622271060944,106.44025303423405,0.19014622271060944,0.19014622271060944,-9999,31.99266235162575,9,"{""type"":""Point"",""coordinates"":[75.7037925565442,34.51919004315036]}"
414,270.0,209,0,0.39923954372623577,-0.35447338618346547,"NL_ee.String({
  ""type"": ""Invocation"",
  ""arguments"": {
    ""element"": {
      ""type"": ""ArgumentRef"",
      ""value"": ""_MAPPING_VAR_0_0""
    }
  },
  ""functionName"": ""Feature.id""
})",,26.553948402404785,266.21308422088623,0.0,19.687191009521484,-9999,1.0788090319944912,4,"{""type"":""Point"",""coordinates"":[74.88615898681552,30.724654221631408]}"
415,293.28057038986066,172,0,0.3093877551020408,-0.36278674596431604,"NL_ee.String({
  ""type"": ""Invocation"",
  ""arguments"": {
    ""element"": {
      ""type"": ""ArgumentRef"",
      ""value"": ""_MAPPING_VAR_0_0""
    }
  },
  ""functionName"": ""Feature.id""
})",,0.0,83.32978677749634,0.0,0.0,-9999,2.3453771086588335,7,"{""type"":""Point"",""coordinates"":[73.60709309762927,30.62385050635257]}"
416,240.074554832215,214,0,0.73602957164601,-0.6730930427493713,"NL_ee.String({
  ""type"": ""Invocation"",
  ""arguments"": {
    ""element"": {
      ""type"": ""ArgumentRef"",
      ""value"": ""_MAPPING_VAR_0_0""
    }
  },
  ""functionName"": ""Feature.id""
})",,0.0,167.25487804412842,0.0,0.0,-9999,3.7131402781320557,4,"{""type"":""Point"",""coordinates"":[75.0439704750014,30.296647514741768]}"
417,275.6319374296163,4720,0,0.07237512742099898,-0.20954297211842485,"NL_ee.String({
  ""type"": ""Invocation"",
  ""arguments"": {
    ""element"": {
      ""type"": ""ArgumentRef"",
      ""value"": ""_MAPPING_VAR_0_0""
    }
  },
  ""functionName"": ""Feature.id""
})",,6.873413562774658,35.1152720451355,0.0,6.873413562774658,-9999,33.41677518104915,9,"{""type"":""Point"",""coordinates"":[80.35214161450165,33.04784670028672]}"
418,37.74288835542592,246,0,0.29553980825343895,-0.275338530980714,"NL_ee.String({
  ""type"": ""Invocation"",
  ""arguments"": {
    ""element"": {
      ""type"": ""ArgumentRef"",
      ""value"": ""_MAPPING_VAR_0_0""
    }
  },
  ""functionName"": ""Feature.id""
})",,0.0,154.49042129516602,0.0,0.0,-9999,3.51429396142073,7,"{""type"":""Point"",""coordinates"":[75.84222724289295,30.54478154311457]}"
419,69.55073575710169,5193,0,0.01838157616733573,-0.03455677183945052,"NL_ee.String({
  ""type"": ""Invocation"",
  ""arguments"": {
    ""element"": {
      ""type"": ""ArgumentRef"",
      ""value"": ""_MAPPING_VAR_0_0""
    }
  },
  ""functionName"": ""Feature.id""
})",,0.0,5.354196548461914,0.0,0.0,-9999,13.043373616315545,9,"{""type"":""Point"",""coordinates"":[77.3942580657715,34.88265132633328]}"
420,343.00631339859973,4255,0,0.1026252983293556,-0.1815856777493606,"NL_ee.String({
  ""type"": ""Invocation"",
  ""arguments"": {
    ""element"": {
      ""type"": ""ArgumentRef"",
      ""value"": ""_MAPPING_VAR_0_0""
    }
  },
  ""functionName"": ""Feature.id""
})",,7.7733893394470215,7.7733893394470215,7.7733893394470215,7.7733893394470215,-9999,24.56158093191485,9,"{""type"":""Point"",""coordinates"":[79.25432390625095,31.968981450027954]}"
421,200.7346012371843,262,0,0.1947069943289225,-0.29155313351498635,"NL_ee.String({
  ""type"": ""Invocation"",
  ""arguments"": {
    ""element"": {
      ""type"": ""ArgumentRef"",
      ""value"": ""_MAPPING_VAR_0_0""
    }
  },
  ""functionName"": ""Feature.id""
})",,7.49739670753479,153.64441323280334,1.782705545425415,4.544208288192749,-9999,2.972503899726309,6,"{""type"":""Point"",""coordinates"":[74.33141395285932,28.29350955479701]}"
422,44.85036195530766,4874,0,0.05539358600583091,-0.1407563025210084,"NL_ee.String({
  ""type"": ""Invocation"",
  ""arguments"": {
    ""element"": {
      ""type"": ""ArgumentRef"",
      ""value"": ""_MAPPING_VAR_0_0""
    }
  },
  ""functionName"": ""Feature.id""
})",,0.0,0.0,0.0,0.0,-9999,28.72282159171783,9,"{""type"":""Point"",""coordinates"":[77.51749866223942,33.102364908524144]}"
423,38.823732466532945,4744,0,0.24920735573874445,-0.3483915126625599,"NL_ee.String({
  ""type"": ""Invocation"",
  ""arguments"": {
    ""element"": {
      ""type"": ""ArgumentRef"",
      ""value"": ""_MAPPING_VAR_0_0""
    }
  },
  ""functionName"": ""Feature.id""
})",,16.15907859802246,64.22214221954346,16.15907859802246,16.15907859802246,-9999,15.115734718870604,9,"{""type"":""Point"",""coordinates"":[80.79592295000752,30.646558387802994]}"
424,309.8611593598227,4364,0,0.05788876276958002,-0.16645807259073842,"NL_ee.String({
  ""type"": ""Invocation"",
  ""arguments"": {
    ""element"": {
      ""type"": ""ArgumentRef"",
      ""value"": ""_MAPPING_VAR_0_0""
    }
  },
  ""functionName"": ""Feature.id""
})",,6.305729389190674,13.2862229347229,0.0,0.0,-9999,8.617055572544492,9,"{""type"":""Point"",""coordinates"":[79.41850173820166,33.386264681304425]}"
425,311.17426874705734,206,0,0.44143104443162146,-0.40337078651685393,"NL_ee.String({
  ""type"": ""Invocation"",
  ""arguments"": {
    ""element"": {
      ""type"": ""ArgumentRef"",
      ""value"": ""_MAPPING_VAR_0_0""
    }
  },
  ""functionName"": ""Feature.id""
})",,223.83002376556396,419.96496963500977,67.47741794586182,117.22347354888916,-9999,1.4085243327856065,7,"{""type"":""Point"",""coordinates"":[78.92373527843743,28.997560558437574]}"
426,293.6847094836521,200,0,0.9155251141552512,-0.7593709043250327,"NL_ee.String({
  ""type"": ""Invocation"",
  ""arguments"": {
    ""element"": {
      ""type"": ""ArgumentRef"",
      ""value"": ""_MAPPING_VAR_0_0""
    }
  },
  ""functionName"": ""Feature.id""
})",,208.85147380828857,359.21793270111084,57.902671813964844,98.98194122314453,-9999,2.3076463203614863,7,"{""type"":""Point"",""coordinates"":[79.8912312625778,28.681633882284885]}"
427,49.27321864997046,4909,0,-0.0033222591362126247,0.025446670276123445,"NL_ee.String({
  ""type"": ""Invocation"",
  ""arguments"": {
    ""element"": {
      ""type"": ""ArgumentRef"",
      ""value"": ""_MAPPING_VAR_0_0""
    }
  },
  ""functionName"": ""Feature.id""
})",,15.786755561828613,57.88218021392822,0.0,0.0,-9999,4.256785844682667,9,"{""type"":""Point"",""coordinates"":[80.49539525314754,30.576504157510858]}"
428,229.6159487009179,566,0,0.8842669624699575,-0.7524071526822559,"NL_ee.String({
  ""type"": ""Invocation"",
  ""arguments"": {
    ""element"": {
      ""type"": ""ArgumentRef"",
      ""value"": ""_MAPPING_VAR_0_0""
    }
  },
  ""functionName"": ""Feature.id""
})",,289.7705383300781,486.8557014465332,38.29076385498047,213.7825164794922,-9999,5.707116515887096,4,"{""type"":""Point"",""coordinates"":[76.43054460754927,31.724357816989425]}"
429,113.69760830504677,244,0,0.5419956927494616,-0.5042016806722689,"NL_ee.String({
  ""type"": ""Invocation"",
  ""arguments"": {
    ""element"": {
      ""type"": ""ArgumentRef"",
      ""value"": ""_MAPPING_VAR_0_0""
    }
  },
  ""functionName"": ""Feature.id""
})",,0.0,179.88920211791992,0.0,0.0,-9999,2.3064639220535663,6,"{""type"":""Point"",""coordinates"":[75.72578595397108,28.617359489185883]}"
430,5.997862290593613,4565,0,0.02198391420911528,-0.03643284393692224,"NL_ee.String({
  ""type"": ""Invocation"",
  ""arguments"": {
    ""element"": {
      ""type"": ""ArgumentRef"",
      ""value"": ""_MAPPING_VAR_0_0""
    }
  },
  ""functionName"": ""Feature.id""
})",,2.3680124282836914,8.14755892753601,2.3680124282836914,2.3680124282836914,-9999,28.960742899775916,9,"{""type"":""Point"",""coordinates"":[78.87955182862038,32.880508851676865]}"
431,185.57277084416293,5294,0,0.13123092573753814,-0.3113207547169811,"NL_ee.String({
  ""type"": ""Invocation"",
  ""arguments"": {
    ""element"": {
      ""type"": ""ArgumentRef"",
      ""value"": ""_MAPPING_VAR_0_0""
    }
  },
  ""functionName"": ""Feature.id""
})",,31.89715003967285,49.187673568725586,31.89715003967285,31.89715003967285,-9999,30.350131169401937,9,"{""type"":""Point"",""coordinates"":[79.21352121889694,31.3419930075913]}"
432,354.2756413910477,4086,0,0.00991407799074686,0.020198781660788714,"NL_ee.String({
  ""type"": ""Invocation"",
  ""arguments"": {
    ""element"": {
      ""type"": ""ArgumentRef"",
      ""value"": ""_MAPPING_VAR_0_0""
    }
  },
  ""functionName"": ""Feature.id""
})",,123.26224136352539,428.1315040588379,39.96363830566406,39.96363830566406,-9999,21.328337819724606,7,"{""type"":""Point"",""coordinates"":[74.50115451195158,33.765675592761355]}"
433,293.2371470126288,209,0,0.5489576753000631,-0.42973760932944605,"NL_ee.String({
  ""type"": ""Invocation"",
  ""arguments"": {
    ""element"": {
      ""type"": ""ArgumentRef"",
      ""value"": ""_MAPPING_VAR_0_0""
    }
  },
  ""functionName"": ""Feature.id""
})",,23.602635860443115,269.8579068183899,0.0,17.704991817474365,-9999,2.349511642250552,7,"{""type"":""Point"",""coordinates"":[74.95174650112013,30.825149757066637]}"
434,113.30600054608618,5330,0,0.03781713738630924,-0.10895140664961638,"NL_ee.String({
  ""type"": ""Invocation"",
  ""arguments"": {
    ""element"": {
      ""type"": ""ArgumentRef"",
      ""value"": ""_MAPPING_VAR_0_0""
    }
  },
  ""functionName"": ""Feature.id""
})",,0.0,5.081440448760986,0.0,0.0,-9999,40.669825258994784,9,"{""type"":""Point"",""coordinates"":[78.09584613065384,32.746599575991794]}"
435,-0.0,242,0,0.8256787099408043,-0.7353511835467598,"NL_ee.String({
  ""type"": ""Invocation"",
  ""arguments"": {
    ""element"": {
      ""type"": ""ArgumentRef"",
      ""value"": ""_MAPPING_VAR_0_0""
    }
  },
  ""functionName"": ""Feature.id""
})",,175.31805896759033,449.57096576690674,36.091346740722656,67.06983757019043,-9999,0.0,7,"{""type"":""Point"",""coordinates"":[77.9283513895876,29.352949277670394]}"
436,48.88788392262092,232,0,0.3426695842450766,-0.33681917211328977,"NL_ee.String({
  ""type"": ""Invocation"",
  ""arguments"": {
    ""element"": {
      ""type"": ""ArgumentRef"",
      ""value"": ""_MAPPING_VAR_0_0""
    }
  },
  ""functionName"": ""Feature.id""
})",,267.31779861450195,463.2187204360962,76.09484195709229,144.36085510253906,-9999,1.4102735411571357,7,"{""type"":""Point"",""coordinates"":[78.8770903665631,29.222967717039175]}"
437,43.000899014284165,4991,0,0.09425579181212314,-0.22486678507992897,"NL_ee.String({
  ""type"": ""Invocation"",
  ""arguments"": {
    ""element"": {
      ""type"": ""ArgumentRef"",
      ""value"": ""_MAPPING_VAR_0_0""
    }
  },
  ""functionName"": ""Feature.id""
})",,9.668883085250854,43.93936228752136,3.307206630706787,6.614413261413574,-9999,11.266335056793045,9,"{""type"":""Point"",""coordinates"":[81.36193331895159,33.48402894487761]}"
438,270.0,190,0,0.5934323690383112,-0.4903107861060329,"NL_ee.String({
  ""type"": ""Invocation"",
  ""arguments"": {
    ""element"": {
      ""type"": ""ArgumentRef"",
      ""value"": ""_MAPPING_VAR_0_0""
    }
  },
  ""functionName"": ""Feature.id""
})",,207.31235122680664,350.7656021118164,65.3854751586914,108.95342636108398,-9999,1.0575175199925784,7,"{""type"":""Point"",""coordinates"":[79.80521010206384,28.723740408692784]}"
439,292.9963052957492,236,0,0.38917716827279464,-0.311406578026592,"NL_ee.String({
  ""type"": ""Invocation"",
  ""arguments"": {
    ""element"": {
      ""type"": ""ArgumentRef"",
      ""value"": ""_MAPPING_VAR_0_0""
    }
  },
  ""functionName"": ""Feature.id""
})",,87.63365936279297,399.63633728027344,0.0,0.0,-9999,2.3727352440585077,7,"{""type"":""Point"",""coordinates"":[75.01931830628573,31.91891368586304]}"
440,6.355834402261591,5345,0,0.07865168539325842,-0.21454928835002635,"NL_ee.String({
  ""type"": ""Invocation"",
  ""arguments"": {
    ""element"": {
      ""type"": ""ArgumentRef"",
      ""value"": ""_MAPPING_VAR_0_0""
    }
  },
  ""functionName"": ""Feature.id""
})",,0.0,0.0,0.0,0.0,-9999,10.157721752532982,9,"{""type"":""Point"",""coordinates"":[78.40107853685102,35.2986622469792]}"
441,270.0,4878,0,0.007350591243208693,-0.02105604146420473,"NL_ee.String({
  ""type"": ""Invocation"",
  ""arguments"": {
    ""element"": {
      ""type"": ""ArgumentRef"",
      ""value"": ""_MAPPING_VAR_0_0""
    }
  },
  ""functionName"": ""Feature.id""
})",,63.47930335998535,102.56662559509277,46.23123550415039,46.23123550415039,-9999,3.254889596210642,9,"{""type"":""Point"",""coordinates"":[78.66742714000065,31.357290475812988]}"
442,328.3311720979621,5338,0,0.028037383177570093,-0.1356170811825434,"NL_ee.String({
  ""type"": ""Invocation"",
  ""arguments"": {
    ""element"": {
      ""type"": ""ArgumentRef"",
      ""value"": ""_MAPPING_VAR_0_0""
    }
  },
  ""functionName"": ""Feature.id""
})",,0.0,0.0,0.0,0.0,-9999,32.11470179737288,9,"{""type"":""Point"",""coordinates"":[79.13946796592893,33.372113391284614]}"
443,200.46103961153935,3223,0,0.033935934031081506,-0.08054358634405039,"NL_ee.String({
  ""type"": ""Invocation"",
  ""arguments"": {
    ""element"": {
      ""type"": ""ArgumentRef"",
      ""value"": ""_MAPPING_VAR_0_0""
    }
  },
  ""functionName"": ""Feature.id""
})",,0.0,4.722776412963867,0.0,0.0,-9999,12.659208502481665,9,"{""type"":""Point"",""coordinates"":[77.7561082803448,34.44498000344602]}"
444,270.0,521,0,-0.10096634455181606,0.09856331440026729,"NL_ee.String({
  ""type"": ""Invocation"",
  ""arguments"": {
    ""element"": {
      ""type"": ""ArgumentRef"",
      ""value"": ""_MAPPING_VAR_0_0""
    }
  },
  ""functionName"": ""Feature.id""
})",,318.7350158691406,576.6830024719238,0.0,197.39337921142578,-9999,1.0913586306875895,4,"{""type"":""Point"",""coordinates"":[75.97845643267488,31.815787417414107]}"
445,310.8413864127377,160,0,0.8645701242708598,-0.8279462953754351,"NL_ee.String({
  ""type"": ""Invocation"",
  ""arguments"": {
    ""element"": {
      ""type"": ""ArgumentRef"",
      ""value"": ""_MAPPING_VAR_0_0""
    }
  },
  ""functionName"": ""Feature.id""
})",,0.0,109.11202621459961,0.0,0.0,-9999,1.4179633634644595,7,"{""type"":""Point"",""coordinates"":[73.48925423655031,30.18150303661052]}"
446,280.55189880351713,4961,0,0.15688487584650113,-0.2693498452012384,"NL_ee.String({
  ""type"": ""Invocation"",
  ""arguments"": {
    ""element"": {
      ""type"": ""ArgumentRef"",
      ""value"": ""_MAPPING_VAR_0_0""
    }
  },
  ""functionName"": ""Feature.id""
})",,6.622529983520508,19.728276252746582,3.311264991760254,6.622529983520508,-9999,27.94063593341322,9,"{""type"":""Point"",""coordinates"":[80.2024790290907,33.04486542303311]}"
447,131.11242399389408,212,0,0.07305669199298656,-0.1539912005028284,"NL_ee.String({
  ""type"": ""Invocation"",
  ""arguments"": {
    ""element"": {
      ""type"": ""ArgumentRef"",
      ""value"": ""_MAPPING_VAR_0_0""
    }
  },
  ""functionName"": ""Feature.id""
})",,8.444821953773499,199.94591677188873,0.0,1.058125615119934,-9999,1.4102648604390418,7,"{""type"":""Point"",""coordinates"":[75.6344323751524,29.22156025853049]}"
448,354.5714254037861,4740,0,0.02425876010781671,-0.02911306702775897,"NL_ee.String({
  ""type"": ""Invocation"",
  ""arguments"": {
    ""element"": {
      ""type"": ""ArgumentRef"",
      ""value"": ""_MAPPING_VAR_0_0""
    }
  },
  ""functionName"": ""Feature.id""
})",,0.0,2.7724497318267822,0.0,0.0,-9999,46.142147797790635,9,"{""type"":""Point"",""coordinates"":[77.99866842891213,34.70441934437098]}"
449,185.3062149148826,3707,0,-0.04156790194831474,0.06995792426367461,"NL_ee.String({
  ""type"": ""Invocation"",
  ""arguments"": {
    ""element"": {
      ""type"": ""ArgumentRef"",
      ""value"": ""_MAPPING_VAR_0_0""
    }
  },
  ""functionName"": ""Feature.id""
})",,15.934863090515137,273.0970335006714,0.0,7.967431545257568,-9999,11.933660712143157,9,"{""type"":""Point"",""coordinates"":[76.05499812914331,34.08283747200807]}"
450,180.0,204,0,0.7996146435452793,-0.6978388204403151,"NL_ee.String({
  ""type"": ""Invocation"",
  ""arguments"": {
    ""element"": {
      ""type"": ""ArgumentRef"",
      ""value"": ""_MAPPING_VAR_0_0""
    }
  },
  ""functionName"": ""Feature.id""
})",,109.33967590332031,333.5471577644348,31.722883224487305,40.76275825500488,-9999,0.9274099368670311,7,"{""type"":""Point"",""coordinates"":[78.13903499268656,28.480275531866166]}"
451,101.84631935588483,5165,0,0.2990586531498914,-0.37366003062787134,"NL_ee.String({
  ""type"": ""Invocation"",
  ""arguments"": {
    ""element"": {
      ""type"": ""ArgumentRef"",
      ""value"": ""_MAPPING_VAR_0_0""
    }
  },
  ""functionName"": ""Feature.id""
})",,0.0,19.039649963378906,0.0,0.0,-9999,8.962211217194284,7,"{""type"":""Point"",""coordinates"":[80.28408793853404,32.96325921833265]}"
452,145.4847512130991,455,0,0.7744759883258159,-0.6272506082725061,"NL_ee.String({
  ""type"": ""Invocation"",
  ""arguments"": {
    ""element"": {
      ""type"": ""ArgumentRef"",
      ""value"": ""_MAPPING_VAR_0_0""
    }
  },
  ""functionName"": ""Feature.id""
})",,438.07093048095703,744.9985065460205,85.43499755859375,277.50260162353516,-9999,13.265336055974618,7,"{""type"":""Point"",""coordinates"":[76.135124535961,31.975723165066263]}"
453,123.39670368994432,1950,0,0.04918032786885246,-0.0049586776859504135,"NL_ee.String({
  ""type"": ""Invocation"",
  ""arguments"": {
    ""element"": {
      ""type"": ""ArgumentRef"",
      ""value"": ""_MAPPING_VAR_0_0""
    }
  },
  ""functionName"": ""Feature.id""
})",,367.18836975097656,584.2057456970215,122.16127395629883,232.02900314331055,-9999,34.0748519207327,4,"{""type"":""Point"",""coordinates"":[78.17589466510455,30.68906571276154]}"
454,149.71835624118597,198,0,0.7805800756620429,-0.7001806140878989,"NL_ee.String({
  ""type"": ""Invocation"",
  ""arguments"": {
    ""element"": {
      ""type"": ""ArgumentRef"",
      ""value"": ""_MAPPING_VAR_0_0""
    }
  },
  ""functionName"": ""Feature.id""
})",,8.229133605957031,159.15568733215332,0.0,8.229133605957031,-9999,2.1470652155380336,7,"{""type"":""Point"",""coordinates"":[73.99104599516413,31.098922508611707]}"
455,-0.0,219,0,0.8329691672736101,-0.7288756583466911,"NL_ee.String({
  ""type"": ""Invocation"",
  ""arguments"": {
    ""element"": {
      ""type"": ""ArgumentRef"",
      ""value"": ""_MAPPING_VAR_0_0""
    }
  },
  ""functionName"": ""Feature.id""
})",,0.9062713384628296,139.4898408651352,0.9062713384628296,0.9062713384628296,-9999,2.7802885155465065,7,"{""type"":""Point"",""coordinates"":[75.635517744174,29.61470407681368]}"
456,286.35555515560213,288,0,0.22413466994514847,-0.33250977969940293,"NL_ee.String({
  ""type"": ""Invocation"",
  ""arguments"": {
    ""element"": {
      ""type"": ""ArgumentRef"",
      ""value"": ""_MAPPING_VAR_0_0""
    }
  },
  ""functionName"": ""Feature.id""
})",,0.0,205.42160511016846,0.0,0.0,-9999,3.2900583645070385,6,"{""type"":""Point"",""coordinates"":[74.81925616432213,28.306980911511257]}"
457,182.79202895956175,1706,0,0.39570552147239263,-0.3027916964924839,"NL_ee.String({
  ""type"": ""Invocation"",
  ""arguments"": {
    ""element"": {
      ""type"": ""ArgumentRef"",
      ""value"": ""_MAPPING_VAR_0_0""
    }
  },
  ""functionName"": ""Feature.id""
})",,129.09708070755005,317.60725450515747,34.21097946166992,81.08839082717896,-9999,38.45461660002198,7,"{""type"":""Point"",""coordinates"":[75.18292793744646,33.182045060906816]}"
458,180.0,222,0,0.790633608815427,-0.7071569271175312,"NL_ee.String({
  ""type"": ""Invocation"",
  ""arguments"": {
    ""element"": {
      ""type"": ""ArgumentRef"",
      ""value"": ""_MAPPING_VAR_0_0""
    }
  },
  ""functionName"": ""Feature.id""
})",,61.18781280517578,225.04332733154297,10.223001480102539,24.07677459716797,-9999,2.7802885155287553,7,"{""type"":""Point"",""coordinates"":[77.49701312414467,28.833149578760324]}"
459,103.57362397895572,4033,0,0.15711739241151007,-0.22084900591080064,"NL_ee.String({
  ""type"": ""Invocation"",
  ""arguments"": {
    ""element"": {
      ""type"": ""ArgumentRef"",
      ""value"": ""_MAPPING_VAR_0_0""
    }
  },
  ""functionName"": ""Feature.id""
})",,84.09028148651123,84.09028148651123,62.18909454345703,72.5539436340332,-9999,15.42391533275316,9,"{""type"":""Point"",""coordinates"":[77.6113588578672,32.32452845979786]}"
460,170.38565168097776,3653,0,0.02864337425243941,-0.11956149366221308,"NL_ee.String({
  ""type"": ""Invocation"",
  ""arguments"": {
    ""element"": {
      ""type"": ""ArgumentRef"",
      ""value"": ""_MAPPING_VAR_0_0""
    }
  },
  ""functionName"": ""Feature.id""
})",,0.0,3.8339695930480957,0.0,0.0,-9999,69.62569358429535,9,"{""type"":""Point"",""coordinates"":[76.92827296849309,34.11521151244886]}"
461,79.14710888446473,5309,0,0.10486891385767791,-0.22406639004149378,"NL_ee.String({
  ""type"": ""Invocation"",
  ""arguments"": {
    ""element"": {
      ""type"": ""ArgumentRef"",
      ""value"": ""_MAPPING_VAR_0_0""
    }
  },
  ""functionName"": ""Feature.id""
})",,5.501094341278076,22.99353265762329,5.501094341278076,5.501094341278076,-9999,27.286527052090943,9,"{""type"":""Point"",""coordinates"":[81.27481969276974,33.82156291133991]}"
462,180.0,246,0,0.4570268074735987,-0.4497251859036534,"NL_ee.String({
  ""type"": ""Invocation"",
  ""arguments"": {
    ""element"": {
      ""type"": ""ArgumentRef"",
      ""value"": ""_MAPPING_VAR_0_0""
    }
  },
  ""functionName"": ""Feature.id""
})",,1.9933335781097412,164.9467990398407,0.0,1.9933335781097412,-9999,1.8543341688295631,9,"{""type"":""Point"",""coordinates"":[74.53022587342102,28.493146792535825]}"
463,335.33031089371235,237,0,0.25854214123006836,-0.21696035242290748,"NL_ee.String({
  ""type"": ""Invocation"",
  ""arguments"": {
    ""element"": {
      ""type"": ""ArgumentRef"",
      ""value"": ""_MAPPING_VAR_0_0""
    }
  },
  ""functionName"": ""Feature.id""
})",,65.93380165100098,237.01930046081543,19.799945831298828,19.799945831298828,-9999,5.089800114275557,,"{""type"":""Point"",""coordinates"":[77.1405457272682,29.439360722413845]}"
464,119.42904488055323,4764,0,0.1433389544688027,-0.29512893982808025,"NL_ee.String({
  ""type"": ""Invocation"",
  ""arguments"": {
    ""element"": {
      ""type"": ""ArgumentRef"",
      ""value"": ""_MAPPING_VAR_0_0""
    }
  },
  ""functionName"": ""Feature.id""
})",,9.312973976135254,34.129252433776855,9.312973976135254,9.312973976135254,-9999,14.765455203179513,9,"{""type"":""Point"",""coordinates"":[78.61371735350218,32.19850886206814]}"
465,-0.0,171,0,0.4335289614697627,-0.43646126310406547,"NL_ee.String({
  ""type"": ""Invocation"",
  ""arguments"": {
    ""element"": {
      ""type"": ""ArgumentRef"",
      ""value"": ""_MAPPING_VAR_0_0""
    }
  },
  ""functionName"": ""Feature.id""
})",,285.7520923614502,472.74002170562744,67.10446357727051,156.88409996032715,-9999,0.0,7,"{""type"":""Point"",""coordinates"":[81.10717536279577,28.619951635661746]}"
466,140.72722811011792,4623,0,0.015741833923652106,0.023704450888916907,"NL_ee.String({
  ""type"": ""Invocation"",
  ""arguments"": {
    ""element"": {
      ""type"": ""ArgumentRef"",
      ""value"": ""_MAPPING_VAR_0_0""
    }
  },
  ""functionName"": ""Feature.id""
})",,162.54632377624512,185.24655723571777,104.05753517150879,118.92289733886719,-9999,28.531869321861922,7,"{""type"":""Point"",""coordinates"":[77.37059272114328,32.15005056491383]}"
467,270.0,185,0,0.8475021910604733,-0.7955706984667802,"NL_ee.String({
  ""type"": ""Invocation"",
  ""arguments"": {
    ""element"": {
      ""type"": ""ArgumentRef"",
      ""value"": ""_MAPPING_VAR_0_0""
    }
  },
  ""functionName"": ""Feature.id""
})",,0.0,112.14860010147095,0.0,0.0,-9999,1.0783526586469458,7,"{""type"":""Point"",""coordinates"":[74.0848012049808,30.683677667231052]}"
468,97.33582235657845,1372,0,0.8284132841328413,-0.7234782608695652,"NL_ee.String({
  ""type"": ""Invocation"",
  ""arguments"": {
    ""element"": {
      ""type"": ""ArgumentRef"",
      ""value"": ""_MAPPING_VAR_0_0""
    }
  },
  ""functionName"": ""Feature.id""
})",,340.72571563720703,506.20829820632935,87.4245662689209,227.5858554840088,-9999,41.5875974058531,4,"{""type"":""Point"",""coordinates"":[78.40530035303817,30.187229006334306]}"
469,131.4814875083648,1662,0,0.2139240506329114,-0.25154975530179446,"NL_ee.String({
  ""type"": ""Invocation"",
  ""arguments"": {
    ""element"": {
      ""type"": ""ArgumentRef"",
      ""value"": ""_MAPPING_VAR_0_0""
    }
  },
  ""functionName"": ""Feature.id""
})",,245.30988311767578,353.73549365997314,58.9741096496582,160.5989990234375,-9999,38.885576472510124,7,"{""type"":""Point"",""coordinates"":[77.42527012890336,30.978926206764804]}"
470,191.6831255533935,2070,0,0.6200808338651351,-0.5105117017056724,"NL_ee.String({
  ""type"": ""Invocation"",
  ""arguments"": {
    ""element"": {
      ""type"": ""ArgumentRef"",
      ""value"": ""_MAPPING_VAR_0_0""
    }
  },
  ""functionName"": ""Feature.id""
})",,266.0451126098633,421.03574562072754,89.0962142944336,198.46865844726562,-9999,37.24902646953469,7,"{""type"":""Point"",""coordinates"":[76.24124434850657,32.74970054692266]}"
471,229.09803891989273,227,0,0.330379746835443,-0.2534287418008348,"NL_ee.String({
  ""type"": ""Invocation"",
  ""arguments"": {
    ""element"": {
      ""type"": ""ArgumentRef"",
      ""value"": ""_MAPPING_VAR_0_0""
    }
  },
  ""functionName"": ""Feature.id""
})",,0.0,106.83966016769409,0.0,0.0,-9999,1.4162327769674705,7,"{""type"":""Point"",""coordinates"":[75.72668048080519,29.969939111904733]}"
472,257.62811506412135,1945,0,0.5123255123255124,-0.46153846153846156,"NL_ee.String({
  ""type"": ""Invocation"",
  ""arguments"": {
    ""element"": {
      ""type"": ""ArgumentRef"",
      ""value"": ""_MAPPING_VAR_0_0""
    }
  },
  ""functionName"": ""Feature.id""
})",,309.92472982406616,476.3129096031189,86.69686889648438,180.15336799621582,-9999,52.096779664449514,4,"{""type"":""Point"",""coordinates"":[78.51174195330671,30.174894473418544]}"
473,29.34946709640438,5756,0,0.10642895732036736,-0.2603076923076923,"NL_ee.String({
  ""type"": ""Invocation"",
  ""arguments"": {
    ""element"": {
      ""type"": ""ArgumentRef"",
      ""value"": ""_MAPPING_VAR_0_0""
    }
  },
  ""functionName"": ""Feature.id""
})",,0.7185418009757996,0.7185418009757996,0.7185418009757996,0.7185418009757996,-9999,30.72249054248526,9,"{""type"":""Point"",""coordinates"":[79.2766459153353,33.5279828871928]}"
474,276.7218881121547,1926,0,0.7688764269977969,-0.6385899814471243,"NL_ee.String({
  ""type"": ""Invocation"",
  ""arguments"": {
    ""element"": {
      ""type"": ""ArgumentRef"",
      ""value"": ""_MAPPING_VAR_0_0""
    }
  },
  ""functionName"": ""Feature.id""
})",,300.3598299026489,448.25746059417725,73.61170101165771,179.6761713027954,-9999,39.685429013029655,7,"{""type"":""Point"",""coordinates"":[78.50041770197028,30.196139582276974]}"
475,203.88643380623387,5829,0,0.023219205037386857,-0.003861003861003861,"NL_ee.String({
  ""type"": ""Invocation"",
  ""arguments"": {
    ""element"": {
      ""type"": ""ArgumentRef"",
      ""value"": ""_MAPPING_VAR_0_0""
    }
  },
  ""functionName"": ""Feature.id""
})",,21.484543085098267,86.88736653327942,12.242802619934082,15.303503274917603,-9999,27.17686338135165,9,"{""type"":""Point"",""coordinates"":[81.19997834702824,31.073123504122098]}"
476,180.0,288,0,0.565402339595888,-0.49138804457953394,"NL_ee.String({
  ""type"": ""Invocation"",
  ""arguments"": {
    ""element"": {
      ""type"": ""ArgumentRef"",
      ""value"": ""_MAPPING_VAR_0_0""
    }
  },
  ""functionName"": ""Feature.id""
})",,245.75027084350586,560.3495540618896,57.18230056762695,162.79393577575684,-9999,0.9274099368611016,7,"{""type"":""Point"",""coordinates"":[77.7315124152275,29.980533449693443]}"
477,292.7297320745629,718,0,0.7687175685693106,-0.6767392832044975,"NL_ee.String({
  ""type"": ""Invocation"",
  ""arguments"": {
    ""element"": {
      ""type"": ""ArgumentRef"",
      ""value"": ""_MAPPING_VAR_0_0""
    }
  },
  ""functionName"": ""Feature.id""
})",,168.83465385437012,480.1993579864502,55.092323303222656,55.092323303222656,-9999,4.789679218139326,7,"{""type"":""Point"",""coordinates"":[74.00014794525872,33.08734562177798]}"
478,177.68098268503257,5764,0,-0.04550418638514744,0.05683453237410072,"NL_ee.String({
  ""type"": ""Invocation"",
  ""arguments"": {
    ""element"": {
      ""type"": ""ArgumentRef"",
      ""value"": ""_MAPPING_VAR_0_0""
    }
  },
  ""functionName"": ""Feature.id""
})",,72.52156257629395,109.88673210144043,49.39896011352539,72.52156257629395,-9999,55.25741541015198,,"{""type"":""Point"",""coordinates"":[76.29384256770568,33.65771934538854]}"
479,138.260822172964,4125,0,0.08860759493670886,-0.12850678733031673,"NL_ee.String({
  ""type"": ""Invocation"",
  ""arguments"": {
    ""element"": {
      ""type"": ""ArgumentRef"",
      ""value"": ""_MAPPING_VAR_0_0""
    }
  },
  ""functionName"": ""Feature.id""
})",,28.248408317565918,101.26372814178467,15.578084945678711,21.913246631622314,-9999,48.985663700328125,9,"{""type"":""Point"",""coordinates"":[75.4012934866143,34.43549990476723]}"
480,161.30553741207538,4020,0,0.0766762913057427,-0.1850282485875706,"NL_ee.String({
  ""type"": ""Invocation"",
  ""arguments"": {
    ""element"": {
      ""type"": ""ArgumentRef"",
      ""value"": ""_MAPPING_VAR_0_0""
    }
  },
  ""functionName"": ""Feature.id""
})",,0.0,11.259960412979126,0.0,0.0,-9999,38.77146881176396,9,"{""type"":""Point"",""coordinates"":[77.24855689756407,35.17193861338319]}"
481,49.24972114168325,273,0,0.6716521739130434,-0.5639440286365116,"NL_ee.String({
  ""type"": ""Invocation"",
  ""arguments"": {
    ""element"": {
      ""type"": ""ArgumentRef"",
      ""value"": ""_MAPPING_VAR_0_0""
    }
  },
  ""functionName"": ""Feature.id""
})",,117.53020572662354,269.32744312286377,0.0,64.50979042053223,-9999,1.4205772297814232,7,"{""type"":""Point"",""coordinates"":[76.63950835029993,30.49606977642028]}"
482,174.7081651624261,3646,0,-0.05555555555555555,0.08341810783316378,"NL_ee.String({
  ""type"": ""Invocation"",
  ""arguments"": {
    ""element"": {
      ""type"": ""ArgumentRef"",
      ""value"": ""_MAPPING_VAR_0_0""
    }
  },
  ""functionName"": ""Feature.id""
})",,385.48575592041016,538.2618370056152,202.84915924072266,339.4104232788086,-9999,39.66246995923605,7,"{""type"":""Point"",""coordinates"":[76.81925428221464,32.1372134697373]}"
483,90.0,210,0,0.3945793734600493,-0.3733102253032929,"NL_ee.String({
  ""type"": ""Invocation"",
  ""arguments"": {
    ""element"": {
      ""type"": ""ArgumentRef"",
      ""value"": ""_MAPPING_VAR_0_0""
    }
  },
  ""functionName"": ""Feature.id""
})",,239.29921579360962,386.75806760787964,69.11338424682617,118.98956155776978,-9999,1.0597946011891772,7,"{""type"":""Point"",""coordinates"":[80.27860478358619,28.947877795644793]}"
484,290.0428216537302,3776,0,0.04065998821449617,0.007307476110174255,"NL_ee.String({
  ""type"": ""Invocation"",
  ""arguments"": {
    ""element"": {
      ""type"": ""ArgumentRef"",
      ""value"": ""_MAPPING_VAR_0_0""
    }
  },
  ""functionName"": ""Feature.id""
})",,178.13514709472656,654.6348495483398,64.72083282470703,82.29745101928711,-9999,18.295450795372645,7,"{""type"":""Point"",""coordinates"":[74.55390946580161,33.50189415167414]}"
485,312.9016044401863,1030,0,0.7492270697354861,-0.6415215989684074,"NL_ee.String({
  ""type"": ""Invocation"",
  ""arguments"": {
    ""element"": {
      ""type"": ""ArgumentRef"",
      ""value"": ""_MAPPING_VAR_0_0""
    }
  },
  ""functionName"": ""Feature.id""
})",,160.53571939468384,313.3698401451111,45.322078704833984,84.33067226409912,-9999,19.631026871831963,7,"{""type"":""Point"",""coordinates"":[79.30911720467586,29.84744692017318]}"
486,320.1903718510617,765,0,0.9090285714285714,-0.753884922301554,"NL_ee.String({
  ""type"": ""Invocation"",
  ""arguments"": {
    ""element"": {
      ""type"": ""ArgumentRef"",
      ""value"": ""_MAPPING_VAR_0_0""
    }
  },
  ""functionName"": ""Feature.id""
})",,290.0088138580322,476.01819229125977,66.0461483001709,148.00896549224854,-9999,31.429809596921935,4,"{""type"":""Point"",""coordinates"":[78.97352332236198,29.675892436120165]}"
487,229.14767188058096,225,0,0.6079077429983526,-0.5345911949685535,"NL_ee.String({
  ""type"": ""Invocation"",
  ""arguments"": {
    ""element"": {
      ""type"": ""ArgumentRef"",
      ""value"": ""_MAPPING_VAR_0_0""
    }
  },
  ""functionName"": ""Feature.id""
})",,0.0,113.68824768066406,0.0,0.0,-9999,1.4176503345455262,7,"{""type"":""Point"",""coordinates"":[75.67543439029048,30.143252864249583]}"
488,246.20408022700502,226,0,0.02241297091082499,0.02010968921389397,"NL_ee.String({
  ""type"": ""Invocation"",
  ""arguments"": {
    ""element"": {
      ""type"": ""ArgumentRef"",
      ""value"": ""_MAPPING_VAR_0_0""
    }
  },
  ""functionName"": ""Feature.id""
})",,0.0,158.15415048599243,0.0,0.0,-9999,2.2974954356852466,6,"{""type"":""Point"",""coordinates"":[73.64847406273238,28.12335146714571]}"
489,-0.0,241,0,0.6031168831168832,-0.5097847358121331,"NL_ee.String({
  ""type"": ""Invocation"",
  ""arguments"": {
    ""element"": {
      ""type"": ""ArgumentRef"",
      ""value"": ""_MAPPING_VAR_0_0""
    }
  },
  ""functionName"": ""Feature.id""
})",,29.768815994262695,206.53821754455566,0.0,0.0,-9999,0.0,7,"{""type"":""Point"",""coordinates"":[75.74632971825704,31.25323268677871]}"
490,-0.0,177,0,0.6642794759825328,-0.5975855130784709,"NL_ee.String({
  ""type"": ""Invocation"",
  ""arguments"": {
    ""element"": {
      ""type"": ""ArgumentRef"",
      ""value"": ""_MAPPING_VAR_0_0""
    }
  },
  ""functionName"": ""Feature.id""
})",,0.0,126.83564949035645,0.0,0.0,-9999,0.9274099368611016,7,"{""type"":""Point"",""coordinates"":[73.92326291768832,29.75713904805875]}"
491,29.58109786481546,166,0,0.1325811001410437,-0.09400544959128065,"NL_ee.String({
  ""type"": ""Invocation"",
  ""arguments"": {
    ""element"": {
      ""type"": ""ArgumentRef"",
      ""value"": ""_MAPPING_VAR_0_0""
    }
  },
  ""functionName"": ""Feature.id""
})",,106.08733654022217,254.1271152496338,22.423046112060547,33.57510566711426,-9999,4.2581469540348325,7,"{""type"":""Point"",""coordinates"":[79.20950614371588,28.256766872140425]}"
492,102.8504131642425,4719,0,0.019133937562940583,-0.05636743215031315,"NL_ee.String({
  ""type"": ""Invocation"",
  ""arguments"": {
    ""element"": {
      ""type"": ""ArgumentRef"",
      ""value"": ""_MAPPING_VAR_0_0""
    }
  },
  ""functionName"": ""Feature.id""
})",,37.70602798461914,66.0002965927124,37.70602798461914,37.70602798461914,-9999,41.1344712564486,9,"{""type"":""Point"",""coordinates"":[79.58893908414267,31.190553456223125]}"
493,180.0,283,0,0.2621951219512195,-0.1951501154734411,"NL_ee.String({
  ""type"": ""Invocation"",
  ""arguments"": {
    ""element"": {
      ""type"": ""ArgumentRef"",
      ""value"": ""_MAPPING_VAR_0_0""
    }
  },
  ""functionName"": ""Feature.id""
})",,192.7442283630371,425.200834274292,39.68486404418945,110.29838180541992,-9999,0.9274099368729609,7,"{""type"":""Point"",""coordinates"":[74.88931566291959,32.585113605896815]}"
494,296.49621589261466,4973,0,0.14302191464821223,-0.28118939883645766,"NL_ee.String({
  ""type"": ""Invocation"",
  ""arguments"": {
    ""element"": {
      ""type"": ""ArgumentRef"",
      ""value"": ""_MAPPING_VAR_0_0""
    }
  },
  ""functionName"": ""Feature.id""
})",,8.846933126449585,8.846933126449585,0.0,3.7933261394500732,-9999,30.137164174949135,9,"{""type"":""Point"",""coordinates"":[80.15102774754095,32.73114370007697]}"
495,258.7232609795834,1577,0,0.8085470085470086,-0.6309182999339352,"NL_ee.String({
  ""type"": ""Invocation"",
  ""arguments"": {
    ""element"": {
      ""type"": ""ArgumentRef"",
      ""value"": ""_MAPPING_VAR_0_0""
    }
  },
  ""functionName"": ""Feature.id""
})",,131.61613750457764,260.9288034439087,40.082356452941895,95.72546482086182,-9999,22.485045969699016,7,"{""type"":""Point"",""coordinates"":[75.48825881091325,33.125929588944814]}"
496,113.64537018398057,3935,0,0.7506420733130983,-0.6906426155580608,"NL_ee.String({
  ""type"": ""Invocation"",
  ""arguments"": {
    ""element"": {
      ""type"": ""ArgumentRef"",
      ""value"": ""_MAPPING_VAR_0_0""
    }
  },
  ""functionName"": ""Feature.id""
})",,8.196452617645264,8.196452617645264,4.567636013031006,4.567636013031006,-9999,17.894646842674938,9,"{""type"":""Point"",""coordinates"":[74.95473463656474,34.821493237595305]}"
497,310.85671624223096,431,0,0.5850847457627119,-0.5181818181818182,"NL_ee.String({
  ""type"": ""Invocation"",
  ""arguments"": {
    ""element"": {
      ""type"": ""ArgumentRef"",
      ""value"": ""_MAPPING_VAR_0_0""
    }
  },
  ""functionName"": ""Feature.id""
})",,349.0376672744751,601.0981016159058,92.87411880493164,232.61329650878906,-9999,1.4175248490222112,7,"{""type"":""Point"",""coordinates"":[78.10926093625025,30.128226066913086]}"
498,303.3217724234242,5288,0,-0.02696078431372549,0.019147621988882025,"NL_ee.String({
  ""type"": ""Invocation"",
  ""arguments"": {
    ""element"": {
      ""type"": ""ArgumentRef"",
      ""value"": ""_MAPPING_VAR_0_0""
    }
  },
  ""functionName"": ""Feature.id""
})",,0.0,0.0,0.0,0.0,-9999,26.60858234634984,9,"{""type"":""Point"",""coordinates"":[78.694468514291,31.703471442310107]}"
499,261.02181833770345,1105,0,0.3552662721893491,-0.33816312222481887,"NL_ee.String({
  ""type"": ""Invocation"",
  ""arguments"": {
    ""element"": {
      ""type"": ""ArgumentRef"",
      ""value"": ""_MAPPING_VAR_0_0""
    }
  },
  ""functionName"": ""Feature.id""
})",,172.48408889770508,330.11804389953613,60.713701248168945,97.77708053588867,-9999,31.897052666772385,7,"{""type"":""Point"",""coordinates"":[79.99104579515512,29.661057271588593]}"
500,135.675806291986,547,0,0.27234927234927236,-0.2037765538945712,"NL_ee.String({
  ""type"": ""Invocation"",
  ""arguments"": {
    ""element"": {
      ""type"": ""ArgumentRef"",
      ""value"": ""_MAPPING_VAR_0_0""
    }
  },
  ""functionName"": ""Feature.id""
})",,265.39385986328125,392.81773567199707,62.52079772949219,154.16711044311523,-9999,7.73154105699297,4,"{""type"":""Point"",""coordinates"":[76.82995497718629,31.435502107119063]}"
501,7.837143657768995,4644,0,0.42585551330798477,-0.4553686934023286,"NL_ee.String({
  ""type"": ""Invocation"",
  ""arguments"": {
    ""element"": {
      ""type"": ""ArgumentRef"",
      ""value"": ""_MAPPING_VAR_0_0""
    }
  },
  ""functionName"": ""Feature.id""
})",,34.634010314941406,34.634010314941406,34.634010314941406,34.634010314941406,-9999,29.055387670971562,9,"{""type"":""Point"",""coordinates"":[79.13510570689567,31.270931407859525]}"
502,270.0,199,0,0.4949880668257757,-0.539066339066339,"NL_ee.String({
  ""type"": ""Invocation"",
  ""arguments"": {
    ""element"": {
      ""type"": ""ArgumentRef"",
      ""value"": ""_MAPPING_VAR_0_0""
    }
  },
  ""functionName"": ""Feature.id""
})",,14.012344360351562,213.71489810943604,6.586455821990967,14.012344360351562,-9999,5.413402894347334,7,"{""type"":""Point"",""coordinates"":[73.98881700633594,31.338400139981676]}"
503,338.17108639186057,4973,0,-0.03457330415754924,0.011205737337516808,"NL_ee.String({
  ""type"": ""Invocation"",
  ""arguments"": {
    ""element"": {
      ""type"": ""ArgumentRef"",
      ""value"": ""_MAPPING_VAR_0_0""
    }
  },
  ""functionName"": ""Feature.id""
})",,4.480828642845154,45.49288308620453,4.480828642845154,4.480828642845154,-9999,32.11945412976699,9,"{""type"":""Point"",""coordinates"":[76.74009372598951,33.67707917500628]}"
504,180.0,4741,0,0.07568052647322764,-0.1899404367968233,"NL_ee.String({
  ""type"": ""Invocation"",
  ""arguments"": {
    ""element"": {
      ""type"": ""ArgumentRef"",
      ""value"": ""_MAPPING_VAR_0_0""
    }
  },
  ""functionName"": ""Feature.id""
})",,11.158672332763672,43.454734802246094,0.0,11.158672332763672,-9999,0.9274099368611016,9,"{""type"":""Point"",""coordinates"":[80.67773365832556,33.582971660500654]}"
505,73.6490962646712,258,0,0.662674004532211,-0.5822550831792976,"NL_ee.String({
  ""type"": ""Invocation"",
  ""arguments"": {
    ""element"": {
      ""type"": ""ArgumentRef"",
      ""value"": ""_MAPPING_VAR_0_0""
    }
  },
  ""functionName"": ""Feature.id""
})",,18.791854858398438,155.50894451141357,0.0,0.0,-9999,3.2909667450255484,4,"{""type"":""Point"",""coordinates"":[76.11412468987585,28.33897021358048]}"
506,49.193863928907206,197,0,0.35157894736842105,-0.3776824034334764,"NL_ee.String({
  ""type"": ""Invocation"",
  ""arguments"": {
    ""element"": {
      ""type"": ""ArgumentRef"",
      ""value"": ""_MAPPING_VAR_0_0""
    }
  },
  ""functionName"": ""Feature.id""
})",,0.0,170.41744422912598,0.0,0.0,-9999,1.4189731253564257,7,"{""type"":""Point"",""coordinates"":[74.57499246299692,30.303506711808616]}"
507,41.064648265479164,5501,0,0.030700241462573302,-0.13871951219512196,"NL_ee.String({
  ""type"": ""Invocation"",
  ""arguments"": {
    ""element"": {
      ""type"": ""ArgumentRef"",
      ""value"": ""_MAPPING_VAR_0_0""
    }
  },
  ""functionName"": ""Feature.id""
})",,0.0,0.0,0.0,0.0,-9999,16.729784992072048,9,"{""type"":""Point"",""coordinates"":[79.41669348933246,34.93284539113466]}"
508,90.0,162,0,0.2234891676168757,-0.24333719582850522,"NL_ee.String({
  ""type"": ""Invocation"",
  ""arguments"": {
    ""element"": {
      ""type"": ""ArgumentRef"",
      ""value"": ""_MAPPING_VAR_0_0""
    }
  },
  ""functionName"": ""Feature.id""
})",,132.51489114761353,221.27839517593384,22.811397552490234,29.299097537994385,-9999,1.0521449293795855,7,"{""type"":""Point"",""coordinates"":[79.75823839457419,28.185291770338694]}"
509,163.8949361500661,216,0,0.728088336783989,-0.6351763169351328,"NL_ee.String({
  ""type"": ""Invocation"",
  ""arguments"": {
    ""element"": {
      ""type"": ""ArgumentRef"",
      ""value"": ""_MAPPING_VAR_0_0""
    }
  },
  ""functionName"": ""Feature.id""
})",,0.0,118.44648742675781,0.0,0.0,-9999,3.8556793649108556,7,"{""type"":""Point"",""coordinates"":[75.2484078955,30.01926046076892]}"
510,97.19288607984971,3800,0,0.6094510076441974,-0.6286919831223629,"NL_ee.String({
  ""type"": ""Invocation"",
  ""arguments"": {
    ""element"": {
      ""type"": ""ArgumentRef"",
      ""value"": ""_MAPPING_VAR_0_0""
    }
  },
  ""functionName"": ""Feature.id""
})",,1.9959439039230347,1.9959439039230347,1.9959439039230347,1.9959439039230347,-9999,14.497435330493303,7,"{""type"":""Point"",""coordinates"":[75.49403260953044,34.88306110248226]}"
511,271.96698474983504,4549,0,0.04328223624887286,-0.11196540124939933,"NL_ee.String({
  ""type"": ""Invocation"",
  ""arguments"": {
    ""element"": {
      ""type"": ""ArgumentRef"",
      ""value"": ""_MAPPING_VAR_0_0""
    }
  },
  ""functionName"": ""Feature.id""
})",,0.0,60.898311614990234,0.0,0.0,-9999,43.32704334516442,9,"{""type"":""Point"",""coordinates"":[75.80704025790519,34.48709559207382]}"
512,249.14377693640535,1988,0,0.13974358974358975,-0.10537768106931925,"NL_ee.String({
  ""type"": ""Invocation"",
  ""arguments"": {
    ""element"": {
      ""type"": ""ArgumentRef"",
      ""value"": ""_MAPPING_VAR_0_0""
    }
  },
  ""functionName"": ""Feature.id""
})",,244.7307415008545,377.0976781845093,88.60842895507812,181.63806343078613,-9999,10.307872578380415,7,"{""type"":""Point"",""coordinates"":[77.63170200618886,30.993667952436454]}"
513,141.83594304750466,5847,0,-0.006717420510523959,0.023767605633802816,"NL_ee.String({
  ""type"": ""Invocation"",
  ""arguments"": {
    ""element"": {
      ""type"": ""ArgumentRef"",
      ""value"": ""_MAPPING_VAR_0_0""
    }
  },
  ""functionName"": ""Feature.id""
})",,26.306692123413086,37.06694984436035,17.172450065612793,26.306692123413086,-9999,13.877843121302526,9,"{""type"":""Point"",""coordinates"":[80.5265180991226,31.97524162982723]}"
514,193.1447632336693,4572,0,0.07674418604651163,-0.20051858254105445,"NL_ee.String({
  ""type"": ""Invocation"",
  ""arguments"": {
    ""element"": {
      ""type"": ""ArgumentRef"",
      ""value"": ""_MAPPING_VAR_0_0""
    }
  },
  ""functionName"": ""Feature.id""
})",,28.80782699584961,55.487998962402344,13.646451950073242,20.945712089538574,-9999,4.7513106654677895,9,"{""type"":""Point"",""coordinates"":[80.46434024414997,31.08329692877615]}"
515,-0.0,167,0,0.5626666666666666,-0.4709758393473486,"NL_ee.String({
  ""type"": ""Invocation"",
  ""arguments"": {
    ""element"": {
      ""type"": ""ArgumentRef"",
      ""value"": ""_MAPPING_VAR_0_0""
    }
  },
  ""functionName"": ""Feature.id""
})",,0.0,84.55649280548096,0.0,0.0,-9999,0.9274099368611016,7,"{""type"":""Point"",""coordinates"":[73.48670763671451,30.51984279647239]}"
516,165.3355542514223,1176,0,0.8076516592686536,-0.6735812133072407,"NL_ee.String({
  ""type"": ""Invocation"",
  ""arguments"": {
    ""element"": {
      ""type"": ""ArgumentRef"",
      ""value"": ""_MAPPING_VAR_0_0""
    }
  },
  ""functionName"": ""Feature.id""
})",,317.7201805114746,417.1741256713867,176.0886402130127,267.3031597137451,-9999,8.564136125217601,7,"{""type"":""Point"",""coordinates"":[76.91396894289092,31.87455029514528]}"
517,129.30723152168508,5295,0,0.09155766944114149,-0.24165915238954014,"NL_ee.String({
  ""type"": ""Invocation"",
  ""arguments"": {
    ""element"": {
      ""type"": ""ArgumentRef"",
      ""value"": ""_MAPPING_VAR_0_0""
    }
  },
  ""functionName"": ""Feature.id""
})",,0.0,0.0,0.0,0.0,-9999,2.9257018752096404,9,"{""type"":""Point"",""coordinates"":[78.7089076391651,35.04507102201683]}"
518,315.6044102354228,6015,0,-0.061813617822403515,0.06795511221945137,"NL_ee.String({
  ""type"": ""Invocation"",
  ""arguments"": {
    ""element"": {
      ""type"": ""ArgumentRef"",
      ""value"": ""_MAPPING_VAR_0_0""
    }
  },
  ""functionName"": ""Feature.id""
})",,13.356432914733887,21.616117477416992,13.356432914733887,13.356432914733887,-9999,35.080846096498256,,"{""type"":""Point"",""coordinates"":[78.39449375081492,34.54835107929314]}"
519,3.4090020454074685,3091,0,0.12783751493428913,-0.08443423319931075,"NL_ee.String({
  ""type"": ""Invocation"",
  ""arguments"": {
    ""element"": {
      ""type"": ""ArgumentRef"",
      ""value"": ""_MAPPING_VAR_0_0""
    }
  },
  ""functionName"": ""Feature.id""
})",,96.93450260162354,224.83386325836182,30.04094123840332,30.04094123840332,-9999,43.24540808637406,7,"{""type"":""Point"",""coordinates"":[80.920337707529,29.736937845145693]}"
520,203.93784721236196,1950,0,0.09221803222488859,-0.04356370782836554,"NL_ee.String({
  ""type"": ""Invocation"",
  ""arguments"": {
    ""element"": {
      ""type"": ""ArgumentRef"",
      ""value"": ""_MAPPING_VAR_0_0""
    }
  },
  ""functionName"": ""Feature.id""
})",,238.78039932250977,376.04480743408203,129.8201141357422,129.8201141357422,-9999,20.40191572132447,7,"{""type"":""Point"",""coordinates"":[78.16163198252659,30.8919876905519]}"
521,158.65306710632615,4971,0,0.06106497313141182,-0.2026578073089701,"NL_ee.String({
  ""type"": ""Invocation"",
  ""arguments"": {
    ""element"": {
      ""type"": ""ArgumentRef"",
      ""value"": ""_MAPPING_VAR_0_0""
    }
  },
  ""functionName"": ""Feature.id""
})",,21.85799789428711,21.85799789428711,21.85799789428711,21.85799789428711,-9999,20.051246495925103,9,"{""type"":""Point"",""coordinates"":[79.18675956570954,31.472510080344357]}"
522,270.0,363,0,0.8950744558991982,-0.7532852903772785,"NL_ee.String({
  ""type"": ""Invocation"",
  ""arguments"": {
    ""element"": {
      ""type"": ""ArgumentRef"",
      ""value"": ""_MAPPING_VAR_0_0""
    }
  },
  ""functionName"": ""Feature.id""
})",,199.8983154296875,361.9332194328308,0.0,129.29352569580078,-9999,1.080418405248356,4,"{""type"":""Point"",""coordinates"":[76.71025199541128,30.867793037998254]}"
523,228.63317865386088,205,0,0.32592592592592595,-0.3838422883649014,"NL_ee.String({
  ""type"": ""Invocation"",
  ""arguments"": {
    ""element"": {
      ""type"": ""ArgumentRef"",
      ""value"": ""_MAPPING_VAR_0_0""
    }
  },
  ""functionName"": ""Feature.id""
})",,0.6275961399078369,149.406676530838,0.0,0.6275961399078369,-9999,1.4031430635470226,9,"{""type"":""Point"",""coordinates"":[73.60545979919956,28.2864836163595]}"
524,30.904569153382102,4563,0,0.04714364947310039,-0.08755760368663594,"NL_ee.String({
  ""type"": ""Invocation"",
  ""arguments"": {
    ""element"": {
      ""type"": ""ArgumentRef"",
      ""value"": ""_MAPPING_VAR_0_0""
    }
  },
  ""functionName"": ""Feature.id""
})",,0.0,0.0,0.0,0.0,-9999,2.1608980523623393,9,"{""type"":""Point"",""coordinates"":[77.96520719754946,33.35424575645223]}"
525,329.6863113593389,254,0,0.7969130787977254,-0.6859756097560976,"NL_ee.String({
  ""type"": ""Invocation"",
  ""arguments"": {
    ""element"": {
      ""type"": ""ArgumentRef"",
      ""value"": ""_MAPPING_VAR_0_0""
    }
  },
  ""functionName"": ""Feature.id""
})",,115.21245574951172,294.66338634490967,0.0,53.553951263427734,-9999,4.289513585390232,7,"{""type"":""Point"",""coordinates"":[76.1053951016644,31.220757193045664]}"
526,12.446278947034626,1188,0,0.09452613369578648,-0.06147393648891552,"NL_ee.String({
  ""type"": ""Invocation"",
  ""arguments"": {
    ""element"": {
      ""type"": ""ArgumentRef"",
      ""value"": ""_MAPPING_VAR_0_0""
    }
  },
  ""functionName"": ""Feature.id""
})",,139.1396632194519,290.86620569229126,39.10713577270508,61.941261768341064,-9999,37.923442581198614,4,"{""type"":""Point"",""coordinates"":[79.74062453881332,29.81863795845572]}"
527,305.20413004635026,1294,0,0.7899045020463847,-0.6272147413182141,"NL_ee.String({
  ""type"": ""Invocation"",
  ""arguments"": {
    ""element"": {
      ""type"": ""ArgumentRef"",
      ""value"": ""_MAPPING_VAR_0_0""
    }
  },
  ""functionName"": ""Feature.id""
})",,119.77463150024414,254.15765762329102,31.59712028503418,70.1813850402832,-9999,26.813713081723883,7,"{""type"":""Point"",""coordinates"":[79.12781447807669,30.42242112482982]}"
528,231.48779986245847,5164,0,0.198989898989899,-0.24947368421052632,"NL_ee.String({
  ""type"": ""Invocation"",
  ""arguments"": {
    ""element"": {
      ""type"": ""ArgumentRef"",
      ""value"": ""_MAPPING_VAR_0_0""
    }
  },
  ""functionName"": ""Feature.id""
})",,0.0,18.933351516723633,0.0,0.0,-9999,21.303456775285884,9,"{""type"":""Point"",""coordinates"":[78.99318110264038,31.91475025224206]}"
529,188.1839853358396,5781,0,0.11128224874855602,-0.23333333333333334,"NL_ee.String({
  ""type"": ""Invocation"",
  ""arguments"": {
    ""element"": {
      ""type"": ""ArgumentRef"",
      ""value"": ""_MAPPING_VAR_0_0""
    }
  },
  ""functionName"": ""Feature.id""
})",,0.0,7.817781925201416,0.0,0.0,-9999,34.48445355697253,9,"{""type"":""Point"",""coordinates"":[78.5591909446488,34.129216275659054]}"
530,106.15688560615939,163,0,0.4496753246753247,-0.46094069529652354,"NL_ee.String({
  ""type"": ""Invocation"",
  ""arguments"": {
    ""element"": {
      ""type"": ""ArgumentRef"",
      ""value"": ""_MAPPING_VAR_0_0""
    }
  },
  ""functionName"": ""Feature.id""
})",,0.0,82.34296417236328,0.0,0.0,-9999,3.3293279130357143,6,"{""type"":""Point"",""coordinates"":[73.5207345943067,29.641937139318156]}"
531,113.09756503912445,199,0,0.5657967795669073,-0.5816040381379697,"NL_ee.String({
  ""type"": ""Invocation"",
  ""arguments"": {
    ""element"": {
      ""type"": ""ArgumentRef"",
      ""value"": ""_MAPPING_VAR_0_0""
    }
  },
  ""functionName"": ""Feature.id""
})",,21.335683345794678,215.20861291885376,7.795596122741699,15.260673999786377,-9999,2.362910332994417,7,"{""type"":""Point"",""coordinates"":[73.97007156515636,31.463369984592816]}"
532,313.40238858934606,4437,0,0.08527131782945736,-0.19658119658119658,"NL_ee.String({
  ""type"": ""Invocation"",
  ""arguments"": {
    ""element"": {
      ""type"": ""ArgumentRef"",
      ""value"": ""_MAPPING_VAR_0_0""
    }
  },
  ""functionName"": ""Feature.id""
})",,14.21947956085205,22.70732593536377,14.21947956085205,14.21947956085205,-9999,11.971159137487408,9,"{""type"":""Point"",""coordinates"":[79.17241683472639,32.79103673220763]}"
533,230.94656176468993,4892,0,-0.0026041666666666665,-0.06339657565941693,"NL_ee.String({
  ""type"": ""Invocation"",
  ""arguments"": {
    ""element"": {
      ""type"": ""ArgumentRef"",
      ""value"": ""_MAPPING_VAR_0_0""
    }
  },
  ""functionName"": ""Feature.id""
})",,7.388885259628296,22.75789475440979,3.154388666152954,3.154388666152954,-9999,31.659353173906318,9,"{""type"":""Point"",""coordinates"":[78.46596881629965,32.31347429145932]}"
534,228.96988220804806,226,0,-0.06526315789473684,0.16720257234726688,"NL_ee.String({
  ""type"": ""Invocation"",
  ""arguments"": {
    ""element"": {
      ""type"": ""ArgumentRef"",
      ""value"": ""_MAPPING_VAR_0_0""
    }
  },
  ""functionName"": ""Feature.id""
})",,200.68577766418457,439.2820692062378,45.77082443237305,83.74993133544922,-9999,2.8234657978923257,7,"{""type"":""Point"",""coordinates"":[77.99018218042023,29.516890777946674]}"
535,142.9277500274678,4117,0,0.2996207332490518,-0.31794871794871793,"NL_ee.String({
  ""type"": ""Invocation"",
  ""arguments"": {
    ""element"": {
      ""type"": ""ArgumentRef"",
      ""value"": ""_MAPPING_VAR_0_0""
    }
  },
  ""functionName"": ""Feature.id""
})",,15.666598320007324,59.41293525695801,0.0,0.0,-9999,23.076922787535516,7,"{""type"":""Point"",""coordinates"":[73.8646863299269,34.98024141124432]}"
536,62.776235194331356,5646,0,-0.12943432406519656,0.17753623188405798,"NL_ee.String({
  ""type"": ""Invocation"",
  ""arguments"": {
    ""element"": {
      ""type"": ""ArgumentRef"",
      ""value"": ""_MAPPING_VAR_0_0""
    }
  },
  ""functionName"": ""Feature.id""
})",,41.88730239868164,82.09722900390625,0.0,0.0,-9999,6.059654541306252,,"{""type"":""Point"",""coordinates"":[79.10520036422803,30.971381193818065]}"
537,193.06330855115854,797,0,0.8194945848375451,-0.6920863309352518,"NL_ee.String({
  ""type"": ""Invocation"",
  ""arguments"": {
    ""element"": {
      ""type"": ""ArgumentRef"",
      ""value"": ""_MAPPING_VAR_0_0""
    }
  },
  ""functionName"": ""Feature.id""
})",,480.561918258667,782.744462966919,138.62664413452148,331.61242294311523,-9999,4.749745746885691,4,"{""type"":""Point"",""coordinates"":[77.89869657650077,30.463876791239638]}"
538,180.0,208,0,0.028917910447761194,-0.04450757575757576,"NL_ee.String({
  ""type"": ""Invocation"",
  ""arguments"": {
    ""element"": {
      ""type"": ""ArgumentRef"",
      ""value"": ""_MAPPING_VAR_0_0""
    }
  },
  ""functionName"": ""Feature.id""
})",,9.816656589508057,147.60594034194946,0.0,1.6008505821228027,-9999,1.8543341688414132,6,"{""type"":""Point"",""coordinates"":[74.35045670401344,28.8420597748737]}"
539,90.0,193,0,0.594826015667699,-0.5719159633686479,"NL_ee.String({
  ""type"": ""Invocation"",
  ""arguments"": {
    ""element"": {
      ""type"": ""ArgumentRef"",
      ""value"": ""_MAPPING_VAR_0_0""
    }
  },
  ""functionName"": ""Feature.id""
})",,2.877403497695923,120.98127770423889,0.0,2.877403497695923,-9999,2.1231791095972907,9,"{""type"":""Point"",""coordinates"":[74.76634734015127,29.15761574311373]}"
540,21.119925895328183,212,0,0.6,-0.5306859205776173,"NL_ee.String({
  ""type"": ""Invocation"",
  ""arguments"": {
    ""element"": {
      ""type"": ""ArgumentRef"",
      ""value"": ""_MAPPING_VAR_0_0""
    }
  },
  ""functionName"": ""Feature.id""
})",,0.0,161.8393383026123,0.0,0.0,-9999,2.9801445737297447,7,"{""type"":""Point"",""coordinates"":[75.00694798788082,30.349287604294474]}"
541,152.36800934293956,3590,0,0.004825432869713313,-0.10006215040397763,"NL_ee.String({
  ""type"": ""Invocation"",
  ""arguments"": {
    ""element"": {
      ""type"": ""ArgumentRef"",
      ""value"": ""_MAPPING_VAR_0_0""
    }
  },
  ""functionName"": ""Feature.id""
})",,87.88405227661133,238.1146092414856,39.53681945800781,39.53681945800781,-9999,7.288690061123908,7,"{""type"":""Point"",""coordinates"":[74.45597314694182,35.04818852830488]}"
542,161.698450251732,4756,0,0.15316045380875204,-0.25873507297655907,"NL_ee.String({
  ""type"": ""Invocation"",
  ""arguments"": {
    ""element"": {
      ""type"": ""ArgumentRef"",
      ""value"": ""_MAPPING_VAR_0_0""
    }
  },
  ""functionName"": ""Feature.id""
})",,20.61239242553711,20.61239242553711,20.61239242553711,20.61239242553711,-9999,10.62255810393508,9,"{""type"":""Point"",""coordinates"":[77.02106013262818,34.45427572235101]}"
543,15.15524911086814,5265,0,0.0960167714884696,-0.11045029736618521,"NL_ee.String({
  ""type"": ""Invocation"",
  ""arguments"": {
    ""element"": {
      ""type"": ""ArgumentRef"",
      ""value"": ""_MAPPING_VAR_0_0""
    }
  },
  ""functionName"": ""Feature.id""
})",,0.0,0.0,0.0,0.0,-9999,31.121809424322414,9,"{""type"":""Point"",""coordinates"":[80.42041170896117,34.87050268966799]}"
544,304.70949160733153,3935,0,0.059689922480620154,-0.06298600311041991,"NL_ee.String({
  ""type"": ""Invocation"",
  ""arguments"": {
    ""element"": {
      ""type"": ""ArgumentRef"",
      ""value"": ""_MAPPING_VAR_0_0""
    }
  },
  ""functionName"": ""Feature.id""
})",,0.0,4.460778713226318,0.0,0.0,-9999,24.458880809652694,9,"{""type"":""Point"",""coordinates"":[76.65061702547948,34.65855380046099]}"
545,95.26922018071139,4821,0,0.02471169686985173,-0.048314606741573035,"NL_ee.String({
  ""type"": ""Invocation"",
  ""arguments"": {
    ""element"": {
      ""type"": ""ArgumentRef"",
      ""value"": ""_MAPPING_VAR_0_0""
    }
  },
  ""functionName"": ""Feature.id""
})",,0.0,0.0,0.0,0.0,-9999,9.99677228813249,9,"{""type"":""Point"",""coordinates"":[78.84831231560581,33.898501532615654]}"
546,338.53500657332404,5529,0,-0.01554029634983737,0.003293084522502744,"NL_ee.String({
  ""type"": ""Invocation"",
  ""arguments"": {
    ""element"": {
      ""type"": ""ArgumentRef"",
      ""value"": ""_MAPPING_VAR_0_0""
    }
  },
  ""functionName"": ""Feature.id""
})",,30.593824863433838,30.593824863433838,19.250857830047607,30.593824863433838,-9999,2.987135101268793,9,"{""type"":""Point"",""coordinates"":[80.48394507118627,32.034094169978644]}"
547,-0.0,190,0,0.7241379310344828,-0.6359918200408998,"NL_ee.String({
  ""type"": ""Invocation"",
  ""arguments"": {
    ""element"": {
      ""type"": ""ArgumentRef"",
      ""value"": ""_MAPPING_VAR_0_0""
    }
  },
  ""functionName"": ""Feature.id""
})",,4.898565769195557,137.37191247940063,0.0,0.0,-9999,0.0,7,"{""type"":""Point"",""coordinates"":[74.19932961572671,30.245351477369187]}"
548,293.20069275101315,4876,0,-0.0384180790960452,0.0780065005417118,"NL_ee.String({
  ""type"": ""Invocation"",
  ""arguments"": {
    ""element"": {
      ""type"": ""ArgumentRef"",
      ""value"": ""_MAPPING_VAR_0_0""
    }
  },
  ""functionName"": ""Feature.id""
})",,190.32435035705566,329.76046562194824,76.54010772705078,114.81016159057617,-9999,18.196981438338756,,"{""type"":""Point"",""coordinates"":[78.58751509839084,30.993006472380547]}"
549,72.65180361145147,3635,0,0.11008569545154911,-0.0945726356841079,"NL_ee.String({
  ""type"": ""Invocation"",
  ""arguments"": {
    ""element"": {
      ""type"": ""ArgumentRef"",
      ""value"": ""_MAPPING_VAR_0_0""
    }
  },
  ""functionName"": ""Feature.id""
})",,0.0,2.6772348880767822,0.0,0.0,-9999,44.33936745442919,9,"{""type"":""Point"",""coordinates"":[76.36279741062687,35.34526475528443]}"
550,302.8610534017969,256,0,0.9070866141732283,-0.815592203898051,"NL_ee.String({
  ""type"": ""Invocation"",
  ""arguments"": {
    ""element"": {
      ""type"": ""ArgumentRef"",
      ""value"": ""_MAPPING_VAR_0_0""
    }
  },
  ""functionName"": ""Feature.id""
})",,34.826645851135254,167.0192174911499,0.0,11.515616416931152,-9999,5.114375979384787,4,"{""type"":""Point"",""coordinates"":[76.14966161503962,30.538468925698538]}"
551,90.0,582,0,0.3219047619047619,-0.2774965485503912,"NL_ee.String({
  ""type"": ""Invocation"",
  ""arguments"": {
    ""element"": {
      ""type"": ""ArgumentRef"",
      ""value"": ""_MAPPING_VAR_0_0""
    }
  },
  ""functionName"": ""Feature.id""
})",,441.6905155181885,837.799877166748,82.11429405212402,368.38240242004395,-9999,1.098111657622977,4,"{""type"":""Point"",""coordinates"":[75.87459923456478,32.37948053080296]}"
552,311.088211386647,239,0,0.8011152416356877,-0.7211367673179396,"NL_ee.String({
  ""type"": ""Invocation"",
  ""arguments"": {
    ""element"": {
      ""type"": ""ArgumentRef"",
      ""value"": ""_MAPPING_VAR_0_0""
    }
  },
  ""functionName"": ""Feature.id""
})",,137.6260280609131,376.04639053344727,32.5095329284668,65.12020492553711,-9999,1.4109479078491094,7,"{""type"":""Point"",""coordinates"":[77.82953615003005,29.30899753838071]}"
553,29.679943257943012,231,0,-0.009431092181320353,0.045441219583699795,"NL_ee.String({
  ""type"": ""Invocation"",
  ""arguments"": {
    ""element"": {
      ""type"": ""ArgumentRef"",
      ""value"": ""_MAPPING_VAR_0_0""
    }
  },
  ""functionName"": ""Feature.id""
})",,4.54889440536499,135.93800687789917,4.54889440536499,4.54889440536499,-9999,2.1341085426119557,6,"{""type"":""Point"",""coordinates"":[75.3078351115836,28.681001585225236]}"
554,-0.0,232,0,0.7962003454231433,-0.6726980297547246,"NL_ee.String({
  ""type"": ""Invocation"",
  ""arguments"": {
    ""element"": {
      ""type"": ""ArgumentRef"",
      ""value"": ""_MAPPING_VAR_0_0""
    }
  },
  ""functionName"": ""Feature.id""
})",,53.42930030822754,230.3521237373352,17.68265151977539,17.68265151977539,-9999,0.0,7,"{""type"":""Point"",""coordinates"":[77.36876286232307,29.175946408720804]}"
